quality,effort,ssimulacra2_mean,ssimulacra2_p05,ssimulacra2_p25,ssimulacra2_p50,ssimulacra2_p75,ssimulacra2_p95,ssimulacra2_min,ssimulacra2_max,psnr_mean,psnr_p05,psnr_p25,psnr_p50,psnr_p75,psnr_p95,psnr_min,psnr_max,ssim_mean,ssim_p05,ssim_p25,ssim_p50,ssim_p75,ssim_p95,ssim_min,ssim_max,butteraugli_mean,butteraugli_p05,butteraugli_p25,butteraugli_p50,butteraugli_p75,butteraugli_p95,butteraugli_min,butteraugli_max,file_size_mean,file_size_p05,file_size_p25,file_size_p50,file_size_p75,file_size_p95,file_size_min,file_size_max,bits_per_pixel_mean,bits_per_pixel_p05,bits_per_pixel_p25,bits_per_pixel_p50,bits_per_pixel_p75,bits_per_pixel_p95,bits_per_pixel_min,bits_per_pixel_max,encoding_time_mean,encoding_time_p05,encoding_time_p25,encoding_time_p50,encoding_time_p75,encoding_time_p95,encoding_time_min,encoding_time_max,encoding_time_per_pixel_mean,encoding_time_per_pixel_p05,encoding_time_per_pixel_p25,encoding_time_per_pixel_p50,encoding_time_per_pixel_p75,encoding_time_per_pixel_p95,encoding_time_per_pixel_min,encoding_time_per_pixel_max,compression_ratio_mean,compression_ratio_p05,compression_ratio_p25,compression_ratio_p50,compression_ratio_p75,compression_ratio_p95,compression_ratio_min,compression_ratio_max,bits_per_ssimulacra2_per_pixel_mean,bits_per_ssimulacra2_per_pixel_p05,bits_per_ssimulacra2_per_pixel_p25,bits_per_ssimulacra2_per_pixel_p50,bits_per_ssimulacra2_per_pixel_p75,bits_per_ssimulacra2_per_pixel_p95,bits_per_ssimulacra2_per_pixel_min,bits_per_ssimulacra2_per_pixel_max,bits_per_psnr_per_pixel_mean,bits_per_psnr_per_pixel_p05,bits_per_psnr_per_pixel_p25,bits_per_psnr_per_pixel_p50,bits_per_psnr_per_pixel_p75,bits_per_psnr_per_pixel_p95,bits_per_psnr_per_pixel_min,bits_per_psnr_per_pixel_max,bits_per_ssim_per_pixel_mean,bits_per_ssim_per_pixel_p05,bits_per_ssim_per_pixel_p25,bits_per_ssim_per_pixel_p50,bits_per_ssim_per_pixel_p75,bits_per_ssim_per_pixel_p95,bits_per_ssim_per_pixel_min,bits_per_ssim_per_pixel_max,bits_per_butteraugli_per_pixel_mean,bits_per_butteraugli_per_pixel_p05,bits_per_butteraugli_per_pixel_p25,bits_per_butteraugli_per_pixel_p50,bits_per_butteraugli_per_pixel_p75,bits_per_butteraugli_per_pixel_p95,bits_per_butteraugli_per_pixel_min,bits_per_butteraugli_per_pixel_max
40,1,55.32,45.16,51.67,55.91,58.89,63.34,34.6,72.82,31.42,27,29.74,31.23,33,35.87,24.27,40.02,0.8833,0.782,0.8679,0.8917,0.9108,0.9408,0.6187,0.9751,4.714,4.151,4.429,4.64,4.934,5.421,4.037,6.315,1.944e+05,7.168e+04,1.298e+05,1.892e+05,2.349e+05,3.878e+05,37394,448199,0.5513,0.2073,0.3892,0.5211,0.6571,1.122,0.1081,1.294,0.1974,0.1642,0.1847,0.1958,0.2087,0.2382,0.1267,0.2621,6.977e-08,6.235e-08,6.646e-08,6.964e-08,7.298e-08,7.744e-08,5.261e-08,9.852e-08,26.22,15.79,20.88,23.35,29,45.01,11.8,75.89,0.01024,0.003679,0.006933,0.00959,0.0119,0.01989,0.001485,0.03133,0.0183,0.005896,0.0122,0.01677,0.0223,0.0417,0.002702,0.0533,0.6289,0.226,0.4523,0.5919,0.761,1.249,0.111,1.661,2.614,0.9764,1.798,2.488,3.155,5.089,0.4554,7.01
40,2,55.32,45.16,51.67,55.91,58.89,63.34,34.6,72.82,31.42,27,29.74,31.23,33,35.87,24.27,40.02,0.8833,0.782,0.8679,0.8917,0.9108,0.9408,0.6187,0.9751,4.714,4.151,4.429,4.64,4.934,5.421,4.037,6.315,1.944e+05,7.168e+04,1.298e+05,1.892e+05,2.349e+05,3.878e+05,37394,448199,0.5513,0.2073,0.3892,0.5211,0.6571,1.122,0.1081,1.294,0.1994,0.1667,0.1838,0.1974,0.2121,0.245,0.1326,0.2724,7.039e-08,6.173e-08,6.633e-08,7.049e-08,7.351e-08,8.067e-08,5.283e-08,8.75e-08,26.22,15.79,20.88,23.35,29,45.01,11.8,75.89,0.01024,0.003679,0.006933,0.00959,0.0119,0.01989,0.001485,0.03133,0.0183,0.005896,0.0122,0.01677,0.0223,0.0417,0.002702,0.0533,0.6289,0.226,0.4523,0.5919,0.761,1.249,0.111,1.661,2.614,0.9764,1.798,2.488,3.155,5.089,0.4554,7.01
40,3,55.32,45.16,51.67,55.91,58.89,63.34,34.6,72.82,31.42,27,29.74,31.23,33,35.87,24.27,40.02,0.8833,0.782,0.8679,0.8917,0.9108,0.9408,0.6187,0.9751,4.714,4.151,4.429,4.64,4.934,5.421,4.037,6.315,1.719e+05,5.564e+04,1.169e+05,1.673e+05,2.095e+05,3.439e+05,21990,411125,0.4877,0.1609,0.3389,0.4575,0.5911,1.003,0.0636,1.178,0.2038,0.1705,0.188,0.2,0.2178,0.261,0.1365,0.2719,7.2e-08,6.23e-08,6.786e-08,7.145e-08,7.495e-08,8.335e-08,5.246e-08,9.436e-08,30.51,17.57,23.79,26.88,33.06,53.91,13.2,101.2,0.009058,0.002959,0.005876,0.008515,0.01072,0.01795,0.0008734,0.02852,0.01622,0.004457,0.01058,0.01467,0.02001,0.03761,0.001589,0.04853,0.5565,0.1817,0.3866,0.5255,0.6786,1.145,0.0653,1.513,2.312,0.7711,1.57,2.216,2.81,4.483,0.2678,6.383
40,4,56.86,46.17,53.14,57.42,60.57,65.44,35.34,74.09,31.6,27.06,29.83,31.36,33.17,36.1,24.34,40.46,0.887,0.7977,0.8721,0.8946,0.9135,0.9427,0.6218,0.9777,4.689,4.198,4.412,4.645,4.909,5.44,3.982,6.271,1.774e+05,6.176e+04,1.226e+05,1.729e+05,2.136e+05,3.51e+05,23052,418434,0.5031,0.1786,0.3546,0.4746,0.608,1.017,0.06667,1.196,0.2242,0.1811,0.2064,0.2225,0.243,0.2741,0.1408,0.294,7.918e-08,6.916e-08,7.421e-08,7.877e-08,8.295e-08,8.988e-08,6.447e-08,9.689e-08,29.22,17.26,23.14,26.07,31.65,50.07,13.03,90.93,0.009106,0.003179,0.005984,0.008639,0.01079,0.01797,0.0008998,0.0285,0.01665,0.004884,0.01099,0.015,0.02037,0.03807,0.001648,0.04914,0.5716,0.2013,0.3995,0.5431,0.6958,1.162,0.06834,1.527,2.373,0.8338,1.632,2.288,2.895,4.63,0.2867,6.542
40,5,49.25,29.76,43.79,49.51,55.76,64.29,21.27,72.2,30.89,25.81,28.93,30.71,32.58,35.72,23.13,40.49,0.8718,0.7824,0.8489,0.8823,0.9039,0.9428,0.5638,0.9755,5.735,4.84,5.403,5.724,6.051,6.721,4.481,7.775,1.369e+05,5.224e+04,9.713e+04,1.353e+05,1.656e+05,2.432e+05,20599,309728,0.388,0.1511,0.2779,0.3803,0.4681,0.7213,0.05957,0.8957,0.9248,0.7991,0.8656,0.9082,0.9679,1.14,0.5645,1.277,3.265e-07,2.917e-07,3.161e-07,3.256e-07,3.418e-07,3.531e-07,2.785e-07,3.81e-07,36.89,22.73,29.09,33.3,40.07,58.85,18.37,109.2,0.008662,0.002741,0.005529,0.007772,0.01022,0.01722,0.0008251,0.03265,0.01315,0.004184,0.008544,0.01233,0.01554,0.0257,0.001471,0.03654,0.4502,0.1721,0.3201,0.4346,0.5289,0.8135,0.06107,1.165,2.255,0.7782,1.549,2.23,2.677,4.316,0.3287,5.792
40,6,52.61,37.04,48.28,53.36,58.48,66.19,25.22,72.82,31.05,26.06,29.12,30.87,32.7,35.89,23.14,40.48,0.8807,0.7816,0.8625,0.8909,0.9109,0.9439,0.5909,0.9756,5.568,4.55,5.27,5.551,5.884,6.295,4.233,7.209,1.397e+05,5.286e+04,1.004e+05,1.39e+05,1.681e+05,2.456e+05,21069,311411,0.3958,0.1529,0.2888,0.3912,0.4775,0.7233,0.06093,0.9006,1.492,1.294,1.41,1.474,1.558,1.764,0.8501,2.095,5.266e-07,4.959e-07,5.122e-07,5.285e-07,5.387e-07,5.629e-07,4.84e-07,5.856e-07,36.07,22.49,28.43,32.41,39.36,58.13,18.33,108,0.008059,0.002768,0.005339,0.007423,0.009434,0.01617,0.0008367,0.02857,0.01333,0.004295,0.008759,0.01252,0.01574,0.02575,0.001505,0.03666,0.4537,0.1766,0.3278,0.4436,0.531,0.815,0.06245,1.145,2.239,0.7193,1.585,2.222,2.64,4.337,0.3229,5.294
40,7,52.77,37.15,48.41,53.68,58.46,66.25,25.51,72.92,31.06,26.06,29.13,30.87,32.7,35.92,23.26,40.49,0.8809,0.7816,0.8628,0.891,0.911,0.9439,0.5914,0.9757,5.556,4.734,5.28,5.527,5.836,6.288,4.17,7.07,1.401e+05,5.308e+04,1.007e+05,1.395e+05,1.686e+05,2.468e+05,21171,312114,0.3972,0.1535,0.2911,0.3924,0.4792,0.7275,0.06123,0.9026,1.853,1.559,1.669,1.886,1.978,2.159,1.074,2.403,6.552e-07,5.664e-07,5.986e-07,6.733e-07,7e-07,7.451e-07,5.318e-07,7.647e-07,35.94,22.42,28.33,32.37,39.27,57.51,18.22,107.5,0.008049,0.002773,0.005341,0.007442,0.009434,0.01612,0.0008396,0.02853,0.01338,0.004302,0.008789,0.01255,0.01579,0.02589,0.001512,0.03689,0.4552,0.1768,0.3286,0.4455,0.5322,0.8196,0.06275,1.153,2.24,0.7295,1.585,2.187,2.629,4.262,0.3273,5.29
40,8,49.76,32.69,44.32,50.74,55.86,63.29,22.64,71.47,30.66,25.44,28.65,30.51,32.4,35.67,22.74,40.2,0.8723,0.7803,0.8503,0.8822,0.9031,0.942,0.5806,0.9748,5.862,5.167,5.613,5.896,6.122,6.549,4.952,6.916,1.275e+05,4.91e+04,9.157e+04,1.263e+05,1.526e+05,2.191e+05,19159,281543,0.3612,0.142,0.2648,0.3584,0.4318,0.6555,0.05541,0.8142,6.25,5.476,5.944,6.144,6.466,7.284,3.837,8.912,2.207e-06,2.106e-06,2.165e-06,2.204e-06,2.248e-06,2.311e-06,2.073e-06,2.39e-06,39.24,25.09,31.08,35.1,42.91,62.12,20.19,112.8,0.007914,0.002666,0.005153,0.007221,0.00922,0.01621,0.0007753,0.02961,0.01234,0.00401,0.008109,0.01156,0.01462,0.02395,0.001378,0.03252,0.4188,0.1647,0.2996,0.4099,0.4889,0.7426,0.05684,1.026,2.145,0.735,1.545,2.065,2.549,4.012,0.2744,5.373
40,9,49.77,32.71,44.34,50.76,55.86,63.28,22.74,71.47,30.66,25.44,28.65,30.51,32.41,35.67,22.74,40.2,0.8724,0.7803,0.8504,0.8822,0.9032,0.9421,0.5817,0.9748,5.784,5.166,5.547,5.772,6.058,6.39,4.952,6.916,1.275e+05,4.906e+04,9.154e+04,1.261e+05,1.525e+05,2.189e+05,19067,282967,0.3612,0.1419,0.2647,0.3576,0.4316,0.6551,0.05514,0.8183,8.806,7.589,8.406,8.651,8.968,10.15,5.386,12.4,3.11e-06,2.981e-06,3.048e-06,3.113e-06,3.161e-06,3.236e-06,2.883e-06,3.305e-06,39.26,25.1,31.1,35.07,42.67,62.32,20.2,113,0.00791,0.002658,0.005165,0.00722,0.009221,0.01619,0.0007716,0.02956,0.01234,0.003995,0.008113,0.01154,0.01462,0.02393,0.001372,0.03249,0.4188,0.1641,0.2991,0.4099,0.4886,0.7421,0.05657,1.025,2.112,0.7324,1.496,2.061,2.518,3.964,0.2731,4.779
40,10,49.76,32.74,44.33,50.74,55.83,63.25,22.65,71.47,30.66,25.44,28.65,30.51,32.4,35.66,22.74,40.2,0.8723,0.7803,0.8504,0.8822,0.9032,0.942,0.5806,0.9748,5.875,5.167,5.615,5.881,6.16,6.526,4.952,6.916,1.272e+05,4.899e+04,9.135e+04,1.259e+05,1.522e+05,2.188e+05,19072,281008,0.3603,0.1417,0.2642,0.357,0.4311,0.6539,0.05516,0.8127,6.348,5.495,6.064,6.27,6.556,7.282,3.853,8.741,2.242e-06,2.115e-06,2.193e-06,2.253e-06,2.284e-06,2.349e-06,2.067e-06,2.389e-06,39.34,25.16,31.14,35.18,43,62.31,20.24,113,0.007894,0.002658,0.005133,0.007204,0.009203,0.01616,0.0007718,0.02968,0.01231,0.003995,0.008076,0.01152,0.01459,0.02388,0.001372,0.03243,0.4178,0.1641,0.2988,0.4089,0.4878,0.7407,0.05658,1.024,2.142,0.7323,1.547,2.106,2.543,3.867,0.2731,5.178
50,1,60.46,51.34,57.37,60.93,63.83,67.54,39.9,75.42,32.11,27.74,30.5,31.89,33.62,36.5,24.88,40.88,0.896,0.8017,0.8833,0.9036,0.9217,0.9467,0.6531,0.9783,4.172,3.748,3.902,4.131,4.372,4.759,3.49,6.078,2.237e+05,7.961e+04,1.499e+05,2.188e+05,2.715e+05,4.33e+05,40692,510824,0.6345,0.2302,0.451,0.6042,0.7553,1.252,0.1177,1.504,0.2014,0.1694,0.187,0.1981,0.2156,0.2482,0.1303,0.283,7.114e-08,6.344e-08,6.751e-08,7.068e-08,7.458e-08,8.039e-08,5.693e-08,8.669e-08,22.86,13.78,18.01,20.41,25.1,40.15,10.58,67.93,0.01071,0.00385,0.00735,0.01004,0.01258,0.02061,0.00156,0.03164,0.02059,0.006437,0.01375,0.01864,0.02494,0.04565,0.002879,0.06045,0.7124,0.2554,0.5165,0.6701,0.8567,1.402,0.1203,1.876,2.655,1.003,1.864,2.485,3.165,5.079,0.4523,6.712
50,2,60.46,51.34,57.37,60.93,63.83,67.54,39.9,75.42,32.11,27.74,30.5,31.89,33.62,36.5,24.88,40.88,0.896,0.8017,0.8833,0.9036,0.9217,0.9467,0.6531,0.9783,4.172,3.748,3.902,4.131,4.372,4.759,3.49,6.078,2.237e+05,7.961e+04,1.499e+05,2.188e+05,2.715e+05,4.33e+05,40692,510824,0.6345,0.2302,0.451,0.6042,0.7553,1.252,0.1177,1.504,0.2048,0.164,0.1886,0.2001,0.2174,0.2535,0.1331,0.2931,7.23e-08,6.282e-08,6.824e-08,7.169e-08,7.537e-08,8.379e-08,5.694e-08,9.459e-08,22.86,13.78,18.01,20.41,25.1,40.15,10.58,67.93,0.01071,0.00385,0.00735,0.01004,0.01258,0.02061,0.00156,0.03164,0.02059,0.006437,0.01375,0.01864,0.02494,0.04565,0.002879,0.06045,0.7124,0.2554,0.5165,0.6701,0.8567,1.402,0.1203,1.876,2.655,1.003,1.864,2.485,3.165,5.079,0.4523,6.712
50,3,60.46,51.34,57.37,60.93,63.83,67.54,39.9,75.42,32.11,27.74,30.5,31.89,33.62,36.5,24.88,40.88,0.896,0.8017,0.8833,0.9036,0.9217,0.9467,0.6531,0.9783,4.172,3.748,3.902,4.131,4.372,4.759,3.49,6.078,2e+05,6.519e+04,1.353e+05,1.959e+05,2.418e+05,3.975e+05,25254,470858,0.5672,0.1885,0.3943,0.5365,0.6849,1.134,0.07303,1.381,0.2106,0.1731,0.1931,0.205,0.2264,0.2655,0.1394,0.3077,7.446e-08,6.388e-08,6.839e-08,7.294e-08,7.826e-08,9.195e-08,5.55e-08,9.85e-08,26.23,15.11,20.47,23.01,28.41,46.98,11.7,86.87,0.00957,0.003184,0.006348,0.009006,0.01145,0.01896,0.0009684,0.02905,0.01843,0.005151,0.01212,0.01655,0.02249,0.04133,0.001786,0.05551,0.6368,0.2112,0.4476,0.6026,0.7823,1.292,0.07465,1.722,2.373,0.7793,1.664,2.236,2.82,4.652,0.2807,6.162
50,4,61.62,52.15,58.5,62,64.88,69.39,40.52,76.17,32.25,27.79,30.57,32,33.83,36.69,24.93,41,0.8986,0.8094,0.8864,0.9055,0.9238,0.9483,0.6553,0.9792,4.187,3.74,3.916,4.132,4.407,4.784,3.579,6.065,2.055e+05,7.145e+04,1.417e+05,2.012e+05,2.459e+05,4.027e+05,26495,478060,0.583,0.2066,0.4097,0.5552,0.701,1.146,0.07662,1.398,0.2296,0.1806,0.2119,0.2261,0.2466,0.2813,0.146,0.3012,8.11e-08,6.959e-08,7.662e-08,8.049e-08,8.615e-08,9.424e-08,6.054e-08,1.082e-07,25.23,14.88,20.01,22.33,27.45,43.77,11.57,79.1,0.009661,0.003408,0.006463,0.009153,0.01158,0.01902,0.001006,0.02917,0.01887,0.005586,0.01245,0.01694,0.02282,0.04177,0.001869,0.0561,0.6526,0.2312,0.4587,0.6208,0.7976,1.294,0.07829,1.737,2.446,0.8536,1.687,2.331,2.943,4.72,0.3027,6.378
50,5,54.72,38.26,50.4,55.25,60.4,68.81,27.58,74.14,31.55,26.57,29.53,31.36,33.15,36.29,23.63,41.09,0.8859,0.788,0.8671,0.8969,0.9146,0.9476,0.5819,0.9778,5.091,4.157,4.798,5.14,5.416,5.944,3.671,6.436,1.588e+05,6.155e+04,1.142e+05,1.555e+05,1.903e+05,2.828e+05,23536,358058,0.4502,0.178,0.3244,0.4412,0.5422,0.8018,0.06807,1.036,0.9297,0.7953,0.8713,0.9289,0.9659,1.144,0.572,1.291,3.281e-07,2.933e-07,3.153e-07,3.32e-07,3.413e-07,3.559e-07,2.738e-07,3.691e-07,31.9,19.69,24.8,28.71,34.72,52.85,15.96,98.8,0.008742,0.002924,0.005872,0.008058,0.01065,0.01732,0.000918,0.03027,0.01491,0.004816,0.00981,0.01401,0.01765,0.02843,0.001661,0.04135,0.5127,0.1985,0.3637,0.4948,0.6064,0.9108,0.06961,1.296,2.334,0.7218,1.638,2.249,2.793,4.367,0.2869,6.176
50,6,57.55,44.15,53.72,58.16,62.9,69.84,30.98,74.86,31.68,26.76,29.64,31.48,33.35,36.49,23.61,41.04,0.893,0.7959,0.8791,0.9027,0.9216,0.9504,0.6141,0.9779,4.939,4.095,4.679,4.926,5.218,5.832,3.579,6.341,1.615e+05,6.213e+04,1.175e+05,1.593e+05,1.933e+05,2.865e+05,24107,359973,0.4577,0.1797,0.3357,0.4508,0.5494,0.7999,0.06972,1.041,1.503,1.299,1.412,1.493,1.575,1.801,0.8576,2.145,5.304e-07,4.904e-07,5.139e-07,5.337e-07,5.465e-07,5.698e-07,4.692e-07,5.856e-07,31.28,19.58,24.57,28.03,34.25,51.84,15.88,97.86,0.008343,0.002952,0.005622,0.007897,0.00964,0.01661,0.0009313,0.02759,0.01509,0.00491,0.009978,0.01413,0.01786,0.02853,0.001702,0.04148,0.5163,0.2024,0.3702,0.5027,0.6039,0.9031,0.07129,1.279,2.301,0.737,1.613,2.243,2.737,4.273,0.2857,6.225
50,7,57.68,44.29,53.97,58.31,62.86,69.92,31.23,75.09,31.69,26.76,29.65,31.49,33.35,36.51,23.76,41.04,0.8932,0.796,0.8792,0.9029,0.9216,0.9504,0.6145,0.9779,4.91,4.013,4.701,4.89,5.162,5.683,3.579,6.565,1.62e+05,6.266e+04,1.178e+05,1.6e+05,1.936e+05,2.867e+05,24182,360415,0.4591,0.1812,0.3382,0.4524,0.5513,0.8037,0.06993,1.042,1.86,1.573,1.69,1.883,1.99,2.215,0.9918,2.44,6.573e-07,5.708e-07,6.029e-07,6.744e-07,6.998e-07,7.371e-07,5.534e-07,7.56e-07,31.18,19.52,24.49,27.95,34.22,51.68,15.86,97.54,0.008343,0.00296,0.005645,0.007917,0.009628,0.01664,0.0009313,0.02761,0.01513,0.004972,0.01002,0.01415,0.0179,0.02861,0.001708,0.04172,0.5178,0.2049,0.3708,0.5044,0.6054,0.9051,0.07152,1.289,2.293,0.7384,1.61,2.253,2.763,4.318,0.2808,5.467
50,8,55.41,40.8,50.58,56.29,61.14,68.36,30.04,73.68,31.34,26.18,29.32,31.2,32.98,36.48,23.35,40.69,0.8864,0.7899,0.8698,0.8954,0.9157,0.9477,0.6058,0.9774,5.001,4.426,4.741,5.015,5.264,5.584,3.965,5.892,1.49e+05,5.86e+04,1.079e+05,1.466e+05,1.781e+05,2.547e+05,21949,327039,0.4223,0.1695,0.3121,0.4164,0.502,0.7274,0.06348,0.9458,6.261,5.412,5.969,6.152,6.404,7.253,3.665,8.811,2.21e-06,2.101e-06,2.159e-06,2.212e-06,2.255e-06,2.313e-06,2.081e-06,2.372e-06,33.65,21.54,26.57,30.14,36.8,55.37,17.48,102,0.008078,0.002833,0.005473,0.007625,0.00935,0.01632,0.0008616,0.02771,0.01409,0.00459,0.009287,0.01313,0.01669,0.02599,0.00156,0.03784,0.4806,0.1887,0.3465,0.4675,0.5678,0.823,0.06495,1.177,2.144,0.8069,1.479,2.082,2.555,3.811,0.3003,5.056
50,9,55.45,40.83,50.57,56.31,61.14,68.4,30.21,73.69,31.34,26.18,29.32,31.2,32.98,36.49,23.35,40.69,0.8866,0.79,0.87,0.8956,0.9158,0.9477,0.6076,0.9774,4.934,4.413,4.734,4.942,5.157,5.513,3.965,5.712,1.494e+05,5.845e+04,1.084e+05,1.473e+05,1.785e+05,2.547e+05,21752,329317,0.4234,0.169,0.3135,0.4165,0.503,0.7272,0.06291,0.9524,8.797,7.571,8.423,8.654,9.006,10.12,5.441,12.33,3.106e-06,2.962e-06,3.045e-06,3.119e-06,3.182e-06,3.24e-06,2.543e-06,3.292e-06,33.58,21.53,26.46,30.01,36.3,55.51,17.36,102.1,0.008095,0.002826,0.005472,0.007614,0.009409,0.01634,0.0008537,0.02768,0.01413,0.004578,0.009264,0.01316,0.01672,0.02602,0.001546,0.03783,0.4819,0.1883,0.3464,0.4695,0.5679,0.8239,0.06436,1.176,2.117,0.8048,1.484,2.075,2.477,3.809,0.2976,4.651
50,10,55.41,40.76,50.49,56.28,61.11,68.16,30.04,73.68,31.34,26.17,29.32,31.2,32.98,36.48,23.34,40.69,0.8864,0.7897,0.8698,0.8954,0.9158,0.9477,0.6058,0.9774,5.007,4.454,4.758,5.022,5.261,5.616,3.965,5.871,1.487e+05,5.839e+04,1.077e+05,1.464e+05,1.775e+05,2.544e+05,21751,327352,0.4212,0.1689,0.3114,0.4152,0.5007,0.7249,0.0629,0.9467,6.348,5.529,6.023,6.262,6.486,7.4,3.857,8.872,2.241e-06,2.107e-06,2.17e-06,2.251e-06,2.3e-06,2.365e-06,1.935e-06,2.464e-06,33.76,21.61,26.66,30.31,36.88,55.54,17.46,102.1,0.008059,0.002825,0.005461,0.007602,0.009319,0.01628,0.0008538,0.02754,0.01406,0.004573,0.009254,0.0131,0.01666,0.02591,0.001546,0.03772,0.4794,0.1881,0.3457,0.4667,0.5655,0.8204,0.06436,1.173,2.143,0.8051,1.491,2.058,2.552,3.791,0.2976,5.056
60,1,65.9,57.44,63.64,66.37,68.53,71.82,47.69,77.91,32.8,28.53,31.24,32.66,34.41,37.06,25.57,40.88,0.9072,0.8178,0.8979,0.916,0.9318,0.9541,0.7196,0.9802,3.653,3.246,3.377,3.573,3.827,4.27,3.085,4.447,2.647e+05,9.266e+04,1.819e+05,2.591e+05,3.167e+05,5.132e+05,45810,591009,0.751,0.268,0.5417,0.7084,0.9014,1.451,0.1325,1.793,0.2032,0.1659,0.1892,0.2003,0.2157,0.2502,0.1329,0.2711,7.18e-08,6.236e-08,6.838e-08,7.109e-08,7.599e-08,8.081e-08,5.726e-08,8.686e-08,19.36,11.71,15.26,17.24,20.95,34.63,9.247,57.94,0.01154,0.004191,0.007965,0.0109,0.01354,0.02217,0.0017,0.03266,0.02378,0.007275,0.01596,0.02178,0.02874,0.05071,0.003241,0.07012,0.8312,0.2981,0.5968,0.7916,0.9997,1.604,0.1358,2.169,2.758,0.9838,1.954,2.622,3.393,5.248,0.4389,7.283
60,2,65.9,57.44,63.64,66.37,68.53,71.82,47.69,77.91,32.8,28.53,31.24,32.66,34.41,37.06,25.57,40.88,0.9072,0.8178,0.8979,0.916,0.9318,0.9541,0.7196,0.9802,3.653,3.246,3.377,3.573,3.827,4.27,3.085,4.447,2.647e+05,9.266e+04,1.819e+05,2.591e+05,3.167e+05,5.132e+05,45810,591009,0.751,0.268,0.5417,0.7084,0.9014,1.451,0.1325,1.793,0.2031,0.1608,0.1878,0.2022,0.217,0.2462,0.1291,0.2812,7.172e-08,6.287e-08,6.802e-08,7.108e-08,7.496e-08,8.14e-08,5.277e-08,1.016e-07,19.36,11.71,15.26,17.24,20.95,34.63,9.247,57.94,0.01154,0.004191,0.007965,0.0109,0.01354,0.02217,0.0017,0.03266,0.02378,0.007275,0.01596,0.02178,0.02874,0.05071,0.003241,0.07012,0.8312,0.2981,0.5968,0.7916,0.9997,1.604,0.1358,2.169,2.758,0.9838,1.954,2.622,3.393,5.248,0.4389,7.283
60,3,65.9,57.44,63.64,66.37,68.53,71.82,47.69,77.91,32.8,28.53,31.24,32.66,34.41,37.06,25.57,40.88,0.9072,0.8178,0.8979,0.916,0.9318,0.9541,0.7196,0.9802,3.653,3.246,3.377,3.573,3.827,4.27,3.085,4.447,2.389e+05,7.88e+04,1.643e+05,2.342e+05,2.852e+05,4.765e+05,30285,550926,0.6779,0.2279,0.4776,0.641,0.8124,1.324,0.08758,1.656,0.2153,0.1771,0.1971,0.2156,0.2306,0.2706,0.143,0.2866,7.615e-08,6.495e-08,7.117e-08,7.425e-08,8.1e-08,9.352e-08,5.413e-08,1.036e-07,21.9,12.71,17.07,19.28,23.51,39.63,10.2,71.25,0.01041,0.003569,0.007122,0.009767,0.01254,0.02064,0.001124,0.03017,0.02149,0.006152,0.01422,0.01946,0.02599,0.04603,0.002142,0.06477,0.7501,0.2538,0.53,0.7148,0.9194,1.467,0.08976,2.004,2.489,0.8606,1.725,2.358,3.034,4.816,0.2901,6.727
60,4,66.88,58.49,64.7,67.23,69.49,73.42,48.28,78.53,32.92,28.56,31.32,32.74,34.57,37.36,25.6,41.36,0.9096,0.828,0.9,0.9175,0.9326,0.9553,0.7216,0.9811,3.648,3.26,3.381,3.556,3.83,4.312,3.079,4.459,2.447e+05,8.583e+04,1.7e+05,2.39e+05,2.903e+05,4.815e+05,31430,557717,0.6941,0.2482,0.4936,0.6597,0.8294,1.342,0.0909,1.673,0.231,0.1847,0.2153,0.2283,0.2495,0.2889,0.1448,0.3179,8.161e-08,6.944e-08,7.597e-08,8.116e-08,8.542e-08,9.722e-08,5.87e-08,1.102e-07,21.16,12.56,16.75,18.7,22.89,37.21,10.08,65.31,0.01052,0.003808,0.007237,0.00998,0.01268,0.02073,0.001157,0.03026,0.02193,0.00664,0.0145,0.01989,0.02651,0.04656,0.002198,0.06536,0.7661,0.2763,0.5396,0.7324,0.9341,1.48,0.09279,2.02,2.548,0.9162,1.736,2.426,3.076,4.874,0.2968,6.746
60,5,62.73,51.65,59.12,63.38,67.07,73.2,36.82,77.63,32.4,27.66,30.46,32.29,34.07,37.15,24.38,41.5,0.9045,0.8144,0.8922,0.9153,0.9303,0.9555,0.6268,0.9799,4.217,3.493,3.97,4.237,4.48,4.819,2.969,5.585,1.915e+05,7.611e+04,1.383e+05,1.886e+05,2.261e+05,3.448e+05,28077,427384,0.5428,0.2201,0.3945,0.535,0.6415,0.9257,0.0812,1.236,0.936,0.7788,0.8696,0.9293,0.9972,1.136,0.5171,1.306,3.301e-07,3.004e-07,3.175e-07,3.319e-07,3.436e-07,3.636e-07,2.2e-07,3.797e-07,26.44,16.45,20.5,23.84,28.64,45.04,13.38,82.15,0.008945,0.003223,0.006108,0.008611,0.01043,0.01751,0.001046,0.02803,0.01746,0.00585,0.01147,0.01618,0.02062,0.03302,0.001965,0.04881,0.6034,0.2426,0.4291,0.5873,0.711,1.05,0.083,1.499,2.331,0.7718,1.634,2.247,2.749,4.413,0.3167,5.703
60,6,63.04,51.79,59.65,63.58,67.11,73.38,37.46,77.66,32.47,27.69,30.52,32.32,34.19,37.25,24.26,41.59,0.9062,0.8162,0.8945,0.9159,0.9324,0.9569,0.6422,0.9803,4.194,3.503,3.942,4.218,4.509,4.81,2.974,5.112,1.951e+05,7.678e+04,1.416e+05,1.918e+05,2.298e+05,3.518e+05,28864,427952,0.5528,0.222,0.4073,0.5475,0.6531,0.9286,0.08348,1.238,1.485,1.261,1.407,1.466,1.569,1.823,0.8716,2.101,5.24e-07,4.775e-07,5.08e-07,5.2e-07,5.403e-07,5.678e-07,4.57e-07,6.041e-07,25.92,16.22,20.16,23.29,28.15,44.25,13.36,81.71,0.009057,0.003291,0.00622,0.008736,0.0105,0.01792,0.001075,0.02766,0.01774,0.005961,0.0117,0.01643,0.02101,0.03356,0.002014,0.04921,0.6134,0.2471,0.4382,0.5978,0.7209,1.066,0.0853,1.504,2.368,0.7839,1.671,2.262,2.716,4.575,0.3318,5.873
60,7,63.13,51.91,59.71,63.69,67.1,73.34,37.63,77.49,32.49,27.7,30.54,32.34,34.19,37.26,24.45,41.62,0.9064,0.816,0.8947,0.916,0.9325,0.9569,0.6426,0.9804,4.183,3.454,3.945,4.213,4.438,4.795,3.05,5.467,1.955e+05,7.691e+04,1.419e+05,1.922e+05,2.306e+05,3.522e+05,28919,428242,0.5542,0.2224,0.4098,0.5485,0.6551,0.9307,0.08363,1.238,1.828,1.529,1.649,1.858,1.954,2.183,0.9973,2.388,6.456e-07,5.526e-07,5.916e-07,6.678e-07,6.962e-07,7.234e-07,4.794e-07,7.573e-07,25.86,16.19,20.11,23.26,28.12,44.22,13.35,81.66,0.009063,0.003282,0.006232,0.008742,0.01051,0.01794,0.001079,0.02773,0.01778,0.005967,0.01173,0.01647,0.02106,0.03363,0.002018,0.04953,0.6147,0.2472,0.4385,0.5983,0.7226,1.068,0.08546,1.519,2.366,0.7621,1.665,2.253,2.761,4.414,0.3134,5.909
60,8,61.23,49.35,57.31,61.97,66.21,71.89,36.4,76.58,32.16,27.2,30,31.97,33.9,37.29,24.15,41.3,0.9007,0.809,0.8887,0.9095,0.9278,0.9561,0.6356,0.9804,4.276,3.672,4.028,4.271,4.498,4.922,3.211,5.818,1.814e+05,7.023e+04,1.319e+05,1.789e+05,2.128e+05,3.241e+05,26359,394152,0.5141,0.2031,0.3815,0.5063,0.6059,0.846,0.07623,1.14,5.937,5.073,5.683,5.875,6.126,6.886,3.461,8.429,2.095e-06,1.984e-06,2.054e-06,2.11e-06,2.154e-06,2.208e-06,1.473e-06,2.269e-06,27.77,17.61,21.67,24.9,29.96,47.46,14.5,86.86,0.008729,0.00311,0.006029,0.008327,0.01004,0.0174,0.0009954,0.02744,0.01669,0.005427,0.01118,0.01564,0.01975,0.03113,0.001846,0.04612,0.5744,0.2243,0.4166,0.5592,0.6816,0.9874,0.07784,1.42,2.243,0.7621,1.576,2.195,2.657,3.987,0.2909,5.767
60,9,61.27,49.39,57.23,62.01,66.26,71.89,36.51,76.6,32.17,27.2,30,31.98,33.91,37.31,24.16,41.3,0.901,0.8091,0.8892,0.9097,0.928,0.9561,0.6372,0.9804,4.193,3.661,3.966,4.226,4.407,4.758,3.211,5.017,1.824e+05,7.018e+04,1.328e+05,1.803e+05,2.142e+05,3.246e+05,26269,396652,0.5168,0.203,0.3839,0.508,0.607,0.851,0.07597,1.147,8.324,7.144,8.003,8.195,8.54,9.701,4.842,11.89,2.938e-06,2.812e-06,2.887e-06,2.947e-06,3.014e-06,3.087e-06,2.061e-06,3.224e-06,27.64,17.49,21.61,24.75,29.41,47.5,14.41,87.09,0.008771,0.003106,0.006113,0.008324,0.01013,0.01744,0.0009918,0.02749,0.01677,0.005423,0.01126,0.01572,0.01986,0.03131,0.001839,0.0462,0.5774,0.2241,0.4192,0.5629,0.6853,0.9927,0.07757,1.422,2.203,0.7572,1.554,2.185,2.553,3.868,0.2899,5.311
60,10,61.23,49.28,57.21,61.95,66.17,71.85,36.5,76.58,32.16,27.19,30,31.97,33.9,37.29,24.14,41.3,0.9008,0.8091,0.8889,0.9095,0.9278,0.9561,0.6356,0.9804,4.279,3.672,4.026,4.267,4.524,4.898,3.211,5.907,1.808e+05,7.009e+04,1.317e+05,1.784e+05,2.117e+05,3.227e+05,26175,393181,0.5124,0.2027,0.3809,0.5048,0.6041,0.8424,0.0757,1.137,6.067,5.29,5.77,5.99,6.271,7.269,3.58,8.506,2.141e-06,2.002e-06,2.087e-06,2.135e-06,2.206e-06,2.277e-06,1.524e-06,2.391e-06,27.85,17.7,21.76,24.95,30.05,47.56,14.54,87.11,0.0087,0.003104,0.006021,0.008293,0.01001,0.01733,0.0009885,0.02737,0.01663,0.005416,0.01115,0.01559,0.0197,0.03101,0.001833,0.04593,0.5726,0.2239,0.4152,0.5578,0.6794,0.9833,0.07729,1.414,2.238,0.7795,1.588,2.215,2.552,3.942,0.2888,5.822
70,1,71.38,64.21,69.78,71.85,73.87,76.33,56.85,80.77,33.89,29.71,32.37,33.87,35.28,38.14,26.46,41.98,0.9221,0.8389,0.9121,0.9303,0.945,0.9627,0.7938,0.9835,3.079,2.695,2.881,3.071,3.254,3.538,2.499,3.8,3.25e+05,1.146e+05,2.296e+05,3.183e+05,3.896e+05,6.233e+05,53332,716695,0.9218,0.3313,0.6632,0.8819,1.104,1.776,0.1542,2.216,0.2081,0.1616,0.1901,0.2065,0.2239,0.2648,0.1325,0.3218,7.341e-08,6.211e-08,6.884e-08,7.334e-08,7.787e-08,8.512e-08,5.132e-08,1.027e-07,15.73,9.748,12.53,14,17.25,27.75,7.896,40.8,0.01302,0.004903,0.009224,0.01233,0.01559,0.02484,0.00191,0.03562,0.02818,0.00879,0.01892,0.0262,0.03376,0.05797,0.003674,0.08375,1.002,0.376,0.7242,0.9575,1.215,1.897,0.1572,2.6,2.852,0.9732,2,2.735,3.313,5.407,0.4893,7.581
70,2,71.38,64.21,69.78,71.85,73.87,76.33,56.85,80.77,33.89,29.71,32.37,33.87,35.28,38.14,26.46,41.98,0.9221,0.8389,0.9121,0.9303,0.945,0.9627,0.7938,0.9835,3.079,2.695,2.881,3.071,3.254,3.538,2.499,3.8,3.25e+05,1.146e+05,2.296e+05,3.183e+05,3.896e+05,6.233e+05,53332,716695,0.9218,0.3313,0.6632,0.8819,1.104,1.776,0.1542,2.216,0.2064,0.171,0.1936,0.2046,0.2202,0.2554,0.1304,0.2861,7.289e-08,6.256e-08,7.002e-08,7.27e-08,7.709e-08,8.177e-08,5.186e-08,9.195e-08,15.73,9.748,12.53,14,17.25,27.75,7.896,40.8,0.01302,0.004903,0.009224,0.01233,0.01559,0.02484,0.00191,0.03562,0.02818,0.00879,0.01892,0.0262,0.03376,0.05797,0.003674,0.08375,1.002,0.376,0.7242,0.9575,1.215,1.897,0.1572,2.6,2.852,0.9732,2,2.735,3.313,5.407,0.4893,7.581
70,3,71.38,64.21,69.78,71.85,73.87,76.33,56.85,80.77,33.89,29.71,32.37,33.87,35.28,38.14,26.46,41.98,0.9221,0.8389,0.9121,0.9303,0.945,0.9627,0.7938,0.9835,3.079,2.695,2.881,3.071,3.254,3.538,2.499,3.8,2.963e+05,1.012e+05,2.075e+05,2.872e+05,3.555e+05,5.844e+05,37578,669960,0.8406,0.2928,0.5911,0.8042,1.01,1.641,0.1087,2.051,0.2203,0.1706,0.2003,0.2191,0.2378,0.2856,0.1407,0.3157,7.776e-08,6.609e-08,7.221e-08,7.656e-08,8.235e-08,9.497e-08,5.33e-08,1.052e-07,17.56,10.43,13.79,15.4,19.04,32.34,8.625,50.96,0.01186,0.004263,0.008293,0.01113,0.0143,0.02288,0.001346,0.03297,0.02572,0.007761,0.0169,0.02368,0.03099,0.05354,0.002589,0.07752,0.9138,0.3241,0.6483,0.8718,1.108,1.771,0.1107,2.406,2.6,0.8693,1.836,2.465,3.018,4.988,0.3448,7.018
70,4,72.15,65.18,70.49,72.61,74.6,77.06,57.45,81.42,33.99,29.74,32.44,33.95,35.41,38.3,26.48,42.05,0.9241,0.8526,0.9145,0.9314,0.9463,0.9636,0.795,0.9841,3.081,2.701,2.901,3.046,3.239,3.569,2.519,3.761,3.021e+05,1.086e+05,2.131e+05,2.933e+05,3.617e+05,5.895e+05,38996,673634,0.8571,0.3137,0.6068,0.8226,1.026,1.659,0.1128,2.067,0.2399,0.1773,0.2177,0.2361,0.2607,0.306,0.1498,0.3537,8.473e-08,7.097e-08,7.89e-08,8.378e-08,9.007e-08,1.015e-07,5.855e-08,1.214e-07,17.06,10.33,13.54,15.14,18.58,30.61,8.54,47.62,0.01198,0.00449,0.008402,0.01131,0.01442,0.02294,0.001385,0.03305,0.02616,0.008277,0.0173,0.02412,0.03145,0.05409,0.002682,0.07805,0.9298,0.347,0.6629,0.8885,1.129,1.789,0.1149,2.423,2.653,0.9354,1.869,2.487,3.125,4.993,0.3532,7.122
70,5,69.25,59.57,66.53,69.96,73.04,76.84,44.6,80.72,33.59,29.08,31.74,33.39,35.29,38.26,25.45,42.63,0.9221,0.8402,0.9129,0.9326,0.9453,0.9638,0.6838,0.9839,3.488,2.88,3.243,3.471,3.705,4.121,2.594,4.574,2.473e+05,9.785e+04,1.79e+05,2.491e+05,2.862e+05,4.455e+05,36128,530724,0.7007,0.283,0.5167,0.6811,0.819,1.184,0.1045,1.536,0.9535,0.7647,0.9039,0.9551,1.006,1.191,0.5298,1.358,3.361e-07,3.049e-07,3.263e-07,3.38e-07,3.5e-07,3.711e-07,2.251e-07,3.925e-07,20.33,13.01,15.91,18.54,21.96,33.58,10.77,59.08,0.01034,0.003886,0.007201,0.009935,0.01195,0.01996,0.001294,0.02957,0.02167,0.00786,0.01451,0.01995,0.02572,0.04062,0.002474,0.06036,0.7625,0.3123,0.5606,0.7389,0.8948,1.311,0.1063,1.848,2.487,0.8695,1.75,2.377,2.937,4.713,0.321,5.907
70,6,69.49,59.48,66.77,70.31,73.02,76.86,45.64,80.91,33.65,29.05,31.86,33.46,35.39,38.35,25.25,42.76,0.9235,0.8427,0.9142,0.9337,0.9467,0.9645,0.7016,0.9843,3.461,2.8,3.218,3.47,3.721,4.095,2.537,4.539,2.502e+05,9.951e+04,1.821e+05,2.505e+05,2.904e+05,4.49e+05,36851,534938,0.7089,0.2878,0.5267,0.6932,0.8323,1.193,0.1066,1.53,1.522,1.264,1.436,1.507,1.59,1.904,0.8483,2.141,5.368e-07,4.973e-07,5.222e-07,5.367e-07,5.546e-07,5.956e-07,3.562e-07,6.158e-07,20.03,12.94,15.72,18.23,21.55,33.02,10.8,58.66,0.01042,0.003958,0.007339,0.009971,0.01207,0.02007,0.001317,0.02923,0.02188,0.008031,0.01476,0.02022,0.02616,0.04098,0.002518,0.06048,0.7702,0.3175,0.5669,0.7479,0.9058,1.321,0.1084,1.841,2.493,0.8407,1.784,2.363,2.922,4.686,0.3556,6.24
70,7,69.54,59.49,66.86,70.51,73.01,76.98,45.64,80.92,33.66,29.04,31.86,33.46,35.41,38.35,25.5,42.77,0.9237,0.8427,0.9142,0.9338,0.9468,0.9647,0.7023,0.9843,3.454,2.799,3.213,3.464,3.681,4.061,2.588,4.51,2.503e+05,9.932e+04,1.823e+05,2.507e+05,2.904e+05,4.488e+05,36995,534946,0.7092,0.2872,0.5271,0.6937,0.8318,1.192,0.107,1.553,1.791,1.516,1.633,1.804,1.936,2.196,1.01,2.343,6.329e-07,5.503e-07,5.818e-07,6.45e-07,6.765e-07,7.223e-07,4.442e-07,7.767e-07,20.02,12.93,15.72,18.23,21.55,33.09,10.8,58.63,0.01041,0.003948,0.00732,0.009969,0.01203,0.02009,0.001322,0.02951,0.02188,0.008003,0.01476,0.02023,0.02615,0.04095,0.002528,0.06088,0.7704,0.3168,0.5668,0.7475,0.9052,1.32,0.1089,1.864,2.489,0.8304,1.785,2.356,2.932,4.697,0.351,6.305
70,8,68.28,57.91,65.35,68.83,72.19,76.91,48.07,80.15,33.4,28.74,31.38,33.28,35.01,38.36,25.3,42.42,0.9198,0.8369,0.9095,0.9298,0.9427,0.9626,0.7211,0.9848,3.398,2.994,3.236,3.428,3.535,3.878,2.678,4.418,2.336e+05,9.292e+04,1.71e+05,2.352e+05,2.691e+05,4.214e+05,33766,495599,0.6621,0.2687,0.4945,0.6451,0.7703,1.113,0.09765,1.464,5.893,5.166,5.609,5.851,6.105,6.82,3.397,8.234,2.08e-06,1.975e-06,2.03e-06,2.095e-06,2.146e-06,2.221e-06,1.426e-06,2.253e-06,21.4,13.96,16.93,19.33,23.1,35.5,11.77,64.22,0.009934,0.003713,0.006959,0.009521,0.01144,0.01924,0.001218,0.02845,0.02063,0.007328,0.01413,0.01907,0.02443,0.03874,0.002323,0.05788,0.7228,0.2959,0.5357,0.7002,0.8466,1.243,0.09945,1.771,2.286,0.8022,1.632,2.215,2.686,4.34,0.3027,5.678
70,9,68.31,57.86,65.4,68.84,72.19,76.91,48.24,80.16,33.4,28.75,31.38,33.28,35.01,38.36,25.32,42.42,0.9199,0.837,0.9095,0.9299,0.9428,0.9626,0.7227,0.9848,3.279,2.918,3.151,3.286,3.446,3.541,2.678,3.752,2.332e+05,9.262e+04,1.705e+05,2.348e+05,2.686e+05,4.221e+05,33671,494557,0.6607,0.2679,0.4932,0.6437,0.7687,1.112,0.09738,1.467,8.308,6.966,7.971,8.164,8.661,9.793,4.829,11.96,2.93e-06,2.802e-06,2.882e-06,2.941e-06,3e-06,3.109e-06,1.993e-06,3.152e-06,21.45,13.99,16.99,19.38,23.15,35.63,11.79,64.43,0.009909,0.003701,0.006942,0.009489,0.01142,0.01919,0.001215,0.02841,0.02059,0.007311,0.0141,0.01903,0.02437,0.03869,0.002316,0.05794,0.7213,0.2949,0.5344,0.6983,0.8449,1.242,0.09917,1.773,2.194,0.7996,1.59,2.161,2.534,3.902,0.2965,5.059
70,10,68.28,57.91,65.31,68.88,72.22,76.97,48.06,80.15,33.4,28.72,31.37,33.28,35.01,38.36,25.29,42.43,0.9198,0.837,0.9095,0.9297,0.9427,0.9625,0.7213,0.9849,3.389,2.984,3.265,3.4,3.541,3.863,2.579,4.059,2.328e+05,9.265e+04,1.704e+05,2.342e+05,2.684e+05,4.193e+05,33638,492908,0.6597,0.2679,0.4925,0.6433,0.7683,1.109,0.09728,1.457,6.072,5.1,5.761,6.007,6.308,7.26,3.537,8.83,2.142e-06,2.007e-06,2.083e-06,2.16e-06,2.203e-06,2.313e-06,1.451e-06,2.385e-06,21.47,14.04,16.96,19.39,23.15,35.7,11.79,64.41,0.009899,0.003702,0.006937,0.009484,0.01139,0.01914,0.001214,0.0283,0.02056,0.007313,0.0141,0.01903,0.02435,0.03861,0.002314,0.05761,0.7202,0.295,0.5339,0.6981,0.8444,1.239,0.09908,1.763,2.276,0.8002,1.629,2.193,2.677,4.318,0.3016,5.486
80,1,77.11,70.7,75.96,77.64,79.07,80.68,67.11,83.82,35.16,31.19,33.61,35.1,36.62,39.41,27.26,42.83,0.9372,0.8712,0.9261,0.9461,0.957,0.9703,0.8258,0.9873,2.538,2.205,2.386,2.492,2.681,2.969,2.154,3.39,4.098e+05,1.551e+05,3e+05,3.955e+05,4.997e+05,7.674e+05,66050,877177,1.161,0.4566,0.8586,1.124,1.378,2.207,0.191,2.714,0.2139,0.16,0.1963,0.2127,0.2336,0.2681,0.1368,0.2852,7.554e-08,6.308e-08,7.081e-08,7.518e-08,7.961e-08,8.92e-08,5.252e-08,9.873e-08,12.3,7.845,9.982,11.19,13.36,20.82,6.702,33.64,0.01514,0.00602,0.01107,0.0143,0.01795,0.02833,0.002279,0.03888,0.03412,0.01227,0.02341,0.03128,0.04097,0.06895,0.00446,0.09958,1.241,0.4974,0.9051,1.187,1.491,2.317,0.1942,3.104,2.961,1.128,2.164,2.823,3.512,5.418,0.4361,7.399
80,2,77.11,70.7,75.96,77.64,79.07,80.68,67.11,83.82,35.16,31.19,33.61,35.1,36.62,39.41,27.26,42.83,0.9372,0.8712,0.9261,0.9461,0.957,0.9703,0.8258,0.9873,2.538,2.205,2.386,2.492,2.681,2.969,2.154,3.39,4.098e+05,1.551e+05,3e+05,3.955e+05,4.997e+05,7.674e+05,66050,877177,1.161,0.4566,0.8586,1.124,1.378,2.207,0.191,2.714,0.2143,0.1545,0.1983,0.2115,0.2307,0.2677,0.1327,0.3268,7.56e-08,6.493e-08,7.074e-08,7.547e-08,8.014e-08,8.837e-08,5.357e-08,1.006e-07,12.3,7.845,9.982,11.19,13.36,20.82,6.702,33.64,0.01514,0.00602,0.01107,0.0143,0.01795,0.02833,0.002279,0.03888,0.03412,0.01227,0.02341,0.03128,0.04097,0.06895,0.00446,0.09958,1.241,0.4974,0.9051,1.187,1.491,2.317,0.1942,3.104,2.961,1.128,2.164,2.823,3.512,5.418,0.4361,7.399
80,3,77.11,70.7,75.96,77.64,79.07,80.68,67.11,83.82,35.16,31.19,33.61,35.1,36.62,39.41,27.26,42.83,0.9372,0.8712,0.9261,0.9461,0.957,0.9703,0.8258,0.9873,2.538,2.205,2.386,2.492,2.681,2.969,2.154,3.39,3.766e+05,1.409e+05,2.731e+05,3.624e+05,4.635e+05,7.199e+05,49345,826293,1.068,0.4087,0.7761,1.03,1.267,2.06,0.1427,2.537,0.2286,0.1748,0.2093,0.2283,0.2508,0.2861,0.1458,0.3105,8.074e-08,6.753e-08,7.449e-08,7.98e-08,8.575e-08,9.674e-08,5.737e-08,1.132e-07,13.58,8.445,10.85,12.14,14.77,24.87,7.254,39.67,0.01391,0.005458,0.01,0.01313,0.01669,0.02628,0.001703,0.03634,0.0314,0.01133,0.02128,0.02876,0.03769,0.06404,0.003332,0.09307,1.141,0.4512,0.8225,1.093,1.372,2.148,0.1451,2.901,2.722,1.042,1.937,2.578,3.234,5.064,0.3258,6.916
80,4,77.53,71.26,76.36,77.85,79.47,81.09,67.79,84.15,35.22,31.2,33.65,35.2,36.81,39.51,27.27,42.87,0.9384,0.8729,0.9269,0.9466,0.9575,0.9708,0.8264,0.9871,2.532,2.21,2.367,2.485,2.664,2.938,2.136,3.357,3.825e+05,1.472e+05,2.788e+05,3.686e+05,4.694e+05,7.244e+05,50769,829325,1.085,0.4302,0.7935,1.046,1.284,2.077,0.1468,2.551,0.2512,0.186,0.2263,0.2482,0.2767,0.312,0.156,0.338,8.876e-08,7.345e-08,8.124e-08,8.78e-08,9.48e-08,1.081e-07,6.203e-08,1.269e-07,13.27,8.376,10.7,11.97,14.48,23.77,7.198,36.85,0.01406,0.005681,0.01014,0.01326,0.01686,0.02635,0.001745,0.03647,0.03183,0.01178,0.02172,0.02916,0.03816,0.06454,0.003425,0.09356,1.157,0.4709,0.8406,1.111,1.389,2.163,0.1492,2.916,2.76,1.086,1.963,2.601,3.318,5.094,0.3318,6.884
80,5,76.42,67.75,74.43,77.17,79.4,82.41,57.92,84.29,35.22,30.84,33.64,35.16,37,39.77,26.49,43.76,0.942,0.8732,0.9351,0.9514,0.9617,0.9736,0.8052,0.9881,2.596,2.092,2.407,2.586,2.741,3.132,2.025,3.606,3.493e+05,1.55e+05,2.54e+05,3.473e+05,4.061e+05,6.152e+05,52986,707048,0.989,0.4475,0.7369,0.9781,1.152,1.642,0.1532,2.062,0.9821,0.7632,0.9302,0.9856,1.045,1.17,0.5472,1.452,3.463e-07,3.086e-07,3.359e-07,3.496e-07,3.603e-07,3.836e-07,2.302e-07,3.931e-07,14.05,9.782,11.54,13.25,14.98,21.8,8.247,35.17,0.0131,0.005768,0.009664,0.01268,0.01525,0.02391,0.001818,0.0329,0.02903,0.01221,0.02098,0.02754,0.03417,0.05251,0.003562,0.07784,1.052,0.4907,0.7879,1.033,1.227,1.749,0.1558,2.38,2.6,0.9962,1.944,2.573,3.132,4.541,0.3578,6.352
80,6,76.54,68.08,74.47,77.35,79.5,82.6,58.37,84.47,35.25,30.76,33.59,35.23,37.04,39.86,26.29,43.89,0.9428,0.8773,0.9357,0.9521,0.9626,0.974,0.8091,0.9882,2.576,2.113,2.384,2.589,2.719,3.122,1.994,3.594,3.502e+05,1.588e+05,2.572e+05,3.481e+05,4.085e+05,6.145e+05,53928,708497,0.9915,0.4583,0.744,0.9847,1.155,1.635,0.156,2.046,1.588,1.253,1.499,1.574,1.691,1.993,0.8926,2.239,5.603e-07,5.032e-07,5.393e-07,5.59e-07,5.811e-07,6.383e-07,3.798e-07,6.514e-07,13.95,9.853,11.56,13.13,14.8,21.48,8.297,34.73,0.01311,0.005916,0.009786,0.01266,0.01519,0.02394,0.001846,0.03257,0.02909,0.0125,0.0212,0.02778,0.034,0.05254,0.00362,0.0778,1.054,0.5018,0.7931,1.036,1.234,1.747,0.1585,2.366,2.585,1.04,1.97,2.526,3.096,4.716,0.3532,5.995
80,7,76.62,68.18,74.71,77.36,79.44,82.58,58.44,84.61,35.29,30.75,33.61,35.22,37.04,39.87,26.93,43.89,0.9432,0.8772,0.9356,0.9522,0.9626,0.974,0.8106,0.9883,2.576,2.123,2.405,2.59,2.728,3.121,1.789,3.612,3.507e+05,1.588e+05,2.575e+05,3.481e+05,4.085e+05,6.143e+05,53927,708912,0.9932,0.4584,0.7448,0.9854,1.154,1.634,0.156,2.129,1.853,1.568,1.693,1.867,1.996,2.213,1.035,2.448,6.548e-07,5.666e-07,6.045e-07,6.702e-07,7.046e-07,7.377e-07,4.486e-07,7.842e-07,13.94,9.806,11.55,13.13,14.79,21.47,8.295,34.74,0.01312,0.005913,0.009773,0.01264,0.01519,0.02392,0.001847,0.03341,0.0291,0.01248,0.02119,0.02777,0.03397,0.05248,0.00362,0.07907,1.055,0.5018,0.7926,1.035,1.233,1.747,0.1585,2.442,2.591,1.047,1.983,2.525,3.157,4.7,0.3552,6.168
80,8,76.26,68.34,74.07,76.96,79.02,82.07,64.01,84.19,35.14,30.53,33.33,35.05,36.97,40.12,26.82,43.76,0.942,0.875,0.9332,0.9497,0.9609,0.9718,0.8503,0.9891,2.415,2.108,2.325,2.418,2.532,2.686,1.948,2.829,3.356e+05,1.506e+05,2.451e+05,3.313e+05,3.974e+05,5.84e+05,51024,662029,0.9501,0.4471,0.7251,0.9302,1.085,1.561,0.1476,2.066,5.98,5.232,5.732,5.939,6.174,6.91,3.504,8.454,2.11e-06,1.996e-06,2.07e-06,2.131e-06,2.172e-06,2.216e-06,1.431e-06,2.298e-06,14.47,10.58,12.18,13.55,15.41,22.43,8.898,36.86,0.01264,0.005465,0.009559,0.01212,0.01465,0.02281,0.001753,0.03228,0.028,0.01155,0.02042,0.02667,0.03261,0.05064,0.003426,0.07706,1.011,0.4684,0.7877,0.996,1.164,1.68,0.1499,2.373,2.327,0.9378,1.768,2.252,2.733,4.183,0.3401,5.523
80,9,76.33,68.36,74.11,77,79.02,81.99,64.33,84.2,35.16,30.54,33.34,35.06,36.98,40.13,26.85,43.76,0.9423,0.8751,0.9332,0.95,0.9609,0.9718,0.8543,0.9891,2.304,2.085,2.216,2.311,2.397,2.514,1.918,2.703,3.357e+05,1.501e+05,2.447e+05,3.315e+05,3.978e+05,5.848e+05,50760,662032,0.9505,0.4457,0.7255,0.9287,1.084,1.565,0.1468,2.08,8.451,7.28,8.106,8.36,8.735,9.917,4.939,12.04,2.982e-06,2.823e-06,2.928e-06,2.992e-06,3.077e-06,3.157e-06,2.015e-06,3.248e-06,14.47,10.57,12.07,13.57,15.45,21.75,8.904,36.88,0.01263,0.005449,0.009538,0.01209,0.01464,0.02277,0.001744,0.03233,0.028,0.01152,0.02036,0.02663,0.03258,0.05073,0.003408,0.07746,1.011,0.467,0.7874,0.9949,1.163,1.68,0.1491,2.386,2.214,0.9349,1.668,2.161,2.53,3.886,0.325,5.464
80,10,76.24,68.36,74.08,76.93,79.04,81.91,63.99,84.19,35.14,30.52,33.33,35.05,36.96,40.13,26.81,43.76,0.942,0.875,0.9332,0.9497,0.9609,0.9718,0.8503,0.989,2.418,2.136,2.305,2.438,2.519,2.656,1.878,3.051,3.344e+05,1.503e+05,2.442e+05,3.304e+05,3.955e+05,5.826e+05,50679,660622,0.9469,0.4453,0.7226,0.9267,1.081,1.558,0.1466,2.063,6.261,5.354,5.903,6.208,6.558,7.616,3.627,8.928,2.209e-06,2.057e-06,2.142e-06,2.21e-06,2.285e-06,2.407e-06,1.485e-06,2.547e-06,14.52,10.61,12.21,13.59,15.46,22.47,8.91,36.91,0.0126,0.005452,0.009527,0.01209,0.01458,0.02275,0.001741,0.03224,0.02791,0.01151,0.02038,0.02657,0.03251,0.05053,0.003403,0.07695,1.008,0.4664,0.7846,0.9928,1.16,1.676,0.1489,2.369,2.324,0.941,1.765,2.265,2.751,4.166,0.3378,5.48
90,1,85.5,82.52,84.92,85.73,86.53,87.7,80.79,88.8,38.12,34.37,36.41,38.13,39.77,41.86,29.41,44.55,0.9623,0.9244,0.9524,0.9682,0.9764,0.9826,0.8857,0.991,1.6,1.417,1.503,1.589,1.656,1.822,1.22,1.974,6.626e+05,3.127e+05,5.019e+05,6.348e+05,8.102e+05,1.181e+06,114663,1315512,1.876,0.813,1.452,1.802,2.207,3.283,0.3316,4.143,0.2301,0.1645,0.2109,0.2285,0.2522,0.2797,0.1435,0.3513,8.122e-08,6.865e-08,7.58e-08,8.094e-08,8.782e-08,9.378e-08,5.633e-08,1.042e-07,7.333,5.086,6.261,6.911,7.905,10.76,4.559,17.3,0.02196,0.009232,0.017,0.02084,0.02547,0.03809,0.003734,0.05081,0.05053,0.02064,0.03747,0.04677,0.06016,0.09479,0.007443,0.1409,1.951,0.8465,1.533,1.862,2.272,3.403,0.3359,4.543,2.99,1.241,2.263,2.902,3.632,4.935,0.5261,6.834
90,2,85.5,82.52,84.92,85.73,86.53,87.7,80.79,88.8,38.12,34.37,36.41,38.13,39.77,41.86,29.41,44.55,0.9623,0.9244,0.9524,0.9682,0.9764,0.9826,0.8857,0.991,1.6,1.417,1.503,1.589,1.656,1.822,1.22,1.974,6.626e+05,3.127e+05,5.019e+05,6.348e+05,8.102e+05,1.181e+06,114663,1315512,1.876,0.813,1.452,1.802,2.207,3.283,0.3316,4.143,0.2315,0.1721,0.2119,0.233,0.2515,0.2828,0.1475,0.3299,8.173e-08,6.774e-08,7.676e-08,8.049e-08,8.792e-08,9.704e-08,5.633e-08,1.025e-07,7.333,5.086,6.261,6.911,7.905,10.76,4.559,17.3,0.02196,0.009232,0.017,0.02084,0.02547,0.03809,0.003734,0.05081,0.05053,0.02064,0.03747,0.04677,0.06016,0.09479,0.007443,0.1409,1.951,0.8465,1.533,1.862,2.272,3.403,0.3359,4.543,2.99,1.241,2.263,2.902,3.632,4.935,0.5261,6.834
90,3,85.5,82.52,84.92,85.73,86.53,87.7,80.79,88.8,38.12,34.37,36.41,38.13,39.77,41.86,29.41,44.55,0.9623,0.9244,0.9524,0.9682,0.9764,0.9826,0.8857,0.991,1.6,1.417,1.503,1.589,1.656,1.822,1.22,1.974,6.188e+05,2.93e+05,4.604e+05,5.913e+05,7.582e+05,1.12e+06,92932,1248052,1.753,0.7625,1.331,1.676,2.08,3.145,0.2688,3.936,0.2579,0.1834,0.2338,0.2543,0.2842,0.322,0.1603,0.3876,9.099e-08,7.287e-08,8.418e-08,9.036e-08,9.85e-08,1.124e-07,5.794e-08,1.23e-07,7.932,5.404,6.646,7.4,8.691,11.85,4.835,20.1,0.02051,0.008652,0.01565,0.01955,0.02401,0.03647,0.003027,0.04827,0.04723,0.01934,0.03403,0.0432,0.05647,0.09029,0.006032,0.1338,1.823,0.7933,1.398,1.733,2.141,3.26,0.2723,4.316,2.792,1.164,2.119,2.689,3.426,4.677,0.4264,6.493
90,4,85.71,82.65,85.19,85.95,86.68,87.89,81.28,88.95,38.16,34.38,36.43,38.17,39.82,41.91,29.42,44.62,0.9628,0.9251,0.9531,0.9684,0.9766,0.9828,0.8863,0.9914,1.601,1.428,1.513,1.587,1.679,1.815,1.208,1.977,6.242e+05,2.997e+05,4.667e+05,5.968e+05,7.623e+05,1.125e+06,94389,1250014,1.768,0.7773,1.35,1.691,2.095,3.155,0.273,3.948,0.2778,0.1909,0.2539,0.2767,0.3021,0.3623,0.1731,0.401,9.806e-08,8.11e-08,9.124e-08,9.761e-08,1.061e-07,1.17e-07,6.438e-08,1.331e-07,7.835,5.385,6.599,7.325,8.6,11.64,4.82,19.23,0.02065,0.008826,0.0158,0.01973,0.02414,0.03658,0.003069,0.04839,0.0476,0.01973,0.03442,0.04359,0.05682,0.09065,0.006119,0.1342,1.838,0.8107,1.408,1.749,2.155,3.27,0.2764,4.329,2.82,1.179,2.16,2.72,3.512,4.727,0.4256,6.563
90,5,84.79,79.46,83.7,85.12,86.76,87.81,76.05,89.52,38.01,33.5,36.22,37.97,39.92,42.23,28.49,45.72,0.9655,0.9236,0.9566,0.9716,0.9789,0.9844,0.9063,0.992,1.527,1.349,1.413,1.49,1.583,1.842,1.207,2.173,5.876e+05,3.051e+05,4.64e+05,5.809e+05,7.074e+05,9.634e+05,98918,1077434,1.661,0.8811,1.318,1.644,1.927,2.682,0.2861,3.211,1.03,0.8148,0.9782,1.02,1.079,1.258,0.5835,1.48,3.629e-07,3.222e-07,3.547e-07,3.654e-07,3.787e-07,3.925e-07,2.417e-07,4.105e-07,8.062,6.323,7.102,7.668,8.541,10.66,5.542,15.55,0.01969,0.009845,0.01596,0.01944,0.02289,0.0328,0.003208,0.04222,0.0449,0.02037,0.0353,0.0427,0.05202,0.07937,0.00639,0.1127,1.722,0.9012,1.408,1.689,2.002,2.765,0.2894,3.543,2.557,1.191,2.041,2.467,3.05,4.311,0.4496,6.367
90,6,84.8,79.41,83.74,85.11,86.75,87.8,76.04,89.56,38.04,33.6,36.23,37.98,40.01,42.26,28.37,45.87,0.9657,0.9244,0.9579,0.9718,0.9794,0.9845,0.9054,0.9921,1.526,1.304,1.412,1.487,1.614,1.875,1.138,2.174,5.871e+05,3.077e+05,4.651e+05,5.845e+05,7.032e+05,9.541e+05,98834,1075678,1.66,0.8861,1.322,1.639,1.923,2.682,0.2858,3.195,1.694,1.354,1.577,1.689,1.812,2.097,0.9937,2.475,5.974e-07,5.146e-07,5.73e-07,6.01e-07,6.294e-07,6.715e-07,4.031e-07,7.013e-07,8.052,6.335,7.091,7.67,8.503,10.59,5.555,15.32,0.01967,0.009895,0.01604,0.01946,0.02289,0.03265,0.003202,0.04202,0.04483,0.02042,0.03551,0.04271,0.05198,0.07892,0.006382,0.1126,1.721,0.9056,1.412,1.68,1.99,2.761,0.2891,3.529,2.559,1.261,2.007,2.444,2.93,4.324,0.4489,6.743
90,7,84.92,79.41,83.77,85.2,86.78,88.06,76.78,89.58,38.12,33.73,36.37,38.16,40.07,42.28,29.16,45.88,0.9662,0.9255,0.9588,0.972,0.9797,0.9845,0.9087,0.9922,1.524,1.328,1.404,1.487,1.593,1.873,1.132,2.174,5.881e+05,3.075e+05,4.65e+05,5.845e+05,7.045e+05,9.749e+05,98939,1075744,1.663,0.8868,1.319,1.639,1.921,2.684,0.2861,3.402,1.965,1.596,1.815,1.94,2.135,2.407,1.047,2.602,6.936e-07,5.768e-07,6.512e-07,6.994e-07,7.498e-07,7.826e-07,4.741e-07,8.244e-07,8.046,6.338,7.09,7.669,8.51,10.7,5.554,15.33,0.01968,0.009901,0.01599,0.01942,0.02286,0.03263,0.003205,0.0443,0.04481,0.02037,0.03548,0.04255,0.05196,0.07895,0.006381,0.1166,1.723,0.9058,1.412,1.679,1.989,2.761,0.2894,3.727,2.557,1.187,2.014,2.444,3.071,4.397,0.4479,6.465
90,8,85.02,81.42,83.91,85.44,86.52,87.96,76.81,89.66,38.09,33.35,36.23,38.04,39.91,42.36,29.08,45.72,0.9668,0.93,0.9595,0.971,0.9792,0.9839,0.9087,0.9925,1.381,1.25,1.324,1.366,1.429,1.514,1.166,1.756,5.8e+05,2.997e+05,4.823e+05,5.668e+05,6.697e+05,9.332e+05,105299,1044365,1.639,0.845,1.392,1.633,1.898,2.594,0.3045,3.361,6.048,5.188,5.789,5.959,6.231,7.136,3.505,8.606,2.133e-06,2.008e-06,2.095e-06,2.143e-06,2.207e-06,2.273e-06,1.456e-06,2.302e-06,8.112,6.578,7.121,7.836,8.575,10.58,5.663,15.41,0.01939,0.009445,0.01627,0.01908,0.02211,0.03179,0.003396,0.04376,0.04424,0.01944,0.03523,0.042,0.05069,0.07697,0.006766,0.1156,1.698,0.8634,1.429,1.689,1.948,2.72,0.3078,3.681,2.284,1.061,1.838,2.255,2.668,3.708,0.4562,5.445
90,9,85.12,81.48,84.17,85.55,86.54,87.97,77.1,89.78,38.13,33.36,36.29,38.06,39.92,42.37,29.18,45.72,0.9671,0.9303,0.9598,0.971,0.9794,0.984,0.9088,0.9925,1.282,1.178,1.235,1.277,1.321,1.374,1.152,1.554,5.824e+05,2.989e+05,4.872e+05,5.689e+05,6.708e+05,9.35e+05,106911,1048367,1.646,0.843,1.401,1.645,1.897,2.64,0.3092,3.404,8.662,7.321,8.321,8.558,8.967,9.979,5.076,12.81,3.055e-06,2.893e-06,3.02e-06,3.074e-06,3.126e-06,3.233e-06,2.048e-06,3.324e-06,8.084,6.49,7.059,7.803,8.568,10.6,5.59,15.46,0.01945,0.009427,0.01626,0.01917,0.02214,0.03212,0.003444,0.04416,0.04438,0.01939,0.0354,0.04243,0.05089,0.07718,0.006853,0.1167,1.705,0.8615,1.443,1.693,1.952,2.757,0.3124,3.724,2.117,1.059,1.7,2.113,2.436,3.378,0.3947,4.668
90,10,85.02,81.37,83.95,85.43,86.54,87.93,76.8,89.47,38.09,33.35,36.23,38.05,39.91,42.36,29.08,45.72,0.9668,0.93,0.9596,0.971,0.9792,0.984,0.9089,0.9925,1.38,1.249,1.322,1.371,1.428,1.573,1.166,1.758,5.785e+05,2.987e+05,4.817e+05,5.657e+05,6.684e+05,9.316e+05,98509,1042685,1.635,0.8434,1.39,1.629,1.893,2.588,0.2849,3.356,6.573,5.477,6.201,6.541,6.904,7.992,3.758,9.596,2.318e-06,2.087e-06,2.266e-06,2.33e-06,2.4e-06,2.515e-06,1.546e-06,2.656e-06,8.138,6.594,7.141,7.852,8.62,10.61,5.671,15.47,0.01935,0.009428,0.01621,0.01904,0.02207,0.03176,0.003199,0.0437,0.04413,0.0194,0.03511,0.04187,0.05055,0.07685,0.00638,0.1154,1.694,0.8619,1.424,1.683,1.943,2.715,0.2882,3.676,2.276,1.059,1.862,2.193,2.601,3.706,0.4566,5.381
