quality,effort,ssimulacra2_mean,ssimulacra2_p05,ssimulacra2_p25,ssimulacra2_p50,ssimulacra2_p75,ssimulacra2_p95,ssimulacra2_min,ssimulacra2_max,psnr_mean,psnr_p05,psnr_p25,psnr_p50,psnr_p75,psnr_p95,psnr_min,psnr_max,ssim_mean,ssim_p05,ssim_p25,ssim_p50,ssim_p75,ssim_p95,ssim_min,ssim_max,butteraugli_mean,butteraugli_p05,butteraugli_p25,butteraugli_p50,butteraugli_p75,butteraugli_p95,butteraugli_min,butteraugli_max,file_size_mean,file_size_p05,file_size_p25,file_size_p50,file_size_p75,file_size_p95,file_size_min,file_size_max,bytes_per_pixel_mean,bytes_per_pixel_p05,bytes_per_pixel_p25,bytes_per_pixel_p50,bytes_per_pixel_p75,bytes_per_pixel_p95,bytes_per_pixel_min,bytes_per_pixel_max,encoding_time_mean,encoding_time_p05,encoding_time_p25,encoding_time_p50,encoding_time_p75,encoding_time_p95,encoding_time_min,encoding_time_max,encoding_time_per_pixel_mean,encoding_time_per_pixel_p05,encoding_time_per_pixel_p25,encoding_time_per_pixel_p50,encoding_time_per_pixel_p75,encoding_time_per_pixel_p95,encoding_time_per_pixel_min,encoding_time_per_pixel_max,compression_ratio_mean,compression_ratio_p05,compression_ratio_p25,compression_ratio_p50,compression_ratio_p75,compression_ratio_p95,compression_ratio_min,compression_ratio_max,bytes_per_ssimulacra2_per_pixel_mean,bytes_per_ssimulacra2_per_pixel_p05,bytes_per_ssimulacra2_per_pixel_p25,bytes_per_ssimulacra2_per_pixel_p50,bytes_per_ssimulacra2_per_pixel_p75,bytes_per_ssimulacra2_per_pixel_p95,bytes_per_ssimulacra2_per_pixel_min,bytes_per_ssimulacra2_per_pixel_max,bytes_per_psnr_per_pixel_mean,bytes_per_psnr_per_pixel_p05,bytes_per_psnr_per_pixel_p25,bytes_per_psnr_per_pixel_p50,bytes_per_psnr_per_pixel_p75,bytes_per_psnr_per_pixel_p95,bytes_per_psnr_per_pixel_min,bytes_per_psnr_per_pixel_max,bytes_per_ssim_per_pixel_mean,bytes_per_ssim_per_pixel_p05,bytes_per_ssim_per_pixel_p25,bytes_per_ssim_per_pixel_p50,bytes_per_ssim_per_pixel_p75,bytes_per_ssim_per_pixel_p95,bytes_per_ssim_per_pixel_min,bytes_per_ssim_per_pixel_max,bytes_per_butteraugli_per_pixel_mean,bytes_per_butteraugli_per_pixel_p05,bytes_per_butteraugli_per_pixel_p25,bytes_per_butteraugli_per_pixel_p50,bytes_per_butteraugli_per_pixel_p75,bytes_per_butteraugli_per_pixel_p95,bytes_per_butteraugli_per_pixel_min,bytes_per_butteraugli_per_pixel_max
70,1,71.172676184,65.2110703165,69.523088625,72.10127426,74.03366823,74.7935527375,62.21268946,75.03615334,33.2419307,29.0254896,32.58001175,33.6342825,35.16423575,35.4898738,26.458371,35.519095,0.9094836000000001,0.83765115,0.90573625,0.918666,0.9363600000000001,0.9495262,0.825651,0.952156,2.9883378744,2.641094124305,2.745667874825,3.0583883523499997,3.139744281775,3.3590462684599998,2.6245548725,3.4215378761,312724.0,181911.25,252813.5,302133.0,328526.5,508835.8499999997,155053,637341,0.11571921172759236,0.06214847576832632,0.09139246775406328,0.1042524413780077,0.11386832707709743,0.2127974212557362,0.049483315461601306,0.2769699103045474,0.20754176930001336,0.1845485795500224,0.19826002300001733,0.2075395159999971,0.21184143925002275,0.2353725812500045,0.18349980100003904,0.23861565699996845,7.457744910060455e-08,6.651632133217354e-08,7.16713022008276e-08,7.417474182859643e-08,7.582173643646663e-08,8.511819781202977e-08,6.633545932386165e-08,9.245471726812055e-08,15.837283298633881,10.606149623922017,14.81293279820128,15.759394692928662,16.886097019605828,21.421271203643997,8.58905985963558,23.24066609481919,0.0016700581852652258,0.000838532253860394,0.001249504217517993,0.001463914205828663,0.0016077134455774072,0.00329366708138686,0.000659459650568507,0.004451984196610351,0.0036473512261505116,0.0018523410972326039,0.002618617547381873,0.003028077610080995,0.0033237940788272947,0.007628383091068426,0.0013931468541527115,0.010468139187576869,0.12851756120079327,0.07175086398770328,0.09792711018922655,0.1115559190775335,0.12324858241819299,0.24485703516873408,0.05353025637371017,0.3249607661747697,0.3539820282014887,0.18618442571340169,0.25579075596139716,0.2936194841238139,0.3440874535145998,0.7052796349018837,0.1382573227810781,0.9476630386470285
70,2,71.172676184,65.2110703165,69.523088625,72.10127426,74.03366823,74.7935527375,62.21268946,75.03615334,33.2419307,29.0254896,32.58001175,33.6342825,35.16423575,35.4898738,26.458371,35.519095,0.9094836000000001,0.83765115,0.90573625,0.918666,0.9363600000000001,0.9495262,0.825651,0.952156,2.9883378744,2.641094124305,2.745667874825,3.0583883523499997,3.139744281775,3.3590462684599998,2.6245548725,3.4215378761,312724.0,181911.25,252813.5,302133.0,328526.5,508835.8499999997,155053,637341,0.11571921172759236,0.06214847576832632,0.09139246775406328,0.1042524413780077,0.11386832707709743,0.2127974212557362,0.049483315461601306,0.2769699103045474,0.20381905270003245,0.185302704150007,0.1960253309999871,0.19856726950007442,0.21514378350002517,0.22652852845002938,0.18480847500001119,0.23042359300006865,7.323195643785877e-08,6.801308893683485e-08,7.070844719924624e-08,7.158435584042255e-08,7.310036905567507e-08,8.3743402354532e-08,6.680854698074325e-08,9.012611858577952e-08,15.837283298633881,10.606149623922017,14.81293279820128,15.759394692928662,16.886097019605828,21.421271203643997,8.58905985963558,23.24066609481919,0.0016700581852652258,0.000838532253860394,0.001249504217517993,0.001463914205828663,0.0016077134455774072,0.00329366708138686,0.000659459650568507,0.004451984196610351,0.0036473512261505116,0.0018523410972326039,0.002618617547381873,0.003028077610080995,0.0033237940788272947,0.007628383091068426,0.0013931468541527115,0.010468139187576869,0.12851756120079327,0.07175086398770328,0.09792711018922655,0.1115559190775335,0.12324858241819299,0.24485703516873408,0.05353025637371017,0.3249607661747697,0.3539820282014887,0.18618442571340169,0.25579075596139716,0.2936194841238139,0.3440874535145998,0.7052796349018837,0.1382573227810781,0.9476630386470285
70,3,71.172676184,65.2110703165,69.523088625,72.10127426,74.03366823,74.7935527375,62.21268946,75.03615334,33.2419307,29.0254896,32.58001175,33.6342825,35.16423575,35.4898738,26.458371,35.519095,0.9094836000000001,0.83765115,0.90573625,0.918666,0.9363600000000001,0.9495262,0.825651,0.952156,2.9883378744,2.641094124305,2.745667874825,3.0583883523499997,3.139744281775,3.3590462684599998,2.6245548725,3.4215378761,286058.0,168492.7,232166.5,274767.0,300455.25,466457.5499999997,141319,589956,0.10594987576437384,0.05761765025020425,0.08392854560703338,0.09399997689779267,0.10405682315503173,0.19650078483521055,0.045100273182189544,0.25637776387150607,0.2197424572000159,0.20332799865004744,0.20584569599999725,0.21465913899999123,0.23137771300001475,0.243852948450035,0.20237265900004786,0.24973812899997938,7.949053300685823e-08,6.89566329131636e-08,7.393230931671114e-08,7.526613130267996e-08,7.836052493637097e-08,1.0203118850124483e-07,6.551912913602984e-08,1.0852894633916501e-07,17.32513028175134,11.512490808485225,16.273479820132874,17.39827686722422,18.431219316127965,23.22171322404487,9.278929276081605,25.499295919161614,0.0015293633475553666,0.0007775261208387441,0.0011472133219642086,0.00131985717545993,0.0014506439595170337,0.003042142670584058,0.0006010472442241739,0.004120988275813821,0.0033420316399428002,0.0017185524931626868,0.0024043167510380973,0.0027300273097621477,0.0030335706897687375,0.007046512670357516,0.0012697472495340758,0.009689854446122404,0.11771126267758802,0.06657518109592533,0.08992155234877032,0.10058081495727865,0.1112188347652374,0.22613227639346714,0.04878875159123879,0.30080059774814805,0.3241823928805495,0.1723595705701651,0.23531727610695155,0.26824562824734205,0.3087545112782732,0.6513957613153543,0.1260110194456036,0.8772062296761802
70,4,71.885576484,65.8302606005,70.146176895,72.84527925,74.819264195,75.7206420265,62.54330189,75.97339687,33.3611892,29.125501999999997,32.63562775,33.7137255,35.2728495,35.743324300000005,26.483849,35.864476,0.9116886,0.84051385,0.906832,0.9218,0.93832675,0.9505342,0.830077,0.952795,2.9731240034199997,2.691877150565,2.748279392725,2.9870177507499998,3.1235547066000002,3.316192352755,2.671350956,3.4454605579,292159.1,175746.45,238036.0,280314.5,305988.75,472430.39999999973,149205,594591,0.10812104644016943,0.06005614895467313,0.08605037885360634,0.0958515792759305,0.1064326507676033,0.1985711149353357,0.04761699601715686,0.25839200041718813,0.24427238900001952,0.21737736610002117,0.2225076837500808,0.24627689549998877,0.25409163150001746,0.28349391219999515,0.21400411300004407,0.30259396600001764,8.794692199541137e-08,7.782732879542762e-08,8.008948825843585e-08,8.144188647373586e-08,9.474130551110248e-08,1.0750651658583562e-07,7.736281486785097e-08,1.0851806424698466e-07,16.86424481426694,11.363441061874418,15.935339932148562,17.009150720514324,17.971220920284196,22.194150721908674,9.20659747624838,24.15156998760095,0.0015458904092608145,0.0008037728541210577,0.0011631395016860812,0.0013318490691043147,0.0014649332491215522,0.003055481072084727,0.000626758812675383,0.004131409641141799,0.0033988286761493054,0.0017769825414433893,0.002456731144767976,0.002775515016480267,0.003096071671054655,0.007110657692425375,0.00132769250600948,0.009756587889365634,0.11985985570102257,0.06900463975760819,0.09202248201991396,0.10228845653227293,0.11376610448967209,0.22824007391820172,0.051281908920036166,0.3028256008264537,0.32928137691699455,0.17939343253745021,0.2439492466034551,0.27584050498406953,0.3049475348193677,0.658839740188438,0.13480281177304207,0.8902794459143021
70,5,69.515599894,58.419643195999996,66.59350719,70.22121326499999,74.492559935,77.9851176985,51.95594765,79.54130962,33.1111533,28.2195668,32.621693,33.401285,34.244458,36.828734149999995,25.448024,37.445447,0.9139531,0.8461677000000001,0.8990549999999999,0.921849,0.94721825,0.9520074,0.831099,0.952677,3.33011288643,2.7706591964,3.01038998365,3.3731870650999998,3.564275741575,3.88970613481,2.6801838875,3.9260296822,234808.1,157958.95,200084.25,222241.0,246283.25,356270.0999999998,137119,441843,0.08666839412169088,0.05390754307403732,0.07193622155547784,0.07626814737694487,0.08367966380470421,0.15159675636211922,0.04375989328022876,0.19201215060492283,0.9239026640000191,0.8264386998499589,0.9105552435000845,0.9212131255000315,0.9439836525000231,1.0228218260999595,0.8215572739999288,1.0686113429999295,3.3140116112787047e-07,2.9974207596127076e-07,3.291687809987812e-07,3.363509984672362e-07,3.407845917234559e-07,3.5041068208107763e-07,2.925267281327091e-07,3.570249591502959e-07,20.420669966322816,14.547547528307437,19.86965109062007,20.648669017012388,22.382025151888136,24.612808559061314,12.389378127524935,26.280347727156702,0.0013241087199743961,0.0006989698309629137,0.0009931801604839382,0.001123602552998636,0.001194151234694372,0.002701060657154199,0.000550153039839134,0.0036956721855678216,0.002760647482349864,0.0015292532090785487,0.0020890414480200614,0.0022818604170817304,0.0024763218299445433,0.005604956554148542,0.0011686305488682977,0.007545267585605972,0.09632250805821979,0.05990427776452546,0.07754254780348542,0.08140912814467091,0.08944722749255435,0.1777925956330669,0.04616558174495855,0.23103402916490431,0.297541316335182,0.15288234210543067,0.21948674621991765,0.2700567814889062,0.2916593001620631,0.5683058923807063,0.11728456088838865,0.7383463749469754
70,6,69.799596205,58.634379095,66.72962693,70.46126541,75.005396425,78.23891631149999,52.23764975,79.66933956,33.1470588,28.1526392,32.6123405,33.414041999999995,34.3648865,36.944645699999995,25.248656,37.577586,0.9148314,0.84512285,0.901577,0.9224304999999999,0.94816725,0.9535120499999999,0.829583,0.954228,3.27394566535,2.60457849502,3.08771127465,3.2418087720499997,3.4665739535999998,3.9611207961999995,2.5365898609,4.0867528915,238049.5,161852.9,203076.5,225167.0,250367.5,357642.3499999998,140621,439208,0.08778550235767262,0.05523361570556966,0.07287255006457322,0.07755039331366764,0.08527932926892641,0.1517195278820747,0.04487751480800654,0.19086705604227508,1.4168460203999929,1.1867085348000614,1.3598061074999634,1.4382138754999687,1.4691593024999747,1.610123879949995,1.0768921440001122,1.6601101539999945,5.100094113313827e-07,4.11481941396695e-07,5.10163266112112e-07,5.253442928538488e-07,5.311033397319013e-07,5.630300008560982e-07,3.43677282475526e-07,5.740372375191209e-07,20.070574881302175,14.463918258622954,19.598501953013464,20.303374936287334,21.855211438762876,24.1162528411544,12.463707400593796,25.62586669131922,0.0013334236360794751,0.0007129093578309302,0.0010069491076341811,0.0011360603905671046,0.0012154125360342443,0.0026877406678805604,0.0005632971862934638,0.0036538216584346824,0.0027948426853207243,0.0015660952630727498,0.0021228605260321027,0.0023112258641039708,0.002517419144851183,0.005632162197577022,0.0011942628461553263,0.007559493703042058,0.09746919134398045,0.06131386609741543,0.07858724928035093,0.08268147601419115,0.09125352181590757,0.17800240908008225,0.04730352330418497,0.23007590083484725,0.2995221200858523,0.15501562122087195,0.21461318583238215,0.27002883291890856,0.2785528024281604,0.5906582091791264,0.11383584904437899,0.7800264931728602
70,7,69.917633912,58.8367287565,66.81570295,70.58284606000001,75.0436453275,78.462768348,52.61201476,80.10833238,33.2070213,28.3115476,32.6469845,33.428968,34.365951499999994,37.05658515,25.501717,37.775502,0.9156188999999999,0.8474338,0.9019597500000001,0.9227215,0.9490992500000001,0.9535542,0.833032,0.954258,3.27900660037,2.632991266255,3.09904575345,3.2379256487,3.466805636875,3.953042662105,2.5882236958,4.0612711906,238720.7,161848.65,202868.0,225012.5,250213.25,361740.1999999998,140466,446567,0.08808191046522325,0.055235690809094656,0.07278354866962916,0.0775259919602059,0.08529829680247375,0.15343835871227915,0.04482804840686275,0.19406506396884995,1.661809564500004,1.3343022173499435,1.5986336025000156,1.6698334430000443,1.7423037930000191,1.9538112722000047,1.1850734229999489,2.0560674560000507,5.991575202933765e-07,4.5356134256598873e-07,5.578423694256275e-07,6.287660412690253e-07,6.545763243464201e-07,6.870638529014242e-07,3.782020472707149e-07,7.082862336601693e-07,20.056806744114407,14.357482587530946,19.605212567584324,20.318088113662363,21.837107236918992,24.140342522404847,12.258317340958916,25.65414406333205,0.0013355413129823952,0.0007110160300618718,0.0010069891397361584,0.0011341369830009072,0.0012159102641862264,0.0027040147421971868,0.0005595928297972485,0.003688607342906667,0.002797399424410281,0.0015620055300673422,0.002121918053726876,0.002306835876565639,0.002517781038429388,0.005656577747319745,0.0011866962987510461,0.007609882266705805,0.0976926939340369,0.06122016592731218,0.07852936726785598,0.08263798782237688,0.09128765133074365,0.1794559158020179,0.047190151437043984,0.23296231593606243,0.3006684734426061,0.15621025229545288,0.21548681587156304,0.2702051598943803,0.2774475235726789,0.5954739586674257,0.1160250171231116,0.7881508533986364
70,8,68.703348638,57.698186447999994,66.40099868499999,68.98088812,73.471759955,76.823044221,51.47330862,78.59893494,32.967911900000004,28.0612795,32.52129675,33.3028365,33.924487750000004,36.7027753,25.299391,37.436872,0.9117843999999999,0.84271685,0.896954,0.920793,0.9459372500000001,0.9494667999999999,0.826763,0.95041,3.34589731692,2.872128760785,3.194529593,3.3954850435,3.51162391905,3.728915011845,2.6782815456,3.8774206638,223802.9,148216.35,196202.0,209736.5,233758.75,340544.4999999998,127371,421180,0.08262936439117988,0.050612705700020605,0.0687944865763184,0.07326208138122506,0.07948269102418806,0.14436205326102064,0.04064893535539216,0.18303261020720346,5.6205807124999865,4.602255388949982,5.265386875000004,5.713020504500008,5.913061122750008,6.491622358099937,4.23542429400004,6.519104479999896,2.0200721908484717e-06,1.6526549882153393e-06,2.0583967178668627e-06,2.076749112830037e-06,2.1070391219191034e-06,2.173645991785781e-06,1.3516851428462139e-06,2.194846207498918e-06,21.466641456744554,15.288208182401185,20.279638125368336,21.75032019828231,23.548143773845524,26.467213598857818,12.99719834749988,28.29164409480965,0.0012771114345753616,0.0006648872004325947,0.0009515980795636767,0.0010970580738912015,0.001162868821087927,0.00259999565152389,0.0005171690352601126,0.0035558742018787963,0.002645570515421564,0.0014399741440078492,0.0019790866061125574,0.002239343007129067,0.002367032344025065,0.0053689636957528885,0.0010857994587633326,0.007234664668695126,0.09210999333660616,0.05618673256262056,0.07320845968371816,0.07956367923434779,0.0858711785996639,0.1700490553010819,0.042915246613821456,0.2213846171238958,0.285104737101039,0.14889441294059796,0.2211715805189904,0.25482612974723545,0.2730697733148527,0.5408343621459599,0.10886929341063419,0.7096944249666616
70,9,68.72755045,57.8020404195,66.41062861500001,68.986273705,73.4732116875,76.8231215175,51.64450119,78.59893494,32.9709968,28.07273885,32.526351500000004,33.303267,33.92499875,36.70285,25.319813,37.436872,0.911853,0.84305335,0.8969607500000001,0.9208215,0.9459375,0.94946845,0.827374,0.950413,3.23405408858,2.872128760785,3.16290295125,3.29574275015,3.364488661275,3.446785330755,2.6782815456,3.4486918449,223526.5,147787.7,195966.5,209368.0,233228.0,340786.3499999998,126977,421983,0.08253740166869876,0.05046692822997101,0.06870166258508842,0.07310880473133205,0.07936213308724117,0.1444431359511889,0.04052319495506536,0.18338157071339173,7.746242267500008,5.741542115900051,7.39855514049998,7.976823632999981,8.35712448475006,9.266344976399992,5.398950896000088,9.459085190999986,2.78488940747771e-06,1.958139715339873e-06,2.8652756520040205e-06,2.9338249376409777e-06,3.0357864682908866e-06,3.137906243138552e-06,1.9517290242350946e-06,3.201958039997902e-06,21.50540642141234,15.295307105774556,20.32303787953398,21.775021665735736,23.607109077942408,26.53205271392766,12.972465715443514,28.379430920560416,0.0012746736342694556,0.0006629760288582882,0.0009505974905998847,0.0010948212115155362,0.0011605515330608352,0.002595538160741792,0.000515569262942297,0.0035508440683497235,0.0026424865117733645,0.0014358423446997255,0.001977033173664412,0.002234408283355015,0.0023633695732232325,0.005369786255732224,0.0010824407272879357,0.007242611575108858,0.09199640201968866,0.05606429904172247,0.07304418339821807,0.07939473450921433,0.0857219156747343,0.17006829179626706,0.04278249577441652,0.22164289754499383,0.2718300525143826,0.14846780801417503,0.2209431192204256,0.23635882071327702,0.2670258177065528,0.49795521584072366,0.10853252521690257,0.6324265274242267
70,10,68.693660728,57.7016095925,66.39882742750001,68.937686845,73.467346795,76.8521079425,51.49187444,78.65177807,32.9645626,28.057253850000002,32.51129075,33.3025565,33.9208215,36.69802385,25.293897,37.428233,0.9117445999999999,0.8426404,0.8969882499999999,0.9207175,0.94582775,0.9494871500000001,0.826624,0.950447,3.32587785721,2.868574082845,3.19437110425,3.39522743225,3.449185311825,3.6685761689999996,2.6718184948,3.7650384903,223138.7,147864.7,195946.0,209048.5,232866.5,339226.4999999998,127081,419142,0.08237371376360554,0.0504923406580322,0.06869873668205759,0.07297595291804038,0.0793756258495286,0.14367255293074668,0.04055638531454248,0.18214695452649146,5.598658050199981,4.119379132099937,5.44092440999998,5.886251268500018,5.976382229999999,6.544177003449951,3.859933819999924,6.847048188999906,2.015519582955213e-06,1.4045867990662987e-06,2.005382379309606e-06,2.151666334266027e-06,2.1791884264429715e-06,2.3110235412811926e-06,1.3953719923072198e-06,2.3500085840807876e-06,21.52208273124642,15.360844735047092,20.34732652242549,21.772146100402537,23.602433444723196,26.520097844615922,13.060394806533347,28.356205884435912,0.0012731165213239666,0.0006631136419352997,0.000950576620058922,0.0010956066884700733,0.0011596422270860724,0.002587821255614419,0.0005156448628338363,0.00353739219065981,0.002637305589368352,0.0014366801250287782,0.00197716939746104,0.0022310569068021906,0.0023637000957298974,0.005344230170546393,0.0010835773442615495,0.007201221485423597,0.09182539415472035,0.05608613595427266,0.07305903550306732,0.07925957342243523,0.0857241512721093,0.1692574365407488,0.04282336881275195,0.22035043082041103,0.2814399329071968,0.14839508387139813,0.22093650659793568,0.2552802755057612,0.2688091999984212,0.5261235978224,0.10835930036562973,0.6857902946831641
75,1,74.081562868,68.6539174455,72.492249875,74.82165620500001,76.7382960875,77.5626142075,65.89508184,77.64991441,33.7449132,29.317206849999998,33.03700375,34.2417945,35.75458925,36.0818491,26.718631,36.12991,0.9167650999999999,0.84659635,0.9156245000000001,0.925441,0.9430095000000001,0.9550632,0.834004,0.958179,2.77140576838,2.4254372358,2.561942934975,2.716848135,2.9070839881749997,3.23794692753,2.4021258354,3.285233736,347644.6,200749.05,281499.0,336750.5,366603.0,564209.9999999997,168543,696339,0.12852765926728793,0.06864405364434215,0.10176231997223668,0.11619777658482272,0.12819387522074188,0.23399141896120135,0.05378848805147059,0.3026087296620776,0.20495657099998538,0.1543417707999538,0.2052253847500367,0.21309371899999974,0.22212071949994083,0.2302503581499991,0.14327643100000387,0.23100005499998133,7.423527501019556e-08,5.259466215915153e-08,6.85025004467901e-08,7.449050534299713e-08,8.158861252097137e-08,9.481431423567481e-08,5.179464941581492e-08,1.0038592294186368e-07,14.245695754116795,9.588347530148482,13.272149073542973,14.018517999646283,15.138193657362807,19.48526219746189,7.861343397396958,21.38050823825374,0.0017747861437249668,0.0008951784796129933,0.0013368869963453205,0.001568123040140171,0.0017513300140443726,0.003436385995831167,0.0006927050526734842,0.004592280959553894,0.0039907752905465116,0.002024273959044051,0.0028727581711261527,0.003309865125523567,0.003713537845801141,0.008288802780000288,0.0014948473852836512,0.011325757283824818,0.14146423059025906,0.07869394802193694,0.10827180708242098,0.1234982003273091,0.13859385229420607,0.26633023749296786,0.057925778882364595,0.3510595051457593,0.3634846248029139,0.1915224332911762,0.2605251438536941,0.3208028443731359,0.3407254788798236,0.7209110732568086,0.14421239925711224,0.9623417385142263
75,2,74.081562868,68.6539174455,72.492249875,74.82165620500001,76.7382960875,77.5626142075,65.89508184,77.64991441,33.7449132,29.317206849999998,33.03700375,34.2417945,35.75458925,36.0818491,26.718631,36.12991,0.9167650999999999,0.84659635,0.9156245000000001,0.925441,0.9430095000000001,0.9550632,0.834004,0.958179,2.77140576838,2.4254372358,2.561942934975,2.716848135,2.9070839881749997,3.23794692753,2.4021258354,3.285233736,347644.6,200749.05,281499.0,336750.5,366603.0,564209.9999999997,168543,696339,0.12852765926728793,0.06864405364434215,0.10176231997223668,0.11619777658482272,0.12819387522074188,0.23399141896120135,0.05378848805147059,0.3026087296620776,0.1955033417000152,0.15515097895004146,0.1872916422500026,0.1960884544999999,0.21233494749999693,0.22644724390001156,0.14780574099995647,0.2354418520000081,7.055028434579579e-08,5.285320862944411e-08,6.770325331750988e-08,6.969076941986517e-08,7.586984236443447e-08,8.707942967946261e-08,5.2379650480030046e-08,9.253337548671697e-08,14.245695754116795,9.588347530148482,13.272149073542973,14.018517999646283,15.138193657362807,19.48526219746189,7.861343397396958,21.38050823825374,0.0017747861437249668,0.0008951784796129933,0.0013368869963453205,0.001568123040140171,0.0017513300140443726,0.003436385995831167,0.0006927050526734842,0.004592280959553894,0.0039907752905465116,0.002024273959044051,0.0028727581711261527,0.003309865125523567,0.003713537845801141,0.008288802780000288,0.0014948473852836512,0.011325757283824818,0.14146423059025906,0.07869394802193694,0.10827180708242098,0.1234982003273091,0.13859385229420607,0.26633023749296786,0.057925778882364595,0.3510595051457593,0.3634846248029139,0.1915224332911762,0.2605251438536941,0.3208028443731359,0.3407254788798236,0.7209110732568086,0.14421239925711224,0.9623417385142263
75,3,74.081562868,68.6539174455,72.492249875,74.82165620500001,76.7382960875,77.5626142075,65.89508184,77.64991441,33.7449132,29.317206849999998,33.03700375,34.2417945,35.75458925,36.0818491,26.718631,36.12991,0.9167650999999999,0.84659635,0.9156245000000001,0.925441,0.9430095000000001,0.9550632,0.834004,0.958179,2.77140576838,2.4254372358,2.561942934975,2.716848135,2.9070839881749997,3.23794692753,2.4021258354,3.285233736,318558.1,186326.15,257826.25,307173.0,335803.75,517718.2999999997,154400,646367,0.1178861304129855,0.06375968372230897,0.09320458456243855,0.10515695351587354,0.11674557637917353,0.21653196791127785,0.04927491830065359,0.2808923480739814,0.2088372154000183,0.16194008570012103,0.20011488950002843,0.2110146254999563,0.22752395649996515,0.24683194264999314,0.15210798800012526,0.24955768400002398,7.555152445099177e-08,5.522534815171809e-08,7.234183928365884e-08,7.544232689271178e-08,7.768976870664804e-08,9.811645005302038e-08,5.498727080807351e-08,1.0845053017662008e-07,15.553207764347459,10.390646990677325,14.572211697502068,15.527278053765286,16.482619213820882,21.068624610757173,8.469120484183135,23.33895725388601,0.0016281333611077669,0.0008315898512776406,0.0012279779771957552,0.001419016255560718,0.0015788426556503077,0.003180782453116132,0.0006345778829900142,0.0042627209835783605,0.0036634444152103514,0.0018813631048308092,0.0026387443462410516,0.0029950120886920195,0.0033486341797402067,0.007673621188173106,0.0013694098021739007,0.010512976809103035,0.12979655521833267,0.07314056902917104,0.09946006941917461,0.11175857045508714,0.12495749675400022,0.24649381295857942,0.05306503538822196,0.32586610711528297,0.3335626579371377,0.1760512828938865,0.24243337271949317,0.2924823883376234,0.30627687398054315,0.6672828585245569,0.13211106035431985,0.8932803454900917
75,4,74.60944045599999,69.126846786,72.8734556225,75.354231975,77.40266786,78.23458917399999,66.1614642,78.27660436,33.8388073,29.3988564,33.0802255,34.3048735,35.883737,36.2392307,26.741808,36.245132,0.9183802,0.84872205,0.9167985,0.927308,0.9442389999999999,0.95584295,0.837333,0.958664,2.80954046249,2.48365567923,2.552041709425,2.7599672079,2.976005136975,3.244000196455,2.477285862,3.267850399,324635.1,193543.9,263613.75,312747.0,341352.5,523520.6999999997,162421,650769,0.12004716802703733,0.0661820228846286,0.09529677468332466,0.10702595597950648,0.11908733388439723,0.21855414450354593,0.051834724775326795,0.28280532957863996,0.22751767210000934,0.17432786955002938,0.21686436100003448,0.23275118649996784,0.24239472649998106,0.2679526650500407,0.16397699700019075,0.26947832300004393,8.22733325981672e-08,5.9455308368729116e-08,7.857514938344971e-08,8.365270363041838e-08,8.666749224578686e-08,1.0372923076459883e-07,5.927793575401655e-08,1.1710746201851443e-07,15.178047778556301,10.270886796036788,14.301684392069356,15.201363796017827,16.117809368781025,20.213036170936956,8.411832770153465,22.18638599688464,0.0016465293663234623,0.0008581205573585459,0.0012462849478731114,0.0014334628494653613,0.001594993308270524,0.003196382578392153,0.0006621994553690013,0.00427447205103783,0.003720075189299274,0.001940533649413876,0.0026925521054712055,0.0030410428235772666,0.0034114557702728376,0.007735436669654882,0.0014301154917942304,0.010575400495682265,0.13196419517182797,0.07559034877232759,0.10161034815185364,0.11354256190638289,0.1274632954072777,0.24858451259815664,0.05563414761864706,0.3278362629904873,0.3441492895760556,0.18513279711376557,0.25475892260549826,0.2969580567693443,0.31917846965826185,0.6837154794116475,0.14073748957104418,0.9091766993445384
75,5,72.932453025,62.611929007499995,70.39714057,73.51582117,77.442229845,80.793982574,56.7775983,82.03015061,33.747207200000005,28.71845765,33.364144499999995,33.948012500000004,35.2041595,37.3820288,25.80272,37.89068,0.9233506,0.85861265,0.9126275,0.930779,0.95292675,0.9592969,0.846869,0.960196,2.9672950029300003,2.39398916959,2.688727378825,3.1116731167,3.267594277875,3.351902043795,2.2897968292,3.3579523563,274544.6,181994.45,232783.5,262995.0,289603.25,414188.6999999998,157280,503511,0.10119694499573428,0.06212666381080456,0.08404223430880003,0.08951591329747238,0.09901977235457697,0.1744487745098038,0.05019403594771242,0.21881127450980392,0.8631946846000119,0.6454638892000844,0.8337522084999875,0.8843786255000055,0.9327233567500031,1.0358152120999902,0.6110203060000003,1.1037818629999947,3.104649774016218e-07,2.2008304591112296e-07,3.0776036730405164e-07,3.2106927453872615e-07,3.417298918342249e-07,3.5918006079137354e-07,2.194270839716692e-07,3.648428978062588e-07,17.44204823862882,12.553380989478987,16.877338819760322,17.720308219825338,18.810337656213754,21.34356347464467,10.871976977662852,22.911590793489317,0.0014573353040691806,0.0007787597547562686,0.0011169530933591507,0.0012458645036965046,0.0013660222781261798,0.0028720160844302603,0.0006118974008270739,0.003853831107009046,0.0031596418433340926,0.001744052924505877,0.002399814865169338,0.0026168665817461233,0.002869686009250959,0.006340018837695045,0.0013247066547159463,0.008480163118841887,0.11106922029530683,0.06855349026147337,0.08996090186715153,0.09466775915442908,0.10607594139975586,0.20105218301347283,0.05274582627717591,0.2583767672565697,0.3092348262546371,0.15430559704943328,0.22714196744675436,0.28123910861495194,0.3257140290558713,0.5730796308275012,0.11493414435782273,0.7318158868465319
75,6,73.21273849299999,62.972861406,70.55426844,73.70880464499999,77.7998899625,81.0703757825,57.12787464,82.2839921,33.767258399999996,28.632484849999997,33.33377325,33.9505305,35.280174,37.51004425,25.589048,38.068915,0.9239558000000001,0.8572604,0.9148405,0.931108,0.9539525,0.9603156,0.845114,0.961248,2.9704078912900003,2.351405882855,2.736023962525,3.0104280709999998,3.2943693399750003,3.52261821034,2.328476429,3.5318667889,277134.5,186057.1,235645.5,264760.0,292493.0,414437.74999999977,161209,499085,0.10206000173669758,0.06350377269212903,0.08492682644130661,0.09039544652669326,0.10042033873145496,0.1738901630510359,0.051447929432189544,0.2168878633013489,1.4004801116999999,1.0503306832500243,1.35380483874998,1.4468642329999852,1.48751611725001,1.6412602580000166,0.9916082370000368,1.7020327850000285,5.043548764942794e-07,3.582686603688092e-07,5.048134175579647e-07,5.313571544768339e-07,5.41781907607437e-07,5.857921243429052e-07,3.5810564810559934e-07,6.206537577353383e-07,17.216146586742106,12.546300315402378,16.787044551228703,17.478511531187188,18.57985259029553,20.86573980308172,10.968392157648497,22.353187477125967,0.0014617930618605816,0.0007929352712697773,0.0011297630297735079,0.0012498660336381783,0.0013845458363027634,0.0028459230590015495,0.0006252483395514489,0.0037965330351969295,0.0031868813855162937,0.0017810017709581599,0.002431573078822439,0.002636116569269574,0.00291486499588404,0.0063494242266591006,0.0013514419686557798,0.00847580821691174,0.11194743349526559,0.0700744128150608,0.09085540601760432,0.09552600715773896,0.10771578149156458,0.20054268113542117,0.05400699697694511,0.25663740430444754,0.3131569698282112,0.1611230892948601,0.22073142715589922,0.28958413853122167,0.3292517864757882,0.5831740108053414,0.11979529100370871,0.7615614758818439
75,7,73.322775872,63.3207660455,70.63331100250001,73.94985463,77.7554234275,81.0610461815,57.87303599,82.27078862,33.8792362,29.02692485,33.37964625,33.971453,35.28058825,37.64275795,26.148548,38.293102,0.9252202,0.86163015,0.9155035,0.9314475,0.9542390000000001,0.9603655999999999,0.852078,0.961289,2.98380055428,2.34760071042,2.76347589495,3.0190221071,3.3008236885,3.5526016235599998,2.3215801716,3.5931720734,279321.6,186420.0,235816.5,265036.0,294849.25,423844.9499999998,161589,516135,0.10298791320346275,0.06362610763504793,0.08498449652664808,0.09050353548499046,0.10045868189988938,0.17853538928869409,0.0515692018995098,0.22429729870671672,1.6485311940999794,1.1298660241999414,1.6382702417500212,1.7230327849999867,1.7631196407499772,1.9934331817499809,1.0761697309999363,2.113174547999961,5.946887778904812e-07,3.8490700600036927e-07,5.659551724535986e-07,6.369508836904867e-07,6.720072220215881e-07,7.095226391319692e-07,3.8152791404971777e-07,7.382638841086042e-07,17.15003730823547,12.279719428765121,16.757921570969188,17.468961605285468,18.578954784428433,20.82330470660026,10.606062367403878,22.300620710568168,0.0014713115882924567,0.0007948127053290934,0.0011299513190294284,0.0012520175014537863,0.0013850953835757532,0.002892308729740156,0.0006268227491741016,0.0038756788004948198,0.0031986334759692404,0.001778742012105334,0.0024308539025233106,0.002636980066509592,0.002915703473386903,0.006413047926107302,0.0013466969037794275,0.008577810848492112,0.11274558249329136,0.07012077076355291,0.09089622832852083,0.09561740001635145,0.10774271529001403,0.20462069889000134,0.05407622999846881,0.26323564122852217,0.3186903783280982,0.16109912971492094,0.22320364887745928,0.28925582512126036,0.3297889383994401,0.6102452629987486,0.11972203659513901,0.8059387898520324
75,8,72.586667359,63.136536966,70.3807924725,72.831844925,76.546866445,79.82379203549999,57.58228134,81.18709134,33.6887244,28.816026649999998,33.42416425,33.7994815,34.857313,37.32807495,25.989533,37.996698,0.9224498000000001,0.8585195,0.91191225,0.9305165,0.951146,0.9571858,0.848804,0.958291,2.85141124726,2.49845123294,2.70222336055,2.9216990470499997,3.0135276914,3.088498187075,2.4735667706,3.0987663269,264997.4,171673.1,229997.25,250643.5,277909.0,405383.8999999998,146933,494429,0.09778175600167537,0.05863656406688321,0.0816844132852717,0.0871482590086182,0.09460764332293113,0.17027124747948816,0.04689191431781046,0.21486450076484495,5.489561876700032,4.079891312900088,5.255633570000029,5.694430045500013,5.972790378249982,6.451450791250051,3.842959508000149,6.553973020000058,1.974577184230761e-06,1.391589232752285e-06,2.023488889102834e-06,2.085749549156767e-06,2.1504737842956524e-06,2.2305266973943013e-06,1.3892357525016445e-06,2.2797346405228923e-06,18.165010673831176,12.916449676715057,17.098855225677358,18.402673643497323,19.985676341602925,22.676478997653945,11.071680665980352,24.525021608488224,0.001410839277574141,0.00074338498936475,0.0010660666290860437,0.0012295523143316311,0.0013327099351040691,0.0027790381248407664,0.0005775784492812261,0.0037314343191121114,0.0030574371319895704,0.0016494143223010243,0.0022752126225707367,0.002600756542587869,0.0027868370052285983,0.006161381226852873,0.0012341049824332224,0.008267347503506313,0.10741909163812235,0.06484893712020386,0.08579682678954405,0.09365209967797294,0.10267439829538133,0.19595709368074715,0.049294529695152176,0.25313794558560626,0.2841488722698859,0.1522457101725189,0.21236647770024555,0.25886915028297286,0.28490127808158194,0.5184432158195853,0.118583347901674,0.6658148798162808
75,9,72.62233843300001,63.3243879435,70.395144065,72.81393155,76.5513063925,79.82379203549999,57.88908588,81.18709134,33.6931109,28.8315391,33.4290745,33.800691,34.859624000000004,37.32807495,26.015575,37.996698,0.9225346999999999,0.8589075,0.91194975,0.9305455,0.9511485,0.95719625,0.849507,0.95831,2.78361439705,2.49845123294,2.6856944561250002,2.84970653055,2.916889250275,2.93327367304,2.4735667706,2.9399073124,264758.2,171173.15,229666.0,250323.0,277339.25,406071.6999999998,146438,496150,0.0977114340173077,0.05846736482779875,0.08155509952702043,0.08700763491237203,0.09442862310392447,0.1705710097691558,0.04673394097222222,0.215612397441246,7.79537351140001,5.794331530299928,7.455157324250024,8.160762486000067,8.27368206325005,9.25503209919999,5.482799232999923,9.397853730999941,2.8033576532817966e-06,1.9758071873927964e-06,2.9068213966918336e-06,2.969392965722434e-06,2.998722444518121e-06,3.1637534335693163e-06,1.9707073462392557e-06,3.2238941489361795e-06,18.195873827851777,12.909981026923713,17.13395472863965,18.436730881830936,20.017556701389154,22.74515742464405,11.033276226947496,24.6079228069217,0.0014081203383360043,0.000741236623317992,0.001064699077506167,0.0012267379910097828,0.0013298135107807575,0.0027741511567687858,0.0005756326553997004,0.003724577684439435,0.003055100379785525,0.0016446842761424771,0.0022723232886367874,0.002596265914122746,0.0027813776769366025,0.006169051403983094,0.0012299474278586581,0.008287819794152003,0.10732794798277356,0.06466289941887145,0.08566027126197683,0.09349788176236332,0.10247541890390999,0.19620402875915252,0.049128462220867294,0.25380885318337104,0.2757993735841023,0.15180789974996473,0.20952244171443532,0.24792595276201954,0.2754381945497486,0.49971482070958484,0.11818385454612194,0.6307020308012359
75,10,72.594663817,63.185445250499995,70.3935502625,72.79828835500001,76.548384915,79.835539443,57.65017305,81.18153096,33.6866337,28.816404549999998,33.41780025,33.7975965,34.843006,37.3346691,25.992106,38.012991,0.9224564000000001,0.85853525,0.9118925,0.9305684999999999,0.9512085,0.9571796,0.84884,0.958319,2.88532328605,2.53504536151,2.71269351245,2.9436055422000003,3.04643845555,3.155690383885,2.5218615532,3.1752915382,264160.2,171074.5,229440.0,249657.0,277067.25,404242.4499999998,146275,493090,0.09747718878458031,0.05843550058585842,0.08133232632562612,0.08683664468737348,0.09433899402370184,0.16978098708455003,0.04668192146650327,0.21428261020720346,5.70676356739998,4.16283881610002,5.606747380749965,5.948719593499959,6.058308549249972,6.712083880950001,3.9242709929999364,7.001390334000007,2.0558029826152067e-06,1.4199554887442877e-06,2.054167648789367e-06,2.1786582236175956e-06,2.2237253847011766e-06,2.4001432258699898e-06,1.4186299789605878e-06,2.5084118251112197e-06,18.22532270923492,12.955365806455033,17.168811646076357,18.451601560904813,20.073240528980467,22.76115403827978,11.101746131537853,24.635344385575117,0.0014060524529240191,0.0007408775535958404,0.00106295155506903,0.0012253133610789072,0.0013283501932862345,0.0027694307883639455,0.0005750313022490857,0.0037169465219359554,0.0030481490335212734,0.0016435515062672061,0.002269915085465117,0.0025919273722413054,0.0027790882444254116,0.0061434583019191955,0.0012280517854147092,0.008244141902437743,0.10708477886154603,0.06462597239131933,0.08543680309407932,0.09331203117445072,0.10238306254963682,0.19538996031520428,0.049067174976458884,0.2524416971481121,0.2868123397521014,0.15154709826470902,0.2168142951649196,0.2597245271455215,0.29434488482870236,0.5225340475647955,0.11772534297587635,0.6710760111750257
80,1,77.132259037,72.2858531205,75.781033145,77.538063405,79.5806084525,80.37159731199999,69.8005317,80.3875645,34.4214839,29.8388458,33.74690375,34.993959000000004,36.38031275,36.84786495,27.256267,36.947445,0.9252556000000001,0.85898215,0.9266427500000001,0.9330745,0.9500744999999999,0.96054995,0.846325,0.964091,2.41981403826,2.198767435555,2.2645227909249996,2.4498554468,2.504823386625,2.6504988670149996,2.1961550713,2.7261779308,394689.3,228823.75,319159.25,380474.5,417874.5,640208.4999999997,190099,780685,0.14583786434979948,0.07829084800690649,0.11537655807160623,0.1308184349514142,0.14816571368649323,0.2639296064525099,0.060667828329248365,0.33926305451258515,0.20197004429999196,0.15823970774994223,0.19629625924994798,0.20020915549997653,0.21757797275000712,0.2407303990500338,0.14977084499992088,0.254843385000072,7.280440602775984e-08,5.395608844551142e-08,7.136959625108594e-08,7.237591658712785e-08,7.881058999939657e-08,8.934038576290673e-08,5.3803659875398384e-08,9.589415241273612e-08,12.53408096145662,8.455543778800312,11.764415737597668,12.17643493956919,13.394400567194532,17.143485842026685,7.011995875417101,18.956096560213364,0.0019270977061367975,0.0009849476342999376,0.0014576385503297048,0.0016972371016629043,0.00194010619628145,0.0036791558827349298,0.0007550249716609939,0.004860465189158225,0.004435203836883296,0.0022736488921401275,0.003194639342661296,0.003644954050417107,0.004202418094963517,0.009152920030759074,0.0016584305297413645,0.012447157731195733,0.1588640780831659,0.08879877600596874,0.121824812980712,0.13815927127811833,0.158361290415749,0.29636538584183425,0.06494191555990816,0.38797218659524496,0.35974671426074256,0.18940255705070455,0.2637065948297846,0.30724117205158064,0.3615966552166961,0.7018808844774254,0.14483872961293584,0.924891451948007
80,2,77.132259037,72.2858531205,75.781033145,77.538063405,79.5806084525,80.37159731199999,69.8005317,80.3875645,34.4214839,29.8388458,33.74690375,34.993959000000004,36.38031275,36.84786495,27.256267,36.947445,0.9252556000000001,0.85898215,0.9266427500000001,0.9330745,0.9500744999999999,0.96054995,0.846325,0.964091,2.41981403826,2.198767435555,2.2645227909249996,2.4498554468,2.504823386625,2.6504988670149996,2.1961550713,2.7261779308,394689.3,228823.75,319159.25,380474.5,417874.5,640208.4999999997,190099,780685,0.14583786434979948,0.07829084800690649,0.11537655807160623,0.1308184349514142,0.14816571368649323,0.2639296064525099,0.060667828329248365,0.33926305451258515,0.19996241510003757,0.15798175355012062,0.2004901265000001,0.2077156115000207,0.21098503300001425,0.22072647745000606,0.14875736600015443,0.22449463299994932,7.220072753117599e-08,5.388402449225106e-08,6.964051449845662e-08,7.327544681589855e-08,7.62286423086999e-08,8.794830119333963e-08,5.37760158193629e-08,9.05139553782729e-08,12.53408096145662,8.455543778800312,11.764415737597668,12.17643493956919,13.394400567194532,17.143485842026685,7.011995875417101,18.956096560213364,0.0019270977061367975,0.0009849476342999376,0.0014576385503297048,0.0016972371016629043,0.00194010619628145,0.0036791558827349298,0.0007550249716609939,0.004860465189158225,0.004435203836883296,0.0022736488921401275,0.003194639342661296,0.003644954050417107,0.004202418094963517,0.009152920030759074,0.0016584305297413645,0.012447157731195733,0.1588640780831659,0.08879877600596874,0.121824812980712,0.13815927127811833,0.158361290415749,0.29636538584183425,0.06494191555990816,0.38797218659524496,0.35974671426074256,0.18940255705070455,0.2637065948297846,0.30724117205158064,0.3615966552166961,0.7018808844774254,0.14483872961293584,0.924891451948007
80,3,77.132259037,72.2858531205,75.781033145,77.538063405,79.5806084525,80.37159731199999,69.8005317,80.3875645,34.4214839,29.8388458,33.74690375,34.993959000000004,36.38031275,36.84786495,27.256267,36.947445,0.9252556000000001,0.85898215,0.9266427500000001,0.9330745,0.9500744999999999,0.96054995,0.846325,0.964091,2.41981403826,2.198767435555,2.2645227909249996,2.4498554468,2.504823386625,2.6504988670149996,2.1961550713,2.7261779308,363907.0,213491.35,294441.5,350081.0,384049.0,591793.8499999996,175780,729677,0.1345839186451761,0.07308179322383451,0.1064410535600671,0.11955998372339349,0.13463619756646206,0.24562511038103169,0.056098090277777776,0.31709645737727715,0.21969382490000272,0.18000175969999646,0.20863847575000705,0.22647152449997066,0.23452431274998276,0.24565717220003194,0.16567409000003863,0.2469261019999749,7.940427032276507e-08,6.130560483442755e-08,7.47661481463752e-08,7.817601734156979e-08,8.359367110229214e-08,1.0052158064988063e-07,5.989143747470886e-08,1.0608149857465132e-07,13.598979859704267,9.119858552930644,12.804113281043552,13.386517230965733,14.525689610126584,18.421607056495635,7.502168767824668,20.500256001820457,0.0017787431310871706,0.0009194836813365842,0.0013445930792976794,0.0015511882110037086,0.001762507367406308,0.0034249816133019913,0.0006981535385171385,0.004542894583384344,0.004096560941713809,0.0021232437790908677,0.0029468545092148917,0.003331341287652701,0.003818360096737273,0.008523270335592888,0.0015335110574907656,0.011633891661586567,0.14665196313172185,0.08292317090432348,0.11238355280467724,0.12627006670995594,0.1438761917021219,0.2758642332645086,0.06005023654580328,0.3626230569285417,0.33208459007611213,0.17681698159340253,0.2430627933040826,0.2827998640784252,0.32758257417345893,0.6533737651669607,0.1339289101539822,0.8644613640367959
80,4,77.530197164,72.6287156155,76.01657962750001,78.04462788500001,80.009388015,80.9141433535,69.95393344,80.95504366,34.4967127,29.89482615,33.7795125,35.0444995,36.56350475,36.9343881,27.267651,37.033938,0.926607,0.86057865,0.9278824999999999,0.9345515,0.9510265,0.9611274,0.848853,0.964434,2.40894756316,2.18161410095,2.2408386469,2.463486433,2.509856700875,2.638802826385,2.1583244801,2.6986327171,369890.1,220550.75,300468.25,355673.5,389283.75,597380.8499999996,183707,733779,0.1367077011250793,0.07544907880936759,0.10861973292266759,0.12144878404440684,0.13698240888353866,0.2474983768773465,0.05862789777369281,0.3188790675844806,0.2360256234999838,0.17792544949996908,0.23607825299998808,0.24067353300000605,0.25688887049994946,0.2684504787499861,0.16707451399997808,0.2711796950000007,8.54746048148821e-08,6.067560494456241e-08,8.134987984450116e-08,8.541533778703537e-08,9.331305119945673e-08,1.0970292448068347e-07,6.039769289720997e-08,1.1784682893547521e-07,13.314185211033669,9.034967205314885,12.595423063242734,13.139241776928847,14.244520971095856,17.773656805984654,7.460229851222235,19.615665162459788,0.0017978564669437346,0.0009454554392218372,0.001363899852558139,0.0015672907078648525,0.001780145722235503,0.003440059998771495,0.0007250171405792642,0.004558415115541508,0.004152019938105503,0.002180999327711026,0.0030006253173965303,0.0033774576629454736,0.003879546201875529,0.008581628566191055,0.0015926907616763946,0.011694409158474289,0.14877123321353633,0.08532057189851454,0.11451630590770939,0.12807459898067247,0.14633242843075248,0.277802932798733,0.06258903246002273,0.36447070851228197,0.33573043567955463,0.18092048854455,0.24714755884709871,0.28591919703356483,0.32971797315223533,0.6550949945128797,0.13582747104877024,0.8605374845818214
80,5,76.69584925000001,67.6428587935,74.37633272,77.300309705,80.6425991175,83.44212231649999,62.68102549,84.28748567,34.6077815,29.52403405,34.25752275,34.673941,36.41612075,38.0751307,26.488105,38.503213,0.9338407,0.87355015,0.92838675,0.9406289999999999,0.9602707500000001,0.9662624,0.866401,0.967481,2.57382791041,2.049150836445,2.2823639512000002,2.5586357117,2.879689574225,3.136798655945,2.0252063274,3.1829769611,333119.6,218095.65,281870.25,320695.5,355425.75,499367.99999999977,188271,593103,0.12258846926564926,0.07445521563679398,0.10189652741627625,0.10964600329553835,0.12230416515852746,0.2080941385064663,0.06008444393382353,0.2577453587818106,0.8956933054000047,0.6700737476500876,0.8773012822499879,0.9189523320000035,0.9696482357499576,1.0399755102499681,0.6242513920001329,1.0798243309999407,3.2276682678620005e-07,2.2839104103308155e-07,3.1871994221793415e-07,3.3220267655734984e-07,3.5071738507963036e-07,3.8370727977723787e-07,2.256678350396686e-07,3.8856271364379446e-07,14.355182206639336,10.437958898358337,13.914539011640553,14.430845012232727,15.200385480952725,17.814906469018418,9.229695348025555,19.140149040478885,0.001658671934160394,0.0009023457169498063,0.0012959662554912846,0.0014275576103851481,0.0016221199949893927,0.0031398457664352703,0.0007128513023755918,0.004112015666095488,0.0037223771038391966,0.0020605445169006257,0.0028305804993011227,0.003090940927971611,0.003484824882669502,0.007347771103431032,0.0015605046761636107,0.009730607711718546,0.132672606957764,0.08150402390915894,0.10794166927400779,0.1150786421424782,0.13052004131974299,0.23486344796944422,0.06285568837875444,0.29748968293181866,0.3268094781958436,0.1641920276347419,0.22093209680592377,0.29952344438625755,0.34522511782496473,0.6188858826044008,0.12488049050250603,0.7939481080993758
80,6,76.806161692,67.7243286085,74.5706238125,77.40120976,80.73459755,83.575551048,62.80722652,84.33161088,34.612046299999996,29.43660015,34.227899,34.653732,36.441332,38.2122635,26.294319,38.716043,0.9341699,0.8720590500000001,0.92991575,0.9408725,0.9611775,0.9668205999999999,0.864639,0.968023,2.56541700362,2.1198510289,2.319549441325,2.6159310341,2.76341968775,3.0524901389849997,2.1178922653,3.1522417068,335145.3,222144.15,283605.0,321968.5,357773.25,498904.3999999998,192648,588404,0.12324661281981156,0.07581677091467118,0.10252364220024293,0.1101569066336435,0.12362708778432095,0.20737726150743974,0.0614813112745098,0.2557033096926714,1.4365547314000309,1.0788428390500484,1.4224609800000678,1.4827519095000525,1.522558452499993,1.6691695740999875,0.9855284770001163,1.7272527579999633,5.172837884326411e-07,3.6726254192261664e-07,5.154139632396007e-07,5.447636996428374e-07,5.511406769898414e-07,6.028277130515009e-07,3.562700550205753e-07,6.162718750000272e-07,14.224276243376105,10.44586224270976,13.878747719915605,14.314652484939872,15.062173984650688,17.472788723204737,9.303403783794808,18.705281134504382,0.001663680532109774,0.0009180530439342684,0.0013063079794118262,0.0014328847824087877,0.0016347382836196722,0.003121783499474797,0.0007290422966305586,0.00407124026741169,0.0037445742095141453,0.0020957021167160974,0.0028575104939546434,0.0031053730762415892,0.0035194445516726356,0.0073541556465212005,0.0015880060695900612,0.009724659904394991,0.13335142531789557,0.08300657453318223,0.10855727209629704,0.11554853549070543,0.13173771998879766,0.23425288493977825,0.06425104533689256,0.29573418466281465,0.32437899510239926,0.16983887450685403,0.23165390057914903,0.3056676092789621,0.3365036889414458,0.5888799501807293,0.13047840995235216,0.7493568461859722
80,7,76.983885082,68.24968703500001,74.6208657925,77.56296634,80.7129301125,83.69594031,63.72590134,84.61165188,34.747018100000005,29.89890765,34.275024,34.685431,36.4439325,38.3684082,26.928261,38.985315,0.9355064000000001,0.87649045,0.9306344999999999,0.9412045,0.9615635,0.9668617,0.871801,0.96802,2.56823987961,2.11181533333,2.3419892192,2.61594593525,2.781270742425,3.0204672098149996,2.0690169334,3.1216845512,337903.9,222376.7,283577.0,321904.5,360499.25,512115.34999999974,192863,612455,0.12443972252704685,0.07589582861686803,0.10251352015732547,0.11001352750032535,0.12362585500760961,0.213834060370602,0.06154992595996732,0.26615517660965093,1.6572079964000295,1.1513901290499462,1.6137155537500405,1.7082024625000258,1.8209300887501172,1.979762394500045,1.0683577359998253,2.068952786000068,5.983840411324559e-07,3.9234505791436e-07,5.487284720287793e-07,6.517997448505318e-07,6.730229459483101e-07,7.23073554564744e-07,3.8621295910688344e-07,7.484877429251908e-07,14.175139745759349,10.188964394936882,13.885095173019472,14.317217792056288,15.082643405653416,17.454258761160485,8.938060755484077,18.68442884327217,0.0016745266526966684,0.0009179950345232495,0.001307233372842176,0.0014279313258509499,0.0016350253598934772,0.003185344974024721,0.0007274403062980044,0.004176561978929413,0.0037588025350367045,0.0020895606475605693,0.002856217965638846,0.0030980409859058516,0.003519438148541427,0.007447734419813585,0.0015787977078027282,0.009883860551175249,0.134384544576469,0.08298338018250663,0.10851373081663113,0.1153753556361056,0.1317390664260283,0.2400416019388179,0.06423119287535618,0.3052934977244244,0.32727096971403014,0.17207742989810457,0.2329096849677224,0.3035461346725348,0.33960737328410495,0.6012473620088832,0.13320170205379214,0.7709869044391793
80,8,76.775380535,68.624920948,75.099251735,77.146054975,80.109869065,82.85761015399999,64.01136937,83.82951983,34.6331912,29.7194765,34.3933255,34.7511875,36.075370500000005,38.14176345,26.815424,38.80734,0.9339957,0.8754227,0.92866175,0.9413445,0.95899125,0.9647081,0.870857,0.96605,2.39100353719,2.07466959955,2.276848852675,2.37494421005,2.5465553999,2.678570675855,2.0556538105,2.6834130287,324682.5,206512.7,278761.75,310663.0,341478.0,497167.3999999998,175613,594398,0.1196615529349675,0.0705628916360746,0.09993616250081339,0.10750947134015848,0.11919648687161996,0.2062521911069391,0.056044794219771245,0.25830812821582533,5.508623995099981,4.1100686637999955,5.143547817999973,5.673712291499953,5.851659496749988,6.690289741349977,3.8747912110000016,6.929735018999963,1.9785722435500155e-06,1.401961649940865e-06,2.0400214457635186e-06,2.0870273624125068e-06,2.176695238400322e-06,2.2069547399387844e-06,1.4007429619266592e-06,2.2115422727098534e-06,14.838965210582577,10.606626435385957,13.880077564454094,14.795366223013033,16.148821173533268,18.88005299363229,9.209586842486011,20.519750815714097,0.0016135269597044133,0.0008605512424982055,0.0012375072721943976,0.0014189838147424245,0.0015864484598584563,0.00306881969084964,0.0006685567844528503,0.004035347638366346,0.0036311600149623114,0.001951371973700016,0.0026967206595514014,0.003105380904821331,0.0034104801341962882,0.0072272627893335386,0.0014441802561002955,0.00963281909008134,0.12946428943976857,0.07733009782275403,0.10385834117331813,0.11420186255192855,0.12729618430250117,0.23196125193279882,0.05858981876738909,0.29661371294693084,0.2929374567558041,0.15607208772578895,0.21085663040537198,0.26878615200502187,0.2926690672234984,0.5420073395457288,0.11757699698374742,0.6903677986744502
80,9,76.828670706,68.84634072,75.13692492,77.18004653,80.11220469,82.857942533,64.33367781,83.82951983,34.6415157,29.743996999999997,34.39681575,34.758346,36.07905125,38.14185525,26.85119,38.80734,0.9341322,0.875921,0.92885925,0.9414065,0.95899875,0.96472185,0.871763,0.966075,2.31773445607,2.07466959955,2.274777114425,2.3127143383,2.404278695575,2.538954102995,2.0556538105,2.627260685,324774.9,205953.2,278314.25,310379.0,341339.25,499327.24999999977,175067,598226,0.1197264689850337,0.07037335327579133,0.09977283017742496,0.10741999971079877,0.11918450860305867,0.20716070304894996,0.05587054483251634,0.25997166597135307,7.8516632194999945,5.886522977750064,7.496168601999926,8.158174748999954,8.400055687750069,9.35437997094998,5.553917054000067,9.655969875999972,2.8228688505308707e-06,2.0080193245763478e-06,2.884233789077326e-06,2.969852064535238e-06,3.075472549152348e-06,3.1747423627489766e-06,2.0077495278790225e-06,3.2505512033270453e-06,14.852593237963983,10.574769696594885,13.895007118405712,14.803668948460295,16.17284789599154,18.933200526269474,9.150655437911425,20.58374793650431,0.0016124075758019104,0.0008582250641121772,0.0012354589656299393,0.0014164773238978892,0.0015848227141127933,0.003071988575211357,0.0006664781683805136,0.004040988714171463,0.0036327782794786287,0.0019461690046665312,0.002692246930205474,0.0031020245690649515,0.003409225627718572,0.007253462417990408,0.001439690141929757,0.009681942065560337,0.12951019925464263,0.07712355123212383,0.10368834303273967,0.11409909517112002,0.12725847062601808,0.23283028500969305,0.058407656620811134,0.2982136956619552,0.2841996001305331,0.1556555011980852,0.21051321321881664,0.24802975773402675,0.2866231706296318,0.5316714183086572,0.11721143725665929,0.6830133372204883
80,10,76.760362213,68.64397465649999,75.08764722250001,77.12779429,80.09532102,82.8117946985,63.98984751,83.78128544,34.628932400000004,29.718601900000003,34.39346875,34.742357,36.051267,38.15202015,26.813635,38.828475,0.9339559,0.87533025,0.9286797499999999,0.9412689999999999,0.95896675,0.9646571,0.870846,0.965999,2.4093976497500003,2.12226383685,2.274357557275,2.3323343991999996,2.593261897575,2.7817092656849995,2.1107339859,2.8632726669,323598.6,206006.5,277774.75,309359.5,340126.75,496140.24999999977,174889,593500,0.11927367195705893,0.07039676869030706,0.09954022441676247,0.10704331511365608,0.11879970293046699,0.20582138002364053,0.055813738255718955,0.2579178834654429,5.705985937800006,4.2201558516500315,5.598776377250033,5.90919598399995,6.112589068750026,6.680252122050006,3.969450431000041,6.998144655000033,2.0552230412285103e-06,1.4393002135011218e-06,2.034670059547767e-06,2.1687078250621557e-06,2.2299384025542524e-06,2.3907636952579797e-06,1.4349624150471547e-06,2.490255704613432e-06,14.892187634124614,10.633017625207625,13.939662925009747,14.847987537546917,16.23424941282516,18.93424235668241,9.22352148272957,20.6046978369137,0.0016087081432218872,0.0008588495747034536,0.0012330940573663089,0.001413580414351779,0.001579887764047771,0.003063766988316599,0.0006661838376267213,0.004030606314933582,0.003620328585333415,0.0019464687224023277,0.0026867175273204476,0.0030927045364096137,0.0033996967544114224,0.007213099689265156,0.0014374434807372413,0.009618907823032681,0.1290564449150468,0.07715829179378818,0.10345288634121058,0.1137158597999873,0.1268710923160099,0.23148746511838522,0.058340158834026476,0.2961693381670731,0.29456313078126817,0.1566721769819654,0.215802248286699,0.2608628959836265,0.2872642413634856,0.5598845415060205,0.11780795421647298,0.6849652438871072
85,1,82.344045749,78.82682584450001,81.431608915,82.37995231,84.2038509825,84.80157953450001,76.95007132,84.93783602,35.9366852,30.931279949999997,35.407801750000004,36.7658965,37.71428575,38.537492699999994,28.457859,38.739855,0.9411967000000001,0.8816122000000001,0.94173275,0.9508585,0.96224175,0.9711993,0.86851,0.974703,1.8976830959400002,1.73300379515,1.79231104255,1.87489521505,1.897077292175,2.17091908459,1.730815649,2.2078597546,520784.0,306237.0,420332.5,496695.0,555674.75,843033.5499999996,250743,998113,0.1921344381721525,0.10486285719175667,0.1519508430215744,0.16992561145724883,0.20349795378835533,0.3422966655367819,0.0800216375612745,0.43375095605618136,0.20924069120000013,0.1636606774000029,0.20567914025002665,0.21577419300001566,0.22260971424998388,0.23797915419999638,0.15145432300005268,0.2464764970000033,7.557192574390796e-08,5.575922413792832e-08,7.097410296784273e-08,7.715071080379266e-08,8.046531501243001e-08,9.342924752077434e-08,5.475096990863146e-08,9.890553860728167e-08,9.46696519048713,6.445060791923851,8.636374252449091,9.255586871941722,10.218224762889987,12.863613571434273,5.484509268990585,14.371428115640317,0.0023617367257448207,0.001248396903054967,0.0018090480421160192,0.0020672350340933945,0.0024858738474262316,0.004363851742426153,0.0009454905904226612,0.005636784328014594,0.005582586138051207,0.002942437275913688,0.004055898440128194,0.004518529593121478,0.0054884628628398815,0.011327850802558211,0.002115743545330213,0.015241868900122859,0.20531174299672378,0.11665634011423573,0.15825442820662197,0.1773322528088451,0.21278229040751767,0.374828573400402,0.08471403253756263,0.4832201340604899,0.3726902187350806,0.197423682785129,0.27018416122255223,0.3234822672278871,0.3764885757432794,0.7236614379853203,0.14956547400303546,0.9576612793957159
85,2,82.344045749,78.82682584450001,81.431608915,82.37995231,84.2038509825,84.80157953450001,76.95007132,84.93783602,35.9366852,30.931279949999997,35.407801750000004,36.7658965,37.71428575,38.537492699999994,28.457859,38.739855,0.9411967000000001,0.8816122000000001,0.94173275,0.9508585,0.96224175,0.9711993,0.86851,0.974703,1.8976830959400002,1.73300379515,1.79231104255,1.87489521505,1.897077292175,2.17091908459,1.730815649,2.2078597546,520784.0,306237.0,420332.5,496695.0,555674.75,843033.5499999996,250743,998113,0.1921344381721525,0.10486285719175667,0.1519508430215744,0.16992561145724883,0.20349795378835533,0.3422966655367819,0.0800216375612745,0.43375095605618136,0.21073393090001674,0.16517998674988804,0.20293648000009057,0.2106768575000615,0.22498077000000194,0.2497082533500588,0.15199254099979953,0.2695803149999847,7.602626161554859e-08,5.625663402190816e-08,7.190384368411978e-08,7.499131619095464e-08,8.376988949872003e-08,9.528139544529813e-08,5.494553654050246e-08,9.796107026150286e-08,9.46696519048713,6.445060791923851,8.636374252449091,9.255586871941722,10.218224762889987,12.863613571434273,5.484509268990585,14.371428115640317,0.0023617367257448207,0.001248396903054967,0.0018090480421160192,0.0020672350340933945,0.0024858738474262316,0.004363851742426153,0.0009454905904226612,0.005636784328014594,0.005582586138051207,0.002942437275913688,0.004055898440128194,0.004518529593121478,0.0054884628628398815,0.011327850802558211,0.002115743545330213,0.015241868900122859,0.20531174299672378,0.11665634011423573,0.15825442820662197,0.1773322528088451,0.21278229040751767,0.374828573400402,0.08471403253756263,0.4832201340604899,0.3726902187350806,0.197423682785129,0.27018416122255223,0.3234822672278871,0.3764885757432794,0.7236614379853203,0.14956547400303546,0.9576612793957159
85,3,82.344045749,78.82682584450001,81.431608915,82.37995231,84.2038509825,84.80157953450001,76.95007132,84.93783602,35.9366852,30.931279949999997,35.407801750000004,36.7658965,37.71428575,38.537492699999994,28.457859,38.739855,0.9411967000000001,0.8816122000000001,0.94173275,0.9508585,0.96224175,0.9711993,0.86851,0.974703,1.8976830959400002,1.73300379515,1.79231104255,1.87489521505,1.897077292175,2.17091908459,1.730815649,2.2078597546,485164.5,287764.8,390449.0,461945.0,516586.75,787809.2999999996,234510,942945,0.17914355896975487,0.09856335591136343,0.14114791196714674,0.15726762963896843,0.18714000448826745,0.3219658857425947,0.07484106924019608,0.4097765435961619,0.22774267170000256,0.17564970140005015,0.2213780197500057,0.22582764549997592,0.24683999449999305,0.27028580574998384,0.16683572600004482,0.2722286919999988,8.241297974068165e-08,5.986207283031893e-08,7.959797479145217e-08,8.0419937351775e-08,8.652419350066316e-08,1.0708253810014918e-07,5.9494465507575285e-08,1.183026926018629e-07,10.167537707578623,6.875161684902812,9.399991960107734,9.955265321689808,11.00960731109769,13.708845951829975,5.805386316275074,15.36623171719756,0.0022024057460921986,0.0011734327749817063,0.0016804215721899095,0.0019132502171934347,0.00228573075862376,0.004105460556613514,0.000884279913537041,0.005325226300208215,0.005209875967230252,0.0027410112824614273,0.003809885518060171,0.004182008810497642,0.005047084369092552,0.010661671266643559,0.0019787711673521827,0.014399415767579771,0.19147980187332125,0.1090231585678039,0.14807641447917136,0.1641232930209776,0.19566110738078896,0.35262725120937266,0.07922968047117493,0.45651144641104635,0.3476778409299042,0.18556852940748236,0.2507286950709664,0.29992527481938175,0.3461532578096826,0.6809836086758391,0.13988266595060223,0.9047291389850581
85,4,82.68352211,79.0587554175,81.73051744,82.752100875,84.569451375,85.29468794,77.03380224,85.41490706,35.999916999999996,30.9785139,35.435938,36.812175499999995,37.848130749999996,38.619583,28.469367,38.827213,0.9420930999999999,0.88260865,0.94418775,0.951256,0.9629097499999999,0.9714869,0.870127,0.974906,1.89284567833,1.730387645955,1.8144964576,1.8844814300500001,1.939253181225,2.08015499115,1.7024992704,2.0953993797,490956.1,294323.35,396287.0,467515.5,521730.75,793142.2999999996,242050,946820,0.18119780182262918,0.10075860051685681,0.14325835791543756,0.15923505936758922,0.1893871552066162,0.3237527269329716,0.07724737030228758,0.41146050618829094,0.24619244280002023,0.18785266554995134,0.24057186824995824,0.2506137795000427,0.2705277870000202,0.2816600889500819,0.17744924199996603,0.28715275700005805,8.90587951359301e-08,6.407155763369203e-08,8.164634902093454e-08,8.964327937726748e-08,9.779620965643626e-08,1.1180346225188513e-07,6.40088723575155e-08,1.1948391565851022e-07,10.01331285920944,6.829573277829373,9.28835539763383,9.824838856966975,10.851123906040897,13.366926070883565,5.781626919583448,14.887564552778352,0.0022194185494449742,0.001194675086574475,0.0016966948465760626,0.0019298351450975936,0.002301542034704309,0.004120250775705901,0.0009072156006861203,0.00534129816033719,0.005260327316091873,0.002792584173301528,0.003858276821717901,0.004226752097501639,0.005101816813924738,0.01071382890028284,0.0020334506062847264,0.014452745162486085,0.19351312817305563,0.11130468381599694,0.14999003676493036,0.1660148631969786,0.19797967010050627,0.35447380580519716,0.08164061508102785,0.45826595808306264,0.34794612175257733,0.1926333413403481,0.26016488182324204,0.2981425561846933,0.3494649889391439,0.663308917487435,0.14521551568548305,0.8621740894379928
85,5,80.670320019,73.1385958225,78.87591613,81.143082995,83.92101083749999,86.108773936,68.90847952,86.75161402,35.6597875,30.523012950000002,35.037563750000004,35.931979999999996,37.88229275,38.8734068,27.330123,39.167174,0.9446489,0.888798,0.945846,0.9497585,0.9678825,0.9733181,0.886053,0.974939,2.00100353955,1.6463556229899998,1.845133185375,2.00775313375,2.15834075215,2.3427738308649997,1.5991127491,2.4345400333,419552.8,272212.7,353047.0,400164.5,456106.75,626601.2999999998,234365,722148,0.15411448277197143,0.09294462640963004,0.12762703163861414,0.1386141689057168,0.15992599188112744,0.2576101324572381,0.07479479421977124,0.31382457238214434,0.918350821299964,0.7011819859499155,0.8846802944999581,0.953138413500028,0.9697218449999241,1.0826820728500137,0.655381547999923,1.1491878100000577,3.3039877761724636e-07,2.390441938542362e-07,3.257286580968475e-07,3.4573483085340693e-07,3.570630730720942e-07,3.8106339838249683e-07,2.3692143414885296e-07,3.927747027534218e-07,11.389546097422977,8.353111461202221,10.97604977843897,11.35861554576907,11.99947070708898,14.281680069526661,7.580385184200469,15.375738698184456,0.0019621377769779126,0.0010888664130249501,0.0015491795878684526,0.001712293202910938,0.002007171494898983,0.003572812051788909,0.0008621717885563235,0.00455422285570907,0.004526669967995544,0.0025323211248354776,0.0034337550454774457,0.0037611518459061593,0.0043898568064729936,0.008784801406173796,0.001909629584707113,0.011482735455751309,0.16445676769609988,0.10091119425862163,0.13399247143220042,0.1441121833629841,0.1678589981245866,0.2846805368417319,0.077892744452121,0.3541826193039743,0.3188967960844455,0.1656255566944541,0.24359057407326362,0.27615071972640454,0.34584232016686134,0.5913515124761223,0.11960530900314717,0.7640184848975838
85,6,80.695506497,73.0920905265,78.9156696975,81.18800594000001,83.966023205,86.1822269635,68.94696072,86.81635966,35.6840162,30.4561352,35.051332,35.93844,37.89571625,39.03884445,27.171002,39.412317,0.9448924,0.8881829,0.946287,0.9500375000000001,0.9684855,0.97360345,0.884636,0.975133,2.05212410689,1.63433867097,1.8356484174499998,2.0694957972,2.1946504712,2.4958842873549996,1.5830515623,2.5805668831,421227.4,275008.25,354151.0,401926.0,457204.75,625232.7999999998,236315,716455,0.15463462003578596,0.0939097872077712,0.12802612933078836,0.1393496070591308,0.16116702028859572,0.256247587261855,0.07541711345996732,0.3113505597274371,1.466994319499986,1.1267705782500343,1.4706172160000222,1.5207708309999362,1.555051692500001,1.6601138117999368,1.0538383919999887,1.73828097899991,5.290575009239968e-07,3.841497226273688e-07,5.069161938064259e-07,5.560271122124949e-07,5.641001129692189e-07,6.27992522556375e-07,3.8096419399617846e-07,6.518169243671979e-07,11.32204359469895,8.386330778383039,10.912161809103075,11.317691395953153,11.845967607872884,14.14269564009919,7.640619438764472,15.248862746757506,0.001967168768954746,0.0010993912900790171,0.0015644899894587505,0.001719965126188667,0.0020218678225573006,0.0035517372067493704,0.0008686970261748397,0.004515798179877146,0.004541942484807863,0.002551098415534357,0.003464670598419763,0.0037795168643848503,0.00442281546607456,0.008768368667300984,0.001913541735188198,0.011458928151690433,0.16498604933469793,0.10189353337929984,0.13436838127135395,0.1448175992177181,0.16909046591409965,0.28340754058842577,0.07845309118254963,0.3519533002584533,0.3293827991717643,0.1664736475740696,0.24715189780140068,0.2883138032488354,0.3508012547043319,0.6149078096929692,0.11938917928695764,0.8034609434672727
85,7,80.872056961,73.645817105,78.924640535,81.438210775,83.9370319575,86.2407908695,69.89849795,86.91337387,35.8422415,30.9731273,35.1177755,35.993581500000005,37.90398975,39.22497885,27.872558,39.736164,0.9463303,0.8929039,0.94657875,0.951615,0.9689425,0.9736488000000001,0.891814,0.975141,2.04381438494,1.635091960435,1.8246841729,2.07786393165,2.23353117705,2.40931686161,1.5840768814,2.4391341209,425433.1,275388.7,353969.0,401824.0,461414.25,645035.3999999998,236596,752373,0.15644169365020827,0.09404077319303458,0.12796033605182486,0.13932995464963271,0.16119040350688119,0.2658591481539423,0.07550679125816993,0.3269594806007509,1.7165364469999873,1.1857176414500372,1.6901590440000689,1.79046273900002,1.8760027084998399,2.0492761249499263,1.0719713930000125,2.157332027999928,6.199586433388207e-07,4.033844718940023e-07,5.664049364594918e-07,6.69471860720646e-07,6.91926864441305e-07,7.576419320974208e-07,3.8751930165134353e-07,7.825478123696287e-07,11.271521348404239,8.135783074070716,10.910631539318015,11.324567382886372,11.844366917589358,14.1237836623166,7.275859181549577,15.23075199918849,0.0019844020238243866,0.0011008333697694944,0.001563822788359192,0.0017170981185540657,0.002022793516435756,0.003647682593118576,0.0008687591782032144,0.004677632426874645,0.004567289840220123,0.002543131619526997,0.00346165301450301,0.0037723628069667526,0.004423559641527618,0.008926603055646248,0.0019002033326158492,0.011730515749603997,0.1665987677825117,0.10186012185477301,0.13424916040748097,0.1447458600146592,0.1691169701973387,0.2922850365523745,0.07843150196650076,0.3666229511991861,0.33011368619837256,0.16663117964838928,0.24748412924039184,0.29245302221719816,0.35216926976273705,0.6144191142101059,0.1196085624207626,0.7974980252850332
85,8,80.928043273,74.3370382195,79.76043480999999,81.2904585,83.402003045,85.737440654,70.29911158,86.51627315,35.7734797,30.84801735,35.22479275,36.1044285,37.50052975,39.020071349999995,27.80274,39.564885,0.9458224,0.89264995,0.9480390000000001,0.9513085,0.96699125,0.97199155,0.892033,0.97354,1.9163837552099998,1.66878166792,1.8142804205499998,1.90452450515,1.9549736679,2.2526326119699993,1.6369307041,2.4756083488,414529.3,259870.1,350128.0,389815.0,444547.5,639346.0499999998,218354,739755,0.15252677457473,0.08885581234590997,0.12645560639735706,0.13504088582335588,0.15975677950937012,0.2603903277534416,0.06968507455065359,0.3214760638297872,5.5049412209000135,4.120883108950068,5.194053476250019,5.7299124525000025,5.987172297750021,6.514402067649995,3.849327697000035,6.77588321799999,1.9788254990170362e-06,1.40481965369624e-06,1.9999701380649172e-06,2.0950767254649095e-06,2.1531044853457985e-06,2.230907794798908e-06,1.39153786258605e-06,2.2746332199102683e-06,11.646394019181143,8.325370794268009,10.816581538253736,11.499879452020068,12.573673690049318,15.049154650350435,7.399963501429528,16.503178325105104,0.001932414702411255,0.0010460901512018002,0.0015044545011127547,0.0016865912883756674,0.00199876714663786,0.0035578136358586964,0.0008054562686702321,0.00457297477314417,0.0044665967302862574,0.002411630516502737,0.0033093314071617136,0.0037648704653790973,0.0043926906477113606,0.00877716915217571,0.0017612859117536572,0.011562747550413636,0.16253462093005866,0.0964291897908294,0.1303954194813192,0.14195696379119196,0.1675353676967532,0.2863183014336502,0.07249332081227969,0.36038584203699553,0.30512099799348147,0.1584483807958174,0.22434089998204443,0.2559382478374066,0.30877817989045975,0.6032111893751468,0.11406963814946237,0.7958488275563829
85,9,81.012723552,74.5338793965,79.944627115,81.288662245,83.446721275,85.738072653,70.52534016,86.50826694,35.7880719,30.88425135,35.22886775,36.1260375,37.507167,39.0197867,27.85395,39.565355,0.9460112,0.89312795,0.948427,0.9515450000000001,0.96701075,0.9720045,0.892988,0.973566,1.75847220421,1.64311287403,1.686380326725,1.7619796395499998,1.8185393512,1.880604505545,1.6369307041,1.9081025124,415172.4,259321.45,349604.25,389704.5,445409.25,643388.5999999997,217768,745202,0.1527996447088905,0.08867112827339638,0.12625666123058737,0.1351283691942854,0.16022422499719835,0.261930472552496,0.06949805964052287,0.32384317202058127,7.828533174300003,5.939406828400058,7.529692530499915,8.165310941500024,8.320125813250002,9.170557126149975,5.6358194080000885,9.546184308999955,2.816590992620152e-06,2.0244598999307454e-06,2.818244388363694e-06,2.9842380192969733e-06,3.037706239414065e-06,3.1947968918156954e-06,2.0139074371936344e-06,3.256942605774533e-06,11.645130424384117,8.283526320832582,10.7824953007683,11.503255280469478,12.593596889241146,15.083266914030029,7.345874004632301,16.54758734065611,0.0019333087054991607,0.0010436983970934842,0.0015017488024640575,0.001686086888040356,0.0020011723629145615,0.003569030522773771,0.0008033689969621633,0.00459186969231034,0.004472967665057256,0.0024068503976576823,0.003304015050305226,0.0037653364350959495,0.004402293409550442,0.008817852169007403,0.0017565382552620311,0.011626472081000407,0.16278214977054378,0.09623723476571466,0.1301896804713551,0.14204081732769136,0.1679501461666243,0.28778624625277643,0.07229876936831257,0.3626512025028122,0.272833826831682,0.15195290369720044,0.20943954650522098,0.2430506632183964,0.2871399312078614,0.4921957965442489,0.1137635077009449,0.6179259701560565
85,10,80.954389472,74.370410234,79.8283445125,81.321308655,83.4133373025,85.74531713649999,70.29614771,86.51546443,35.7744934,30.84458675,35.21849375,36.100910999999996,37.5056885,39.0268407,27.802193,39.575037,0.9457848999999999,0.8925268,0.94793975,0.951289,0.9670105,0.9720233,0.892057,0.973574,1.9126189112600003,1.65102298259,1.817534744725,1.8950243592,1.974082529525,2.24580354692,1.6339379549,2.4145741463,413313.4,259122.95,348938.25,388883.0,443026.75,637559.4499999997,217628,738377,0.15208805807544237,0.0886026322056293,0.1260063433069347,0.1347957877841402,0.15907739809949606,0.2597692384577943,0.06945338031045752,0.32087722500347654,5.835078797799985,4.272471534500016,5.841295736249947,6.069420626500005,6.23709965149996,6.7616996674999985,4.000876801999993,7.1586382279999725,2.103810974747705e-06,1.4567283710667554e-06,2.044470830922125e-06,2.2162302587628187e-06,2.2806913418547116e-06,2.4909261862770684e-06,1.446323096332926e-06,2.5898192049957414e-06,11.681730816046612,8.347871742383155,10.859628387089401,11.527493109358916,12.618582468156838,15.094334612930883,7.413773722637623,16.55823239656662,0.0019263589591670491,0.0010430125497758792,0.001498457543881865,0.0016828187219468113,0.00198873390300032,0.0035495278946042546,0.0008027857304823523,0.00456464878171169,0.004454057481764705,0.0024050612888018054,0.003297326798097594,0.0037575629578828814,0.004374246118208645,0.008757493721252535,0.0017549795420395314,0.011541435778230752,0.16207582142511928,0.09617319227021424,0.12992892074762696,0.14170287067231047,0.16683623522072513,0.285640849736269,0.07224898243686975,0.35970484509787665,0.30258164942607996,0.15577382010785307,0.22287664798401266,0.25076410254756665,0.3176575014804098,0.5850554520087989,0.11348251418536087,0.7747818516298824
90,1,85.725651047,82.9990173595,85.0503174975,85.71169579,87.18176734,87.63446935249999,81.54745816,87.71455304,37.1813564,31.8544843,36.75295925,38.1907425,38.92335725,39.88284195,29.413048,40.148733,0.9517171,0.8975253,0.95135,0.960847,0.97091075,0.9778612999999999,0.885693,0.980717,1.54541678428,1.3916208028550001,1.4446380138250001,1.59508663415,1.624252200125,1.65082079771,1.3818300962,1.6518315077,643258.8,389180.05,521297.5,607459.5,689636.0,1030534.4999999997,316546,1191738,0.23692250615739985,0.13331369335045043,0.18844984527734399,0.20800415088486537,0.25718582297179565,0.41402208359407566,0.10102188010620915,0.5178947642886942,0.2155743632999588,0.16772051174997388,0.21047886175000485,0.21941139599988446,0.2309984130000089,0.25010008284992863,0.1558471200000895,0.2614147689998845,7.779288873497502e-08,5.715722359069696e-08,7.46591231986531e-08,7.93175559603955e-08,8.296406812795622e-08,9.564953302087969e-08,5.633897275727684e-08,1.0267653229730853e-07,7.6137492178822725,5.2795909642624945,6.850422962380931,7.5277510898164115,8.248425375947496,10.142487292340224,4.593425736193693,11.383922083994111,0.002786769952988137,0.0015328803258539843,0.002167202062382896,0.002430399135212502,0.0030086407626550874,0.005001865196625562,0.0011540531899356249,0.006350838836356615,0.0066396943326491546,0.00356357033163715,0.004994957808089465,0.005343933078590126,0.0066591000300288625,0.01321274870851639,0.002589932331937341,0.017607653728668113,0.25010791040518854,0.14507903437147734,0.19620241886035972,0.21541925195382677,0.2654620594544723,0.446455521442724,0.10588141345829087,0.5678751608177465,0.3715229995345437,0.19783528104558168,0.2842011029258295,0.3160590092274244,0.41237180916879,0.679941537824255,0.14375599980044393,0.8543116861870736
90,2,85.725651047,82.9990173595,85.0503174975,85.71169579,87.18176734,87.63446935249999,81.54745816,87.71455304,37.1813564,31.8544843,36.75295925,38.1907425,38.92335725,39.88284195,29.413048,40.148733,0.9517171,0.8975253,0.95135,0.960847,0.97091075,0.9778612999999999,0.885693,0.980717,1.54541678428,1.3916208028550001,1.4446380138250001,1.59508663415,1.624252200125,1.65082079771,1.3818300962,1.6518315077,643258.8,389180.05,521297.5,607459.5,689636.0,1030534.4999999997,316546,1191738,0.23692250615739985,0.13331369335045043,0.18844984527734399,0.20800415088486537,0.25718582297179565,0.41402208359407566,0.10102188010620915,0.5178947642886942,0.21507419759996083,0.16781594804999714,0.21201503499995056,0.21884847349991787,0.22803126224999914,0.24951672004990538,0.15759575099991707,0.2590452859999459,7.771500279787617e-08,5.7228423880991756e-08,7.289322947660699e-08,7.756057030480215e-08,8.280565790991274e-08,9.752886189460937e-08,5.697110554395753e-08,1.0337170377896673e-07,7.6137492178822725,5.2795909642624945,6.850422962380931,7.5277510898164115,8.248425375947496,10.142487292340224,4.593425736193693,11.383922083994111,0.002786769952988137,0.0015328803258539843,0.002167202062382896,0.002430399135212502,0.0030086407626550874,0.005001865196625562,0.0011540531899356249,0.006350838836356615,0.0066396943326491546,0.00356357033163715,0.004994957808089465,0.005343933078590126,0.0066591000300288625,0.01321274870851639,0.002589932331937341,0.017607653728668113,0.25010791040518854,0.14507903437147734,0.19620241886035972,0.21541925195382677,0.2654620594544723,0.446455521442724,0.10588141345829087,0.5678751608177465,0.3715229995345437,0.19783528104558168,0.2842011029258295,0.3160590092274244,0.41237180916879,0.679941537824255,0.14375599980044393,0.8543116861870736
90,3,85.725651047,82.9990173595,85.0503174975,85.71169579,87.18176734,87.63446935249999,81.54745816,87.71455304,37.1813564,31.8544843,36.75295925,38.1907425,38.92335725,39.88284195,29.413048,40.148733,0.9517171,0.8975253,0.95135,0.960847,0.97091075,0.9778612999999999,0.885693,0.980717,1.54541678428,1.3916208028550001,1.4446380138250001,1.59508663415,1.624252200125,1.65082079771,1.3818300962,1.6518315077,600453.0,364471.6,484204.5,565277.5,643935.5,967125.5499999996,296644,1132276,0.2213762977474782,0.1248452654822069,0.17504066892243625,0.19232696616164902,0.23727849064185502,0.39151920543039886,0.0946703941993464,0.4920543039911,0.23947307470001533,0.18434536449994993,0.2287723367500405,0.2431013075000692,0.251562278500046,0.28872974184994293,0.17300192199991216,0.2888434869998946,8.670977995126559e-08,6.286255227366846e-08,8.112583159051561e-08,8.538177923828184e-08,9.126244812453655e-08,1.1453088411988238e-07,6.254045997451854e-08,1.2552300053882223e-07,8.16877203306893,5.601080902988115,7.422361883971836,8.106950362617756,8.894665024945514,10.827884945328595,4.834651622042682,12.147675328002588,0.002604342366395872,0.0014355032196250279,0.0020130713202443002,0.002247206046431029,0.002775466319726967,0.0047307434540741905,0.0010814951206941914,0.006033962493664315,0.006210797390380332,0.0033188562029328366,0.004671427191734527,0.00494078462439539,0.006143613781355609,0.012503095502360888,0.0024270971254579765,0.01672911641089016,0.2337477732630695,0.13511864648060262,0.1834947291902383,0.1991795161922792,0.244899757380624,0.42226374890688323,0.09922439713002609,0.5395409188849183,0.34718224708876055,0.1842495816894894,0.26578014062355665,0.29473645001193255,0.37895961534970113,0.6430151474644908,0.1347177181351301,0.8116856379415234
90,4,85.880403428,83.084948597,85.208440465,85.87120058,87.3287675,87.900810371,81.59852774,88.0048529,37.2231261,31.87889195,36.77394775,38.221897,39.01734125,39.9383581,29.418125,40.21204,0.9522588000000001,0.8978654,0.95314,0.961419,0.9711937500000001,0.97800635,0.88634,0.980822,1.5273617506000001,1.3622634470250001,1.4626302719250002,1.5566138625,1.614021658875,1.651201069385,1.354227066,1.6621772051,605859.4,370330.5,489697.25,570762.5,648575.75,971936.1499999997,303501,1135652,0.2232900923695545,0.1268034993743764,0.17702630646653944,0.19436355424014184,0.23933853819286288,0.3930672933180362,0.09685872395833334,0.49352141565846197,0.259950941200043,0.19593416735015126,0.25567610224993587,0.26284754400006705,0.27890905224995777,0.30754628835004494,0.18322573400018882,0.32233499700009816,9.391835619636136e-08,6.679919430365273e-08,8.897888325794866e-08,9.298777492194778e-08,1.0246693387209392e-07,1.1840356524039502e-07,6.623638368333508e-08,1.2579578639965753e-07,8.076301213052883,5.5752484889466,7.358350899122588,8.017834964137617,8.797124747776214,10.634378758023933,4.820279451803898,11.873222822989051,0.0026225633286554566,0.0014552885493985506,0.002030141058110832,0.0022668612791455905,0.002793587518641395,0.004746027225359154,0.0011035057441483743,0.006048165687878402,0.006257161801826156,0.0033655079969582193,0.00471550892807069,0.004987028345332009,0.006192464071887293,0.012547735265761684,0.0024757415528541575,0.01677610030069768,0.2356556476932025,0.13721093665803683,0.18525874022003516,0.20114070374398918,0.24702961446666943,0.4239127188481374,0.10141733159625332,0.541170385786162,0.34764363916314767,0.1880475226961242,0.26274165294355517,0.2926487399796241,0.37862645576596593,0.6489177276724197,0.13116870556259766,0.8203200473361777
90,5,84.91907258900001,79.2751916915,83.58277134000001,85.40568858500001,87.34457039,88.7533645125,76.048379,89.19766083,37.118874999999996,31.795021,36.25825375,37.673152,39.55278025,40.1496018,28.486648,40.246206,0.956559,0.90641715,0.9579427500000001,0.964064,0.97546325,0.98044875,0.906279,0.981864,1.50385221243,1.2463509023300001,1.412345468975,1.42938411235,1.619609594325,1.8670098781999998,1.2377867699,1.983080864,565623.2,373850.75,473387.0,526424.5,620589.0,845159.1999999998,318476,923470,0.20721477175831576,0.12772715909049828,0.1711301260917346,0.18304791375206056,0.2293610542311043,0.33723002103323585,0.10163781658496732,0.4013132735363649,0.9268363777999866,0.6993464199000414,0.8990411549998782,0.9571706935000179,0.9674287745000072,1.0989409622499067,0.6624499649999507,1.1496865689998685,3.335241703890436e-07,2.384334017335372e-07,3.3386102831454534e-07,3.4951259453265487e-07,3.6261794507938426e-07,3.844740108972676e-07,2.375798122830347e-07,3.846810318452858e-07,8.423673892929736,6.312964630702843,7.695398263499879,8.553190967663582,8.91731280271134,10.424733435999787,5.927815738464703,11.31493424936259,0.0024802506363487574,0.0014470763540002677,0.002005451517541979,0.0021562517047748943,0.002712253722793284,0.004281757048763725,0.001139467286913238,0.005277078601982626,0.00582026298836767,0.003373874279214786,0.004494620686938297,0.004755057671624063,0.005960892011775269,0.010975015517242889,0.002525401191480442,0.014087767487995251,0.21784438358199906,0.13709160757409528,0.17787253232776962,0.18865365193339095,0.23632396781692777,0.3646500659618184,0.10520783401665446,0.4428142697076341,0.32704723910779826,0.16871890823112562,0.22959233884707606,0.26546519604732166,0.38094071854938727,0.6314949940700643,0.12580594469039535,0.7958366732191628
90,6,84.905644335,79.2016362455,83.5432071625,85.42070964000001,87.303758395,88.8488152795,76.03718216,89.34672457,37.1428689,31.73376735,36.2630255,37.6989305,39.5759895,40.31525915,28.370025,40.52978,0.9567527,0.90608965,0.9581630000000001,0.9646520000000001,0.975666,0.9806583,0.905416,0.981966,1.5044312477,1.22575969697,1.376273214775,1.4562060833000001,1.606111288025,1.9147031545799995,1.2082337141,2.1103887558,566785.7,376420.55,474478.25,528289.0,620921.0,842538.0499999998,321467,919106,0.20757035750670044,0.12858645571809568,0.17152461463936608,0.18392546578342805,0.22947534449401535,0.33601214756292574,0.10259235855800654,0.39941680572938393,1.550306053700001,1.1683706652500518,1.5107238880000011,1.5524953324999728,1.6564833730000146,1.8785156860499792,1.1202022130000842,2.0303945519999615,5.578888472605431e-07,3.976426865401728e-07,5.423592025037543e-07,5.728068531652913e-07,6.327311230433789e-07,6.521192987137734e-07,3.916600343392605e-07,6.555091046968441e-07,8.392734688116375,6.333032141778302,7.694059550918301,8.534092390988505,8.848971364144571,10.34736690768592,5.955961553944811,11.20965760093571,0.0024846588950405723,0.0014561862828732755,0.002019721275868986,0.0021659191256533147,0.00271609081530246,0.004267012815321384,0.0011482497993267682,0.005252914355622985,0.005830722150488028,0.003393169534182853,0.004509882387253158,0.00477376398250999,0.005969582172179027,0.010964264632581685,0.0025312833812077573,0.0140788316446455,0.21819983171599883,0.13788912379930965,0.17824033217653212,0.18948453840105017,0.23648691778792913,0.36353640936438025,0.10603959991153049,0.44114175774382597,0.3299262192314769,0.16694182220983778,0.23042057110002595,0.26027938410703555,0.36986360890344383,0.6585280928257088,0.1279511729047759,0.8429247356888449
90,7,85.108431387,79.68901144,83.90822878,85.58600556,87.39676432,88.88579576849999,76.78406659,89.37879339,37.347238399999995,32.21350055,36.55701225,37.789206,39.5986915,40.578677899999995,29.163995,40.984145,0.9582665,0.910547,0.95880275,0.9660065,0.97617375,0.9807749,0.908666,0.982007,1.50505861045,1.239129447935,1.390021950025,1.46476447585,1.63562691215,1.8062435865399997,1.1994168758,1.9004582167,573522.5,376974.25,474417.75,528061.5,627388.75,874615.9499999997,321901,978471,0.2104832891195807,0.12877650695867857,0.1715027437966337,0.18382372852003082,0.2291843844781183,0.3517833854818521,0.10273086448120915,0.425215112640801,1.7769547766999836,1.2277759557999388,1.7411515075000352,1.8381781080000223,1.9143922289999864,2.1754174779499973,1.1558273709999867,2.3812291130000176,6.410414147174792e-07,4.187607174363457e-07,5.782677884200615e-07,6.902364867111827e-07,7.438261324903983e-07,7.652223054486469e-07,4.17833366229968e-07,7.667769129815057e-07,8.34660527772284,6.093264913418971,7.7029645711321555,8.540075020433978,8.84826462960284,10.332465498124476,5.594606278571363,11.194544285354814,0.0025135211426497357,0.0014571587405941945,0.0020179396796159675,0.0021577759611334318,0.0027120800038866605,0.004437054464505721,0.0011493874618887284,0.005537804020087926,0.005874722961850419,0.00337804433876456,0.004502561237919846,0.004757925511039171,0.005962925818396957,0.011251982223631997,0.0025066001616285798,0.01458013940273961,0.22085576331332382,0.13783664078430463,0.17811672793179417,0.18931054864844163,0.23620706898082786,0.3783902017911285,0.10599541733985948,0.46581253863280436,0.33061736895250193,0.16862576682623096,0.2325772040828267,0.2682423965206763,0.3684820097162938,0.6438622364533899,0.13228314778250935,0.8081035546832263
90,8,85.283202454,80.12852903550001,84.711280045,85.55769917,87.32543139750001,88.633795051,76.80665226,89.19602227,37.3003501,32.1694139,36.608199,37.7670235,39.307867,40.385812099999995,29.082998,40.891766,0.9582746,0.9106569,0.9598019999999999,0.9670449999999999,0.975437,0.9796031000000001,0.90873,0.98099,1.36313263179,1.232389116275,1.305188089575,1.33188277485,1.4068589807,1.5450781882099998,1.2261741161,1.6203117371,564724.5,364741.25,476840.0,511949.0,615765.25,874320.2499999998,302315,966685,0.20736724406489476,0.12481061061788745,0.17190131123948935,0.17814072531667535,0.23014974890329473,0.34821526300236394,0.09648022620506536,0.4200932589347796,5.53567595789998,4.13436094829998,5.35001202174999,5.713975374000029,5.973414003249985,6.530095906849959,3.9369808799999646,6.737357053999858,1.991904868586774e-06,1.4084829523900726e-06,2.0084892034778526e-06,2.1151480775348303e-06,2.16604610547479e-06,2.2678749783952912e-06,1.3964215858609062e-06,2.3388692471491914e-06,8.527518933015344,6.150116818832191,7.524807666728356,8.757157855465088,9.309210606688108,10.787700370446359,5.6628167396825235,11.919802193076757,0.0024713301729647865,0.0014137572225945178,0.0019672820984724024,0.002107725622665861,0.0027067314653123247,0.004381071577181458,0.0010816651208168876,0.005469490552884821,0.0057999785272654595,0.003228063115025764,0.004438012240233357,0.004763642101469453,0.005987885657864974,0.01116553453909786,0.002359404732118084,0.014444633903794224,0.21760154158022207,0.133333516518663,0.176537379705186,0.18543002481251744,0.23689236745934045,0.3743724975527557,0.09964412651001123,0.46011800385403434,0.29120521146252487,0.159798342481684,0.21668209445406764,0.23545848794983315,0.3317708972847877,0.5395748630231137,0.11830155608812407,0.6806820381286128
90,9,85.384437507,80.3481622785,84.8654167175,85.709327465,87.3407996325,88.64011102250001,77.09988276,89.20378019,37.3260041,32.2283213,36.636058000000006,37.7822495,39.32670075,40.38702195,29.183939,40.892547,0.9584917000000001,0.91119935,0.9597715,0.9672510000000001,0.9755575000000001,0.9796461000000001,0.908813,0.981051,1.27316883801,1.209049582505,1.2296106815,1.26084864135,1.3186663389,1.349374514815,1.2021380663,1.3710235357,566792.1,364418.6,476432.25,512723.0,617731.25,883563.7499999998,301514,979263,0.2082015882632336,0.12471263537102711,0.17174060474461725,0.1783505769564463,0.2314188113309944,0.3517158831351688,0.09622459660947713,0.42555929286608263,7.916698196099992,5.942903243549916,7.60112927924996,8.256667553500051,8.394708657749987,9.400159657250008,5.659565540999893,9.828004147999991,2.8474698417557965e-06,2.0245923235759276e-06,2.8691142466956334e-06,3.0002057220270228e-06,3.1132612335443336e-06,3.2229563689186047e-06,2.0071247191584784e-06,3.2908334876060067e-06,8.513865656783535,6.097359536743586,7.487997483569435,8.7438012213213,9.307648060174543,10.806676523484485,5.5900815204904095,11.951468256863695,0.0024775602876287244,0.001412559514767693,0.0019648482939314945,0.0021082338257528512,0.002716427601004153,0.004410950541897226,0.0010787053688142262,0.005519584176162535,0.005819127931899832,0.003222335738685402,0.004438632652024499,0.004766324096552975,0.0060143211230155955,0.01125226204350859,0.0023531084187413693,0.014581968968139724,0.21841493697601194,0.13309901833718102,0.17658599750165918,0.18564611036957546,0.2381078633047972,0.3778157290255879,0.09937990871105307,0.4655418927861263,0.2677977422992095,0.1570733493706144,0.21328677730092585,0.22865237254093126,0.29922299786371936,0.4677269592792111,0.11798810969470468,0.5834518063552484
90,10,85.277580422,80.1152313315,84.74289377,85.58501839,87.3186062275,88.607777116,76.80135309,89.17590811,37.3016226,32.17418815,36.607215,37.7686165,39.3075275,40.3831671,29.081434,40.883901,0.9582824000000001,0.91073115,0.95980725,0.967016,0.9754387499999999,0.97960945,0.90891,0.980995,1.35803050994,1.2059092998349998,1.31027936935,1.3429487943499998,1.39198678735,1.5406209110999998,1.2030569315,1.6034402847,563269.5,363515.7,475236.0,511013.5,613604.25,872537.6499999998,301305,965338,0.2068376254302157,0.12439110531691937,0.17135846020342593,0.1777799467869744,0.22949207523682869,0.34742345814212194,0.09615789675245098,0.41950789180920595,6.03915712840003,4.489595580400089,6.023404119750012,6.186276508999924,6.354186904000073,7.169946086350028,4.283391112000118,7.814908198000012,2.1757239803003997e-06,1.529081481962006e-06,2.085061522352294e-06,2.2664041858262343e-06,2.4118840470684017e-06,2.581494683570565e-06,1.5132325061274684e-06,2.653052823842368e-06,8.55075328397856,6.16668505424,7.546819269326922,8.773132937526526,9.341343602749909,10.817186236658534,5.670718442659462,11.959758384361361,0.002465083698232832,0.001409072360386569,0.0019618310032392234,0.002104300540103481,0.0026978567089697685,0.004370181688661015,0.0010782945617311638,0.005462246105450821,0.005785417554474002,0.00321678040334705,0.004423651836446399,0.004753337161078128,0.005970973499222853,0.011142343816735702,0.0023519746012605545,0.014425282185507288,0.21704868911062764,0.13286451803590243,0.17598715837315346,0.18505284845418202,0.2362203716344003,0.37355488098957657,0.09931204737714924,0.4595045460073212,0.28923429619141705,0.15598013224683463,0.2138955481694949,0.24340639037108686,0.3142516484764246,0.5407824322495448,0.11629293029506836,0.67265585347645
