quality,method,ssimulacra2_mean,ssimulacra2_p05,ssimulacra2_p25,ssimulacra2_p50,ssimulacra2_p75,ssimulacra2_p95,ssimulacra2_min,ssimulacra2_max,psnr_mean,psnr_p05,psnr_p25,psnr_p50,psnr_p75,psnr_p95,psnr_min,psnr_max,ssim_mean,ssim_p05,ssim_p25,ssim_p50,ssim_p75,ssim_p95,ssim_min,ssim_max,butteraugli_mean,butteraugli_p05,butteraugli_p25,butteraugli_p50,butteraugli_p75,butteraugli_p95,butteraugli_min,butteraugli_max,file_size_mean,file_size_p05,file_size_p25,file_size_p50,file_size_p75,file_size_p95,file_size_min,file_size_max,bytes_per_pixel_mean,bytes_per_pixel_p05,bytes_per_pixel_p25,bytes_per_pixel_p50,bytes_per_pixel_p75,bytes_per_pixel_p95,bytes_per_pixel_min,bytes_per_pixel_max,encoding_time_mean,encoding_time_p05,encoding_time_p25,encoding_time_p50,encoding_time_p75,encoding_time_p95,encoding_time_min,encoding_time_max,encoding_time_per_pixel_mean,encoding_time_per_pixel_p05,encoding_time_per_pixel_p25,encoding_time_per_pixel_p50,encoding_time_per_pixel_p75,encoding_time_per_pixel_p95,encoding_time_per_pixel_min,encoding_time_per_pixel_max,compression_ratio_mean,compression_ratio_p05,compression_ratio_p25,compression_ratio_p50,compression_ratio_p75,compression_ratio_p95,compression_ratio_min,compression_ratio_max,bytes_per_ssimulacra2_per_pixel_mean,bytes_per_ssimulacra2_per_pixel_p05,bytes_per_ssimulacra2_per_pixel_p25,bytes_per_ssimulacra2_per_pixel_p50,bytes_per_ssimulacra2_per_pixel_p75,bytes_per_ssimulacra2_per_pixel_p95,bytes_per_ssimulacra2_per_pixel_min,bytes_per_ssimulacra2_per_pixel_max,bytes_per_psnr_per_pixel_mean,bytes_per_psnr_per_pixel_p05,bytes_per_psnr_per_pixel_p25,bytes_per_psnr_per_pixel_p50,bytes_per_psnr_per_pixel_p75,bytes_per_psnr_per_pixel_p95,bytes_per_psnr_per_pixel_min,bytes_per_psnr_per_pixel_max,bytes_per_ssim_per_pixel_mean,bytes_per_ssim_per_pixel_p05,bytes_per_ssim_per_pixel_p25,bytes_per_ssim_per_pixel_p50,bytes_per_ssim_per_pixel_p75,bytes_per_ssim_per_pixel_p95,bytes_per_ssim_per_pixel_min,bytes_per_ssim_per_pixel_max,bytes_per_butteraugli_per_pixel_mean,bytes_per_butteraugli_per_pixel_p05,bytes_per_butteraugli_per_pixel_p25,bytes_per_butteraugli_per_pixel_p50,bytes_per_butteraugli_per_pixel_p75,bytes_per_butteraugli_per_pixel_p95,bytes_per_butteraugli_per_pixel_min,bytes_per_butteraugli_per_pixel_max
75,0,69.219394537,62.6314126455,67.07747017749999,71.19938322,71.767131235,72.4433850135,60.59910924,72.77077368,34.5414641,30.58082005,34.300562,34.809749499999995,35.753881,37.18468965,28.275322,38.177508,0.9292643,0.8960547,0.92037575,0.9330700000000001,0.94347625,0.95067385,0.89202,0.952243,3.81549656391,3.1623851895099997,3.19205850365,3.6202570200000004,4.4631534814750005,4.70606517793,3.1492152214,4.7679619789,390121.0,211558.3,303923.0,390363.0,422833.0,629160.0999999997,172420,750382,0.14396317785863874,0.07246128036160998,0.10986863034299266,0.1323885942651397,0.15348708332429578,0.2561977932485049,0.05502578635620915,0.32609424975664025,0.1765891218000121,0.1531137421999901,0.16055994925002182,0.17427991250002606,0.18245395525000774,0.21165094015001457,0.1486418509999794,0.22231883499999583,6.375831083177555e-08,5.5350852492910994e-08,5.746932264526889e-08,5.81636844809569e-08,6.599256386647863e-08,8.363702348253253e-08,5.3734256969742106e-08,8.63111884647639e-08,12.835496129095295,8.640549508611691,11.22097336771225,12.070044371889349,13.698555232497881,18.646536158145103,7.295164329634773,20.899750608978078,0.002127833573115275,0.0010088984239118044,0.0015964160013537735,0.0019455341940609933,0.002179013806370335,0.004040496697926709,0.0007694170981087789,0.0053811723282129265,0.004342632653799472,0.001983258989709365,0.0031695032403904534,0.003740046943082726,0.004449377730886115,0.008643922038550378,0.0014413142512132836,0.01153282179267986,0.15557946547917925,0.07940831805138253,0.11785159571894745,0.14054335190412653,0.16573225915849338,0.28162450309942877,0.058369482140635455,0.36193042928152075,0.5597167041506362,0.3151214185902964,0.40131891177698487,0.4191490773663642,0.49254484719222313,1.1968717706623846,0.24946327018638687,1.5099512268783633
75,1,69.252176632,62.613680323500006,67.096033495,71.2870191,71.8138669525,72.464132884,60.57371169,72.79126744,34.5473374,30.583479200000003,34.30407875,34.810936999999996,35.75701525,37.2038143,28.277438,38.200792,0.9294613999999999,0.89626585,0.92061925,0.9332,0.9436147500000001,0.95081635,0.892309,0.952282,3.7865574359900003,3.136929059025,3.2656596303,3.50240290165,4.21127068995,4.836843776705,3.1301422119,4.8461847305,375358.6,201214.9,292254.0,361146.0,408125.0,620961.7999999997,157726,741236,0.1386533997772189,0.06906449418931473,0.10565026895714037,0.12389299757974724,0.14890351501496615,0.2525216972604643,0.05033637152777778,0.3221196634682242,0.19325970470000015,0.17027673925000358,0.179092639750003,0.19215433299999063,0.20814763525000046,0.21748224690000198,0.17011281099999565,0.22239604800000734,6.992650395074559e-08,5.897142624936518e-08,6.256232918346782e-08,6.582248611834146e-08,7.403224126897458e-08,9.0211773584169e-08,5.6905831609987094e-08,9.664687108886427e-08,13.471467428366575,8.781574542286574,11.809611086589184,12.880077891890194,14.237664142328633,19.858723798182858,7.385178269808806,22.846803951155803,0.0020497781566877695,0.0009609241487058382,0.0015352220751400389,0.0018163387240284796,0.0021145459622220262,0.0039830669852136714,0.0007031305827798301,0.005317812867680061,0.004188224642781437,0.0018919579628089384,0.003047513418585209,0.0034968227234847228,0.00431702170846838,0.008521301900609027,0.0013176787415239396,0.011391401988688798,0.1498747533987326,0.07572738867555759,0.11329764597245237,0.13145254949221424,0.16082056786985927,0.2775642685474588,0.05337070986652944,0.35747303131967767,0.544425415042501,0.27464652458363786,0.38046694285377364,0.4025823277718099,0.47174989770464704,1.2222025804608496,0.21420315666391168,1.5610513944935067
75,2,68.743529053,62.6360898525,66.5805469525,70.58421262499999,71.19819061,71.685737228,60.43817391,71.80681412,34.2276357,30.3283043,34.01276075,34.304488000000006,35.266618,37.053750199999996,28.074347,38.200298,0.9301603,0.89718555,0.9222870000000001,0.934133,0.944886,0.9500217,0.891282,0.952008,3.74768025876,2.953288984275,3.1359531879249998,3.7557681799,4.143709182775,4.7490507126249994,2.9387145042,4.9716663361,337488.0,171199.3,256536.0,321487.0,357624.0,586799.9999999997,126310,716508,0.12511560012802153,0.05894579855010773,0.09273815720978656,0.10889416342219041,0.13418259363341578,0.23743268147684587,0.04031032986111111,0.3113735919899875,0.24274704499998875,0.21846377419999213,0.23120099449999643,0.24470232549998627,0.25438609024996595,0.26509484160000624,0.21724657999999408,0.26685271799999555,8.753391110814615e-08,7.823901779411951e-08,7.934356696865866e-08,8.541707626766895e-08,9.165048314678754e-08,1.0499349173750656e-07,7.799687372344466e-08,1.1426884560562653e-07,15.399823490841252,9.57637512979941,13.108009252292442,14.649086437620443,15.988085709661343,23.897199475216333,7.640054263176405,28.529293009262926,0.001866063600256125,0.0008300841776628914,0.001382972965346441,0.001605329289907841,0.0019169847296955902,0.003769204163182562,0.0005634832994373451,0.00515193580225739,0.0038305481012763007,0.0016228602017420426,0.002696653218045618,0.0031326009696821494,0.003921025752430172,0.008100399970083971,0.0010552360052560614,0.01109103595499434,0.13514885945615457,0.06473440526547758,0.09943568331543567,0.11566841624020019,0.1446561457637986,0.2602816054706828,0.04267906039192324,0.3442870938775913,0.48957503751004366,0.23862250678257066,0.33989893588334574,0.35966887597328107,0.41090778450523785,1.1476981141498699,0.16561770061630318,1.5480456052471574
75,3,68.167672768,61.255020867,65.5804512875,69.83898687499999,71.0876031125,72.1895092725,60.44561205,72.22747359,34.500654600000004,30.480473500000002,34.190312750000004,34.595265999999995,35.65574125,37.3943692,28.191112,38.511577,0.9330515,0.90150235,0.92408725,0.934268,0.9494987500000001,0.9537018,0.898486,0.956391,3.7491538047799997,2.9392983556,3.14035266635,3.4259119034000003,4.157861948,5.153453302369999,2.8074696064,5.6632013321,323485.2,161080.9,245258.5,309385.0,341852.5,569618.5999999996,119932,703040,0.12006357480414694,0.05543658822535283,0.08866132367401239,0.10481814608909568,0.12734334048654491,0.23146033149075212,0.03827486723856209,0.30552078987623416,0.46246974030001126,0.4046076124000166,0.424212123500034,0.4648052485000136,0.4838640522500057,0.5370060683499958,0.40255342900002233,0.5547283180000022,1.665180282335324e-07,1.369454754992107e-07,1.5536806969154827e-07,1.6802780977066834e-07,1.7541123114498393e-07,1.9608603685990446e-07,1.2992694323172283e-07,2.1167330951884315e-07,16.16964252565508,9.890179486905529,13.81233018488558,15.219448706830963,16.862867013913323,25.30195888988516,7.7864132908511605,30.04648467464897,0.0018049964477439332,0.0007960932885754078,0.0013011724217322916,0.0015831625611334157,0.0018191008742026295,0.003682381229922236,0.0005367429265149021,0.005054474254037008,0.0036549804530127835,0.0015134364762062898,0.002563491632135109,0.0029893713170369217,0.003687705143777992,0.007866464803248397,0.000993853542755782,0.010837486292709354,0.12939841589874662,0.060439629966855174,0.0947695804369283,0.11120018939130603,0.13696151968704787,0.2535600473885499,0.0403077057633238,0.33752154508752774,0.46776016655552277,0.2108343498380777,0.3222635851510927,0.33912256712228384,0.37119001013778674,1.1204592545722243,0.15218948013137243,1.3841399204758587
75,4,68.217684897,61.348974846000004,65.5584739775,69.939121545,71.0967659075,72.20438826499999,60.54296163,72.37323569,34.5175455,30.4844373,34.176709,34.6081285,35.66827725,37.45017265,28.192617,38.513965,0.9334092999999999,0.90176535,0.9244945,0.9344795,0.950321,0.95415045,0.898875,0.956598,3.8929131746300003,2.937770617045,3.247829318075,3.56933808325,4.3707135915499995,5.37897245882,2.898349762,5.6099529266,324107.2,161484.9,245637.0,310162.0,342331.5,570491.7999999997,120120,703600,0.12028471352455303,0.055578254462736426,0.0887981520041645,0.10508174848801984,0.1277151843522254,0.23166329700319827,0.038334865196078434,0.3057641496314838,0.4559183635000011,0.41124474670001093,0.4274022099999826,0.45585640650000414,0.47415304075000364,0.5142119196499947,0.41047355200001334,0.5390871199999765,1.6393879418196204e-07,1.483183180436585e-07,1.5377659891068389e-07,1.6048487007634734e-07,1.6776725383734259e-07,1.9151210649053186e-07,1.482622724545585e-07,2.0744119211514433e-07,16.136041840487515,9.880666579248444,13.77232465621187,15.181283947258775,16.832839917443028,25.248446261881618,7.780216031836271,29.999458874458874,0.0018063445945166452,0.0007976018224791869,0.0013057351545298125,0.0015841627049547192,0.0018217920599952965,0.0036798731819655604,0.000537760888262809,0.005050366572750759,0.003660108278867149,0.0015169679900946618,0.0025664191423032325,0.0029960980662934815,0.003696936836872276,0.007872571708671004,0.0009953497438157416,0.010845539796163081,0.12959108104538528,0.0605778469296618,0.09488364300269261,0.1114619117451644,0.13728492097197154,0.25374034735240336,0.04036931731129864,0.33774972399307607,0.49300838976685346,0.22270142360705916,0.32699822593106787,0.3454804966819174,0.3864424657098158,1.2133000788495,0.1571964876290939,1.5583768276028718
75,5,68.282046362,61.170169736,65.620101245,69.74105901,71.31409211,72.551892683,60.27262445,72.62811182,34.3890022,30.38486755,34.06211025,34.455731,35.52535225,37.31599265,28.136686,38.422517,0.9316070999999999,0.89998475,0.921901,0.931769,0.949141,0.952911,0.897485,0.955692,3.61426408291,2.7526258826200003,3.1049219370000003,3.5758311748500002,3.958781003975,4.645622944805,2.709294796,4.7046742439,316367.6,160686.6,240726.0,302034.0,329043.0,555817.9999999997,119634,690962,0.11742536369457797,0.05530099154221976,0.08702281797674821,0.10229118541775117,0.1230402027549128,0.2257702110276733,0.03817976409313725,0.30027204144068975,0.49912832219999925,0.42894154444997523,0.4562266604999863,0.47616901850001625,0.5566616627500167,0.5978640017499856,0.4186700509999355,0.6040122819999851,1.8093135941632032e-07,1.3836114546631125e-07,1.621522313682162e-07,1.7316168372955132e-07,1.9208763242634843e-07,2.404029208070071e-07,1.3361355283647858e-07,2.624862162772846e-07,16.456063594550212,10.224355490312446,14.28982500823944,15.594445972727467,17.035723774594402,25.36443313752158,7.922519617576654,30.1213283849073,0.0017647997759151087,0.0007906234797783017,0.001282230653121531,0.0015434418120770603,0.0017544754127218581,0.003605336920218155,0.0005338052645049308,0.004981897572583464,0.003585909812495773,0.0015119582185375566,0.0025234420216335646,0.0029306622512650935,0.0035788563167142326,0.007699181006383391,0.0009936820144587938,0.010671905050960506,0.126789875614069,0.060343955047134745,0.09314641532688286,0.10867901356339012,0.1325928605893512,0.2480151992108377,0.04022487730508224,0.33251244844158595,0.4435176104458195,0.21069556142056167,0.2982819875559545,0.31847655122880214,0.37744826218400723,1.0542203535568797,0.1518917697723991,1.4126821395292866
75,6,68.101822934,61.232975235,65.3936827425,70.07051501,70.9793508225,71.785393483,60.53615514,72.30481321,34.3863153,30.3817884,34.05272375,34.434762,35.51183075,37.348418349999996,28.143519,38.437381,0.9313964,0.90009695,0.9218635,0.9313845000000001,0.9491065,0.9523961,0.897743,0.955007,3.71009743213,2.881219911595,3.0474438071,3.44934403895,4.080332577225,5.095133042319999,2.8564538956,5.4074234962,307014.6,156358.9,232549.0,292721.0,317708.5,543354.9999999997,117118,681568,0.1140449334992933,0.05379514391601958,0.08406681994331655,0.09941172686119064,0.11798408274860461,0.22145138367403683,0.03737681270424836,0.2961896815463774,0.9047987551999966,0.6299281397000314,0.752545227999974,0.8428667749999761,1.0212729790000168,1.2843974803000064,0.6061247930000206,1.333320915999991,3.3065586329761657e-07,2.135973388611263e-07,2.519362706031621e-07,3.0469763108044717e-07,3.826235808000628e-07,5.0830617641366e-07,1.934374977660401e-07,5.794225924767031e-07,16.977584683904592,10.492200290016772,14.901881495313244,16.046564793390015,17.683415291571414,26.002018085847165,8.031715103995493,30.768413053501597,0.001715966670133539,0.0007719127274909961,0.0012557561186583338,0.0014969071407578667,0.0016751519946910172,0.0035260615797023756,0.0005253201022537515,0.004892773266841761,0.003485859938320552,0.0014706003662101129,0.002437616846481821,0.002849210237022088,0.003432795371006452,0.0075562036842559644,0.0009724078938741524,0.010524258943822107,0.12318331392237913,0.0586886616108845,0.09001484621391434,0.10565164284777596,0.1271532916454245,0.24335199114761408,0.03939057718149809,0.32801573638485426,0.4550984207544233,0.21033819716885704,0.29387742111402565,0.3177897114316256,0.3388198957997569,1.1568509985153455,0.14662132661746477,1.601623043325877
80,0,73.266636539,67.352356997,70.891694465,74.65450141,75.87475259,76.59087958650001,65.44661165,76.64036493,35.5645184,31.3533825,35.23879425,35.942404499999995,36.822792,38.297681299999994,28.860504,39.1979,0.9405265999999999,0.91093985,0.93648525,0.9445345,0.95334225,0.9582976,0.907946,0.960967,3.3820563793300003,2.57759352924,2.7620589137500002,3.203864336,3.59963297845,4.800227570545,2.5625331402,4.8546500206,461633.2,254014.1,362103.5,459646.0,497310.5,742511.8999999997,205730,870770,0.1701338890832921,0.0870329973515494,0.13090097027011396,0.15591395325875557,0.18543018343491527,0.2978122896676399,0.06565627553104575,0.3784113822834098,0.17260062070000118,0.1428723140000102,0.15783756075000355,0.17166017350000118,0.1820245629999988,0.2087703097499883,0.13418302100001256,0.21577623599995377,6.25999032912827e-08,4.8722446255034064e-08,5.583194941720694e-08,5.994113200589892e-08,6.384932805126857e-08,8.538758726662273e-08,4.850736776274385e-08,9.37700928243437e-08,10.79788553870592,7.423218306854068,9.444339728540058,10.238919206770776,11.469683131372733,15.56002589210415,6.286573951789795,17.51584601176299,0.0023646802976074635,0.0011504386273588213,0.0017927519060664536,0.002170503102192204,0.0024712618406558954,0.004379993242990346,0.0008767364285397974,0.005781985846831993,0.004985671217824743,0.0023220041403093574,0.003676885364925868,0.004257871749093135,0.005192132023577642,0.009818590474543552,0.001674994719896876,0.013111738529701693,0.1815125170044078,0.09408545146821269,0.13910157670383735,0.16408570721156596,0.19676641368182823,0.32261000675022344,0.06909194140957844,0.41374567683040303,0.6095390273249066,0.2964876515529493,0.4034130931617495,0.4443257389182822,0.5117972141008875,1.434927919378179,0.22883360583479306,1.83705482479743
80,1,73.310676427,67.408966591,70.9883356375,74.67624391000001,75.8825753575,76.6310799305,65.46726763,76.68300503,35.5721826,31.35650935,35.245498,35.950213500000004,36.82892225,38.31476025,28.862392,39.223569,0.9406886999999999,0.9110801,0.9367194999999999,0.9446445,0.95346825,0.9583931499999999,0.908156,0.961027,3.44885084629,2.588619589805,2.82544469835,3.23112356665,3.6469125747250004,4.991701412199999,2.5494732857,5.0784745216,445203.4,242785.6,348997.5,427152.0,477866.0,733729.7999999997,189628,860052,0.16420818574119891,0.08334905243670108,0.1261631311816762,0.14615494825557435,0.18067025886221005,0.2936016400709218,0.06051751429738562,0.37375365039632874,0.1983379066999987,0.16341817209999476,0.18453974649999338,0.1951921770000098,0.2073158344999868,0.24077491445000304,0.1526066889999811,0.24366411200003313,7.178781691773757e-08,5.570868148063022e-08,6.417475499374907e-08,7.059417946382146e-08,7.556467020313032e-08,9.352004731783817e-08,5.516755198391358e-08,1.058893547490062e-07,11.296268266530074,7.540581248178365,9.739947230687818,10.917900631127761,11.885105480729582,16.47957992706478,6.364917470106459,19.003179910139853,0.002281753739598835,0.0011012591875809176,0.0017286123028348323,0.0020295192987194706,0.0024066703903153435,0.004318125212952816,0.0008077844563358791,0.005709015572616602,0.004817990513507073,0.0022255263692039645,0.003546736862363673,0.0039875900472881145,0.005058721402434164,0.009681083339663877,0.0015428864797434833,0.01294950364461576,0.1752202156357647,0.09014440091969042,0.1340086585016677,0.1537575148332847,0.19175467977179345,0.31803951863685725,0.06366699311268385,0.4086284544716677,0.6055829027207562,0.286923644307366,0.39684577777560565,0.42613208666243996,0.48233173552647124,1.4740723247847631,0.20953589676786202,1.8980983908927491
80,2,73.141776842,67.0775447295,71.640699185,74.63280398,75.16999307,76.2514732445,65.28498516,76.46148536,35.3013302,31.14220305,34.9996115,35.5943235,36.458469,38.0561796,28.684533,39.121416,0.9419136,0.91185545,0.9387065,0.9461655,0.9540145,0.9592705,0.907949,0.962497,3.35817103385,2.514013218865,2.6507919430499998,3.1757336855,3.65979599955,4.723424553839999,2.4954345226,4.7447953224,411383.8,210536.2,310579.0,393197.0,438551.0,709266.9999999997,153280,840460,0.15217006049785836,0.07253774979755914,0.11227478454508646,0.1331981374085401,0.17013114484824166,0.28210049454178815,0.04891748366013072,0.36523953553052424,0.24205463779998126,0.20130535134994715,0.22034654874996562,0.23563219749998154,0.2586123477499882,0.2966941438000191,0.19277198199995382,0.3038628940000194,8.755772786652434e-08,6.852430433250423e-08,7.32451450322895e-08,8.852407292931002e-08,9.451835170483822e-08,1.1245827103826796e-07,6.757270763121012e-08,1.251270416145263e-07,12.592963273401832,7.961337367881593,10.352473575657921,11.976377714090727,13.204673476624624,19.54339495252816,6.513290341003736,23.509492432150314,0.0021213771781452683,0.000966459919798784,0.0015723169032953355,0.0018368828354772468,0.002267197557086066,0.004163334826988035,0.0006554281054233062,0.005594541143501796,0.00451373682917817,0.0019475558851791632,0.003179472533823814,0.0036926781723318454,0.004782552113998518,0.00938170941187624,0.001250401663889945,0.012732978275453334,0.16217721895894407,0.0785635422120169,0.11911847581831364,0.1400763272297451,0.17993785271883045,0.3050141193002205,0.05146175271432705,0.3984590680323841,0.5452132764497202,0.24048331372935627,0.3456829839162431,0.3778734370397553,0.4734207618095553,1.334651980039753,0.16002993772784926,1.73298683974078
80,3,73.06935819,67.044949131,70.3430265275,74.458494075,75.472232995,76.92755935000001,65.41138191,77.00880091,35.5582701,31.269490599999997,35.1733155,35.918763999999996,36.80969825,38.374491799999994,28.776964,39.380627,0.9445524000000001,0.91493445,0.94162475,0.9463885000000001,0.95676,0.96302745,0.912756,0.966177,3.28540763855,2.3333455919849997,2.6094381213,3.1603345871,3.446784496325,4.824726605455,2.3101353645,4.9575862885,398349.0,200473.0,300228.5,382799.0,423464.5,694064.7999999997,147004,827902,0.14745704622491257,0.06904611776725808,0.10853306293018683,0.12969749212830411,0.16404298032934597,0.2765375591016546,0.046914573120915036,0.35978219301905157,0.4617998218000025,0.37406037325000624,0.4349359767499976,0.44434168850004596,0.4859106624999683,0.5756812015499803,0.35283665200006453,0.6252155639999728,1.6651393784255594e-07,1.27597966226977e-07,1.4637623580287327e-07,1.6596244360578188e-07,1.7763671431798815e-07,2.1291404514567267e-07,1.275509905142231e-07,2.2386455421707244e-07,13.073729660452923,8.158274098826329,10.740992674334743,12.300151534426146,13.810596524685629,20.460929029166007,6.612086937825975,24.51317651220375,0.002057738929831608,0.0009312166283808213,0.001489319006060972,0.0018089332393502523,0.00215944083727655,0.004082360632496885,0.0006264439247698935,0.005500299527597177,0.004350363501248033,0.0018418058663748319,0.0030460348079323282,0.003567781045132646,0.004567025443062353,0.009168494550454515,0.0011913109743253972,0.012502437471133216,0.15680688238550683,0.07440183951196566,0.11478506556655804,0.13623680736956167,0.1728700124693022,0.298777107901041,0.04913714443814103,0.3920917276528275,0.5190911248624348,0.22451862775838333,0.32408185516141064,0.3420536454411744,0.43518825784612025,1.3125359190990429,0.15466426873496222,1.6774278266693856
80,4,73.244688447,67.359610017,70.4472245375,74.786094605,75.6329325025,76.851336784,65.9694708,76.92181591,35.569489700000005,31.29366945,35.17943375,35.9253215,36.812948500000005,38.3847962,28.787529,39.385148,0.9449363,0.9156468000000001,0.941697,0.9473225000000001,0.9567895000000001,0.9630171,0.913143,0.965943,3.43004717828,2.4362278700199997,2.942668974425,3.20743107795,3.56668895485,5.01772217751,2.3950426579,5.2540831566,398936.6,200957.7,300517.5,383132.0,424114.0,695216.4999999997,147324,828934,0.14767255249857938,0.06921388159107669,0.10863753687315635,0.12981249197918474,0.1643878231371826,0.2769202510082045,0.04701669730392157,0.3602306702822973,0.4543848008000026,0.3764757433499824,0.42185597800001773,0.4435770750000074,0.48148002250000843,0.549294771449999,0.353985110999929,0.5795151419999911,1.6406823291600904e-07,1.2839556176744378e-07,1.3956158345381644e-07,1.690918853750969e-07,1.7568549461814749e-07,2.056863458806209e-07,1.279661602029936e-07,2.2265625564942673e-07,13.052686464979754,8.145940407200893,10.719146432191932,12.289316767742417,13.789804010619246,20.413681252744226,6.60385507169449,24.45993185088648,0.002052896565269537,0.0009317830923047403,0.0014896908084541278,0.0018097733779414138,0.0021632474949453335,0.0040507321073467465,0.0006268032094748975,0.0054605663182354545,0.00435503973255919,0.0018458452952431264,0.003049425464725584,0.00357050687241966,0.004575083288970614,0.009175775416844098,0.0011937671861464523,0.012513427959805002,0.15694130887994395,0.07456072982422843,0.11489009054149947,0.1363515017640097,0.17318795462762926,0.29877113789163234,0.04924034190396262,0.3921061560239525,0.5414553454151184,0.22657214836795608,0.3374281752373251,0.3797264796232287,0.45241259676286666,1.3508965584116652,0.15653607220736981,1.7034719551627895
80,5,72.917278822,66.4408310165,70.4899880475,74.28135344500001,74.9679143125,77.21726161000001,65.59705655,77.31902254,35.4445488,31.1921254,35.08443675,35.72525,36.671409,38.30285135,28.748359,39.315053,0.943109,0.91413895,0.939554,0.9438755,0.9558915,0.9624936,0.911479,0.965469,3.29295258521,2.37899558541,2.471427917475,3.1195390224499997,3.3740416765,5.123153996484999,2.3631420135,5.4349303246,389717.2,198848.7,295753.5,373955.0,408378.0,678638.6999999997,145836,817560,0.14431611989511764,0.06848614511484905,0.10691534357105674,0.1266954986732894,0.15805939001361055,0.270913102315394,0.046541819852941174,0.35528785982478095,0.5171062826000081,0.42013499375007085,0.48380500149999506,0.5032173439999923,0.5348438067499757,0.6491373138000084,0.401086388000067,0.694808117999969,1.8678725565751053e-07,1.4307812417605485e-07,1.612307654071946e-07,1.8268511300537038e-07,2.0648355975981246e-07,2.415940773820285e-07,1.415111261106246e-07,2.578385490543982e-07,13.318352773364555,8.39306990573625,11.139245258592503,12.591441762523168,13.937410797564418,20.626666484874885,6.695728753852928,24.709502454812256,0.002019074847255359,0.0009203241514229565,0.0014681004605384689,0.001785353736596199,0.0021049231118351512,0.0039989953848982235,0.0006202468915613569,0.005416216496756529,0.0042719562171538395,0.001829474640368574,0.0030161669610403582,0.003500896848303804,0.004429138366830057,0.00900630092285835,0.0011838167903001726,0.012358544006799864,0.15371150203227935,0.07387172504556222,0.11316775649084412,0.13333009144172545,0.16720474674653074,0.2930166521879173,0.04876067433872485,0.3872811561329216,0.513786110635034,0.21745146190661294,0.30754966540783796,0.32827142899487594,0.4177807044742714,1.337007858665389,0.15401385116322494,1.6848084425239203
80,6,72.864902492,66.26229556,69.95962066999999,74.51466687,75.4396629525,76.95316661849999,65.36806357,77.26928328,35.441164300000004,31.1973912,35.0387925,35.735714,36.660262,38.309415249999994,28.750887,39.332812,0.9430088,0.9139396000000001,0.9393395,0.943918,0.9556905,0.9619397000000001,0.911884,0.964709,3.45113492013,2.353227400815,2.7634081840249998,3.4643727541000002,3.6891865134499997,4.949159836784999,2.2821555138,5.1834816933,379949.8,193511.6,287034.0,363814.0,395952.5,667316.3999999997,142730,808656,0.1407838419318588,0.06662914478452701,0.10376323095609925,0.12349025098147666,0.15344551064802764,0.26647756831455965,0.045550577001633986,0.35141843971631204,1.011773133600002,0.6790165599499985,0.865613026250017,0.9470127925000043,1.0745826507499956,1.4887979241999771,0.6418760210000016,1.5037619559999484,3.6909702705565494e-07,2.3050987786091692e-07,2.8574643232584585e-07,3.4234657603823397e-07,4.189055263751519e-07,5.706030971195441e-07,2.0484707573784774e-07,6.53491324224703e-07,13.686847420331267,8.582102420793985,11.476248778114066,12.919255283152527,14.394745886123722,21.14442223666472,6.7694545022852735,25.24721502136902,0.0019721018841674393,0.0008971958056553239,0.0014257531373522423,0.0017427905678139733,0.002023545254890938,0.003941523953091681,0.0006080285452375238,0.005375995868991779,0.004170770471515368,0.0017794062565891383,0.0029301091902840535,0.0034130096670692877,0.0042956570792109395,0.008863634368996905,0.0011580808664692977,0.012222872974886377,0.14999507319564695,0.07184354865254174,0.10994780088823493,0.12998675550100977,0.16208198341385793,0.28844790359994904,0.04772667473623251,0.38345536887508785,0.5148754453328429,0.2309364969857295,0.32216259291603877,0.34729832916493997,0.4420632816148368,1.280637682223927,0.15897893161983698,1.638582112939929
85,0,77.837007845,71.386280641,75.731183285,79.19990228,80.41958205,81.4589912415,68.951215,81.75457515,36.786618600000004,32.19473985,36.3385705,37.408592,38.101776,39.53335455,29.349051,40.239189,0.9524274,0.92522615,0.949786,0.9562364999999999,0.9613947500000001,0.96919595,0.924665,0.972431,2.9886955022799997,2.173000192655,2.3699387311500004,2.6080055237,3.0025507807749996,4.78151195049,2.1558198929,4.8216929436,570966.8,324842.5,452858.0,565405.0,628482.5,888688.4999999998,252694,1002030,0.20980091184146726,0.11154331584795607,0.16370886112557118,0.19162926537917896,0.2368545277163225,0.35196762619941574,0.08064427593954249,0.4354531706299541,0.18245437480000248,0.1522524917999874,0.16835303149998992,0.17168518700003688,0.1913472089999928,0.23215292260000522,0.1437771270000212,0.23885820700002114,6.61939278271624e-08,5.193153942673503e-08,5.562667375633502e-08,6.206445825381632e-08,7.125059575805249e-08,9.011377146346346e-08,5.189544749538721e-08,1.0380084784801363e-07,8.650731673179333,6.166991940215322,7.422425200557409,8.32595280564723,9.21348641382816,12.334767382416716,5.463069967965031,14.260469184072436,0.0027396326394066835,0.0013958049128671526,0.0021056745129050592,0.0025016637386182424,0.002946527623162158,0.004888744639489916,0.0010216817948863522,0.00631538067356687,0.005935207850431344,0.0028961919240941816,0.004428945698172305,0.005044056221913569,0.006335032987249541,0.011313150997708007,0.0020041227953063985,0.014837044326576492,0.2209170606736448,0.11889861083597678,0.1718899028254675,0.199861536880871,0.24690287339102832,0.37642306301835576,0.08424261499650312,0.47093073775903066,0.6795317464155314,0.301259509984133,0.4227523529586756,0.4735059020059086,0.5618623202080226,1.6756946696950423,0.2141400639003353,2.0607393893195636
85,1,77.874896809,71.4320579325,75.73266867,79.29604193,80.37893207,81.513456478,69.03168096,81.80940292,36.7926226,32.197820549999996,36.3442965,37.4125515,38.102695000000004,39.5520893,29.350095,40.267007,0.9525171,0.9253227500000001,0.94986175,0.9564459999999999,0.96148,0.9692062499999999,0.924722,0.972444,2.91806550024,2.192833709705,2.353951394525,2.60806655885,2.92327088115,4.499914526905,2.1555492878,4.5228924751,551228.8,312502.5,437625.5,530036.0,598060.5,878872.4999999998,234936,989586,0.20268240218230016,0.10749614661959918,0.1582022890277055,0.17913693881405807,0.23141661549160594,0.3468734824780974,0.07497702205882353,0.43004536921151437,0.21210300739999752,0.1750772993499936,0.19529501674998073,0.20334278950002727,0.21693899074998058,0.2719085346000014,0.16326030699997318,0.2826373139999987,7.698609612638739e-08,5.967778114228118e-08,6.534274446795708e-08,7.280089345103832e-08,8.174714948839509e-08,1.0622725064924843e-07,5.901885122041948e-08,1.2282597778473035e-07,9.032374391053157,6.26552526714041,7.606077182076501,8.91321445121298,9.515624778568718,12.990666578759775,5.531767830183531,15.33836874723329,0.0026458960329225952,0.0013449191530305062,0.002037669149462709,0.0023356475087625236,0.002878302293643962,0.004812920253670671,0.0009489592710442467,0.006229681259836358,0.005740890473320373,0.0027928346050469645,0.004287826042469532,0.004710829306056338,0.006189743435205161,0.011151614530259528,0.001861996399653531,0.014652264982839558,0.2134585908882348,0.11461282723372529,0.1660933456737394,0.18678736507496002,0.24125925859457903,0.37097273433550854,0.07829721548130841,0.4650536801455079,0.6382129048823781,0.2816603396169327,0.40508663821119956,0.46090337744118537,0.5200149235780959,1.5567940012266228,0.2014803324893842,1.9230899416578222
85,2,77.18784131700001,71.0325073975,75.2850970575,78.70390309000001,79.29128855249999,80.499020324,69.29544919,80.59258292,36.498299700000004,32.0578345,35.95811725,37.043620000000004,37.86769475,39.26215935,29.253466,40.162347,0.9532419000000001,0.9263055,0.94841,0.9574015,0.96375625,0.9694530499999999,0.925104,0.971843,2.88836630584,2.03611627222,2.200751125825,2.6388584375499997,3.131835341475,4.5366126776049995,1.9677346945,4.8430490494,512051.4,273460.6,394796.0,484761.0,556424.0,853164.7999999997,192646,984500,0.18889371713412662,0.09436779284561353,0.1427193591300827,0.16604080301691104,0.2136080332644673,0.33849425410234996,0.061480672998366015,0.42783514114865806,0.2638077695000135,0.2134055591000049,0.23686275950002766,0.25166291499999716,0.2923785670000072,0.3259074212500138,0.19821920300000784,0.33664490500007105,9.583224590108683e-08,7.272432696054317e-08,7.8209350408727e-08,9.097652951298411e-08,1.0560909934801917e-07,1.3139728760735526e-07,7.165654570825664e-08,1.462961101550858e-07,9.992266301750183,6.505003026015196,8.253047592275053,9.612188362785345,10.388174582079833,15.271707573040738,5.560345352971051,18.705475327803327,0.0024870072823059185,0.0011946876094342056,0.0018918568879770126,0.002176045307399704,0.002691149485127906,0.004699240005827355,0.0007844109709211342,0.006174072701016545,0.005411214246184215,0.0024661457853668565,0.003931539081800458,0.00443313435966115,0.005757295636538396,0.01095162404505229,0.00153080378988723,0.014625109419467016,0.19877515485391078,0.10077081122465652,0.14999271716638127,0.1729249609443071,0.22238912807660782,0.36109558340314923,0.06420911074108702,0.461141550796485,0.5870075817798401,0.2491131485475354,0.34679895766674823,0.3806365732969826,0.5055583496475846,1.4791057497599749,0.17511377262865802,1.7806837994621534
85,3,77.821615884,71.6159989965,75.323299105,79.24598971500001,80.17444657249999,81.5390483395,69.71622375,81.54574078,36.7456537,32.18411115,36.132994249999996,37.3517925,38.213664,39.552461,29.323188,40.386707,0.9557261,0.92848385,0.951694,0.9606414999999999,0.96589675,0.9719839,0.927677,0.974125,2.7823197841700003,1.9495185733,2.06198346615,2.5654348135,2.9331775903749997,4.378166127199999,1.9041507244,4.5312552452,500604.2,262342.5,384347.5,472379.0,546570.5,842986.4999999997,185406,974814,0.18477411072305458,0.09051727395535095,0.13894221036497195,0.16266864611349702,0.2094480402550032,0.33455342876512284,0.05917011335784314,0.4236258865248227,0.4907391117999936,0.39931920814998423,0.43978595625002015,0.49667466750000244,0.5303057789999812,0.5897600619499882,0.37283304200002476,0.6148264879999488,1.7771847472542123e-07,1.3612493605221015e-07,1.450937769431675e-07,1.795486535875421e-07,1.9374820485680442e-07,2.320290435944288e-07,1.3477971614900543e-07,2.4297877511821925e-07,10.279326858732125,6.590565740822077,8.4244323331306,9.809910472470339,10.72452795362596,15.895212873669628,5.615594359539358,19.43591361660356,0.0024136034016814666,0.001146560066767651,0.0018037475712285441,0.002117854039806376,0.0025998435896005014,0.004614332485602044,0.000752121168462447,0.00607643190835939,0.005265794922452159,0.0023540441777944337,0.003792620750326468,0.004310264528651927,0.005588976703658838,0.010792059979749125,0.001465088831279142,0.01444678820477578,0.19397478692307066,0.09638671850947442,0.14546170558777316,0.16911892547707208,0.2172809571492332,0.35627328164595523,0.06162417279089495,0.45577144665758196,0.5625050582466596,0.23914791968591337,0.33296718080890825,0.36000843418871403,0.4496389028807043,1.4813967411093867,0.17110307907701994,1.9195570203181027
85,4,77.983168259,71.6744638455,75.44733276,79.65262955,80.272335355,81.65080172900001,69.76682439,81.66534842,36.7595415,32.1871941,36.138459749999996,37.396264,38.22172325,39.557996949999996,29.323512,40.387252,0.9559637999999999,0.9293768,0.95170475,0.9607555,0.9659789999999999,0.9721228999999999,0.929294,0.974246,2.73739631176,1.858990526195,2.0715663433000002,2.5388711691,3.024157524125,4.310056042649999,1.833315134,4.4106888771,501460.8,262851.4,385021.5,473184.0,547634.5,844164.7999999997,185698,975734,0.18508471026238627,0.09069443851355993,0.13918586239805658,0.16294904986100267,0.20987811552188168,0.33498251286330116,0.0592633016748366,0.4240256918370185,0.48079169160001245,0.3973530212000071,0.44264176249997433,0.4652399525000135,0.5100257352499824,0.599567464300071,0.37745586799997,0.6372817150000856,1.7372518446816438e-07,1.3541722622980994e-07,1.460684425203442e-07,1.6818495593296803e-07,1.9194179545972037e-07,2.2380903199483897e-07,1.3457151373571935e-07,2.405229927166134e-07,10.260952794875454,6.580455029963444,8.407446321119739,9.792977814927259,10.702446472864434,15.867122771452951,5.610299528355064,19.40535170007216,0.0024137329778711426,0.0011405915524267606,0.0018050648370107607,0.00211901497703758,0.002601757435722482,0.004617397160873182,0.0007515944531344066,0.006077755373624202,0.005272923021738455,0.00235529373271349,0.0037994405402789243,0.004316983981662232,0.005598674245290189,0.010804818002015193,0.0014673764304349453,0.014460262871548895,0.1942600988618846,0.09646663622325392,0.14571074328110242,0.1693992834550609,0.217682223353741,0.3567121217838986,0.061720840376091435,0.45619766345951007,0.5502918783055087,0.23974694480134856,0.33570420756700253,0.3496965594863297,0.41543127941087976,1.4547453306790192,0.1859878813020142,1.8702454025901698
85,5,77.698449453,71.23694504400001,75.27197581,79.305559085,79.913169015,81.40082106,69.62798016,81.46859268,36.6194255,32.0931295,36.0312475,37.182439,38.020592750000006,39.460760199999996,29.293846,40.32541,0.954448,0.92793055,0.95000175,0.9588525,0.96412975,0.9712314,0.927508,0.973269,2.89104526043,1.99123095273,2.1933137177999997,2.65508639815,3.1457912325999997,4.532194662109999,1.9719843864,4.6407966614,487947.8,258210.40000000002,375828.5,462115.0,526439.5,823491.5999999996,185998,963474,0.18021811040187588,0.08900971992894688,0.13586257880733413,0.1582935342739603,0.2012710323286302,0.3280283036086773,0.05935904309640523,0.41869785148101796,0.5446873054999912,0.43996117889994935,0.5060901579999637,0.5219292234999671,0.5661924315000135,0.6983589874000529,0.4125343079999766,0.7090498840000237,1.9724697186976728e-07,1.5002037190118084e-07,1.6730596083054184e-07,1.8867821429086667e-07,2.149845886465054e-07,2.656226592499224e-07,1.491317846607585e-07,2.9780816993467907e-07,10.50411167168794,6.763591265539851,8.758267261134645,10.078526151346086,10.955970807521462,16.010019672733563,5.681689386532486,19.37405240916569,0.002360618339917878,0.0011188310540557983,0.0017713885655138415,0.0020631231790396633,0.0025103928047945775,0.004541657886448376,0.0007522194213084533,0.006013356276009744,0.005156244393223685,0.002315201513511453,0.003724346688011102,0.004213848345927714,0.005406804816584271,0.010613410584635368,0.0014720009814259852,0.014293031085130234,0.18948749103148826,0.09477376449525798,0.1424675526740739,0.16483265642444753,0.20930346294368943,0.3499125730401804,0.06182976031874217,0.45096580793628277,0.5652803103804926,0.23721208038481023,0.34246116489362977,0.3625624015309582,0.4721707576674933,1.4667364716249744,0.17587716860691743,1.8420439829123143
85,6,77.595394144,71.23678272400001,75.208731715,78.88862455,79.95585803499999,81.543343001,69.68057251,81.62830022,36.6253512,32.11004205,36.03644225,37.207929,37.989451249999995,39.47785295,29.30445,40.354619,0.9544013,0.9280668000000001,0.9499467500000001,0.9591259999999999,0.96326525,0.97117045,0.927633,0.973258,2.85278289318,1.907760977755,2.2097135186,2.6266978978999997,2.987695276775,4.57241020202,1.8792233467,4.6195964813,478057.0,251029.6,366706.5,452034.0,514449.0,815264.9999999997,182140,957798,0.17668352395616818,0.08650374075007952,0.13256496182543814,0.15443582997588784,0.19738164863451835,0.3247165128285355,0.05812780841503268,0.41623122653316647,1.1215502675999744,0.7679647749499992,0.9461815932499746,1.0282553809999797,1.2684934104999712,1.60987115019995,0.721904029999962,1.6667970789999345,4.0862425142884545e-07,2.608001490349384e-07,3.1211918664512494e-07,3.71715896306893e-07,5.038388935920124e-07,6.075244252584579e-07,2.303870602277248e-07,6.693675318974976e-07,10.753708486928335,6.856378271902157,8.9345720230983,10.329121302407337,11.268647410065665,16.41528229015693,5.7153596060964835,19.78442406939717,0.0023165023796922674,0.0010987346706756293,0.0017202632158286933,0.0020197574034067686,0.0024546134289133827,0.0044909760002879795,0.0007370470607787402,0.00597341858052949,0.005058245670576692,0.0022511804900584324,0.003620940359985678,0.0041117768957744955,0.005297340630674332,0.010507350324256119,0.0014404251571556823,0.014203686693767209,0.1857896807126077,0.0920887063944964,0.13903002818560997,0.16091130862881933,0.20518372658633158,0.3463668870088038,0.0605472145617038,0.4482366694412823,0.5529298181591328,0.22851112553063435,0.3219204459986623,0.34850735994091253,0.43907167080780163,1.4760543232046244,0.16491030475011295,1.8791749697214637
90,0,81.541976852,74.719928482,80.3995093475,82.862929065,83.8765346725,84.9791957855,72.02925934,85.23378977,38.2161082,33.00661225,37.427541,39.0815765,39.9257385,41.0724488,29.792638,41.625722,0.9638777,0.9384436,0.95939675,0.9682265,0.9724422500000001,0.9789287,0.935281,0.981248,2.51897187233,1.62122470738,1.925774663675,2.0721594095,2.68089967965,4.3528916359,1.6079338789,4.3652358055,708289.6,394297.3,571242.5,713489.0,782462.0,1085144.6999999997,296002,1208586,0.2599686788591904,0.13564226028607423,0.20650503933136677,0.2437777989030236,0.2951326529874487,0.4259502789945763,0.09446550755718955,0.5252164163537756,0.21586811500000636,0.18033847085005733,0.19646493500002293,0.20819242049998365,0.22657120199998815,0.27117956699997875,0.1686938690000943,0.27716583599999467,7.829479256278582e-08,6.148342274087315e-08,6.478214625903736e-08,7.526187912111156e-08,8.400325897584618e-08,1.0563638541144911e-07,6.098309221184507e-08,1.2044823216520418e-07,6.996538298920079,5.08567921438231,5.956660539281189,6.548778258349664,7.291530175411504,10.3017997061938,4.529392198817461,12.174022472821129,0.0032393389130174603,0.001625307347569554,0.002545241001258014,0.003009987305828644,0.0035070699215747703,0.0056626152132110055,0.0011414986553613172,0.007291709246579845,0.007094089363606916,0.003407287309666748,0.005374622002879958,0.006150109270448111,0.007497057911880029,0.013402532598510146,0.0022694022594296273,0.017629067165981595,0.27040879724627265,0.1425754845450199,0.2146302407467861,0.251580639309765,0.30295333513498457,0.4501625712919094,0.0977558724686105,0.5615600192388978,0.7157001585390487,0.3013146976451463,0.42107839353462717,0.46054913775749917,0.6306618734136064,1.8514493019274028,0.23265429406578086,2.2782860384812853
90,1,81.604365183,74.779564678,80.49870515,82.98522932,83.8832568575,85.011207291,72.07951894,85.26688794,38.2235109,33.01070415,37.4329005,39.087466500000005,39.933527,41.08773645,29.793354,41.645502,0.9639846999999999,0.9385697000000001,0.95963825,0.968349,0.97250375,0.97897195,0.935363,0.98128,2.46838971377,1.63086403611,1.916375011225,2.10404789445,2.549372613425,4.24330720902,1.6217156649,4.3380994797,686099.6,384467.9,555072.5,671780.0,740766.0,1074783.5999999996,283190,1197990,0.25198326968262397,0.13238743548327334,0.20065955954653247,0.22811808910741657,0.28826589889389564,0.42094489205256547,0.09037671058006536,0.5206117021276596,0.26743067729998415,0.21802245124999048,0.24713414250000199,0.26164078649998146,0.2761895315000089,0.3329729570499353,0.20110537400000794,0.3392132199999196,9.692933688050506e-08,7.426500052516285e-08,8.166336944365872e-08,9.67503222786165e-08,1.0307505312024016e-07,1.27984037913698e-07,7.26999009485829e-08,1.4741222535109843e-07,7.25055788252646,5.155375036442217,6.104377054956414,6.993922670805019,7.476858032844074,10.648601145923521,4.569453835173916,12.724796073307674,0.003138727896329191,0.001585734610056351,0.002480695161441362,0.0028122248188050393,0.0034240916033695815,0.00559146572347469,0.001091172143477623,0.0072227410751870315,0.006884781060322589,0.0033265863064843703,0.005239859029130587,0.0057495160345206785,0.007321112999810873,0.013249820963876375,0.0021701433825930434,0.017474088420110726,0.2621307213306266,0.1391544562805563,0.20849612664226214,0.23537109146746252,0.2959148623485763,0.44486947321108633,0.09350733619590422,0.5565878724384646,0.6856506373902671,0.28884118457911917,0.40463264963927753,0.44232033454086217,0.5597630796771984,1.7977456145604584,0.20396848964466083,2.2584653541257316
90,2,81.55891900499999,74.7408499475,79.900645485,83.28730543,84.0259920325,84.7650742165,72.48619688,84.83405212,38.0497261,32.8912012,37.3509905,38.715348,39.8113445,40.948505649999994,29.75185,41.557582,0.9646229,0.93960695,0.9590755,0.9691799999999999,0.97457975,0.97876255,0.936146,0.980455,2.64761167765,1.5714454233700001,1.767114639325,2.14310085775,2.9889795183750003,4.87943360805,1.557954073,4.9668154716,667870.2,378955.1,527779.5,631902.0,735017.0,1053955.8999999997,274808,1163602,0.24523743349044805,0.1305898496243999,0.19079309821273643,0.21979637183505407,0.2828798466058621,0.41344075059101637,0.08770169526143791,0.505667674871367,0.2874007080000013,0.23829214505002483,0.27213133174998916,0.2806843064999498,0.2952142602500061,0.3528554794000513,0.22708485500004372,0.36722715100006553,1.0374814470699868e-07,8.117195709361643e-08,9.576753278692125e-08,1.0146780702323363e-07,1.0989354750581432e-07,1.3287731809165603e-07,8.041958486519663e-08,1.4570735250662023e-07,7.464499193455455,5.215686052335508,6.236004823122113,7.284108525026671,7.860360238080043,10.819258509677569,4.704495179623273,13.112918837879537,0.003051051824093435,0.001582250462804448,0.002379637532786143,0.002706453205960842,0.0033569286604704087,0.005456518781809952,0.0010612384886299656,0.006976054706091059,0.00672584807147208,0.0033210676954882473,0.00502671961568627,0.00556906938039898,0.007211580573333912,0.013009646696390358,0.0021103656911857366,0.016996175863731734,0.25490913677306115,0.13596727353726892,0.2004913440631006,0.2262057123595751,0.2900330859558159,0.4362819720193005,0.09077252994963403,0.5401589868154828,0.7207929047190127,0.296211899326034,0.39282793663281845,0.40334040081575057,0.5944992811821961,1.9994785809098425,0.22861290320062422,2.413366511556314
90,3,81.989114817,74.776756952,78.95076473,84.21935112,85.00941572250001,85.65705699899999,72.83230454,85.7059116,38.2908216,32.96224945,37.51894775,38.990774,40.19616,41.2533288,29.800234,41.798034,0.966414,0.94150545,0.9604125,0.971217,0.97685825,0.9806954,0.937491,0.98231,2.5015192866300002,1.40393116476,1.6319961249750001,2.0706295967,2.8817371726000003,4.66930499076,1.3832944632,4.8049659729,662107.0,374717.0,515700.5,624029.0,734664.0,1052746.8999999997,269480,1158676,0.2431579837825028,0.12918191186411881,0.18642652119844988,0.2184568024873113,0.28246103719534454,0.4125328526978165,0.08600132761437909,0.5035269781671534,0.5195046214000228,0.4278152144500325,0.4790883562499886,0.4966624705000413,0.5447203742499767,0.6528114048000588,0.40218813700005285,0.660580014000061,1.878726964343596e-07,1.4590306743964762e-07,1.6797543160882846e-07,1.7790772817978078e-07,2.0142218365091125e-07,2.486289686768241e-07,1.4539162798602177e-07,2.795666623209812e-07,7.556397704327961,5.2214629812423565,6.253282326883071,7.314985984673121,7.953811978888893,11.040281472657108,4.724495890136673,13.372179753599525,0.0030096428683016214,0.00154111669993519,0.0023318563123730677,0.0027060042726489986,0.0033094132559101765,0.005411868035782535,0.0010355999564968404,0.00691351154336484,0.006634199991041384,0.0032337759128947285,0.004941480756929424,0.005512742021301795,0.007121490766103045,0.012942166844248289,0.002057544802570836,0.016896745782840276,0.25229231693802967,0.1343218209875085,0.19506139872054326,0.2250615095500897,0.28879593760741556,0.4345840046567536,0.08882626946208168,0.5371005995440526,0.6769231179486013,0.26533893743635945,0.35702643871381257,0.37700959770549414,0.5694613074938252,1.8987175856593135,0.20783595394434234,2.267632297881128
90,4,82.067442489,74.872957547,79.1348187125,84.154855215,85.0312888,85.6982912385,72.87033809,85.73710278,38.3030702,32.96425785,37.52296075,38.9795265,40.2042245,41.31689725,29.801013,41.909392,0.9665478000000001,0.9414051,0.960448,0.9718255,0.9769025,0.98075765,0.937536,0.982361,2.47228549718,1.388312792775,1.610793739575,2.2349669933,2.855316758125,4.4413071155649995,1.3594820499,4.4947156906,663238.0,375747.9,516784.0,625255.0,735796.5,1053921.0999999996,270474,1160068,0.24356706921352572,0.12953142369018958,0.18681820810920238,0.21894096036045319,0.2827813981591438,0.41304828083715733,0.08631855085784314,0.5041319009873453,0.5195522961999813,0.4251221641000257,0.47477744249997045,0.5072028979999743,0.5615083114999777,0.634383213599969,0.39631168000005346,0.6871666619999814,1.8744026715424918e-07,1.4490669166253012e-07,1.687340293416915e-07,1.7498516524233381e-07,2.1597801224681608e-07,2.360749973664906e-07,1.4326727977328556e-07,2.458953561743746e-07,7.540426470168219,5.214815100033725,6.245940871488216,7.298755435561379,7.93698279215554,11.0053907982915,4.718826827392877,13.323036595014678,0.0030126728116729867,0.0015443608991591016,0.0023339029444994553,0.002708379603134121,0.003312386787996865,0.005415320171190027,0.0010333854696210091,0.006918204501325448,0.006644312587856793,0.003240890293855758,0.004948569291921289,0.00552424177277388,0.007128454201385198,0.012957653447401712,0.0020596469368451623,0.01691660283451926,0.25269910825240494,0.13464370473536158,0.1954775931211458,0.22553941371068248,0.2891133191879622,0.435105815648398,0.08904612264044252,0.5377200459367376,0.6653379959900213,0.2554503726273675,0.3562555421163869,0.39692457504846446,0.5737861580242648,1.823626296512391,0.2001394833186204,2.2060963066966712
90,5,82.03607275499999,75.060467166,79.5272459925,83.94865758,84.6917448125,85.5121933045,72.87949461,85.55000347,38.184535999999994,32.9342024,37.4151395,38.861087999999995,40.00194175,41.18824365,29.77895,41.853876,0.9657012,0.9405688,0.96004425,0.9709845,0.9754787500000001,0.98000365,0.937048,0.981715,2.41727997064,1.483652329425,1.608914047475,1.97577488425,2.7776618599500003,4.449787235265,1.4726593494,4.5661187172,649747.8,367522.5,508394.5,616780.0,713864.5,1039089.7999999997,270138,1154306,0.23875225229780375,0.126565757750141,0.18378539100005784,0.21496226036967148,0.275245274553636,0.4076707142608814,0.08621132046568628,0.5016279029342233,0.5960777250999911,0.48292362915001663,0.5362872304999939,0.5708292329999836,0.6338603117499986,0.7656066192500076,0.44629223100002946,0.8233173620000116,2.1496220231205176e-07,1.6451788178544622e-07,1.770622322424492e-07,2.0909525981113198e-07,2.4731557718419157e-07,2.7311087364998643e-07,1.6133532556829105e-07,2.8158638489084804e-07,7.6861980149977835,5.307290652719769,6.414505591728123,7.426653772755574,8.120213000677573,11.14956571723743,4.742382002692527,13.33960790410827,0.0029569114106263593,0.0015073248420220608,0.002271281862819231,0.0026505272342023083,0.003237258735852311,0.005356381763608402,0.0010301044832414549,0.006882977243716967,0.006537992892582634,0.003170627356157701,0.004826046533831685,0.005442467798073647,0.006982046030348792,0.012823595982935958,0.0020598168844789015,0.01684505004153012,0.247961490797048,0.13269137879416174,0.19070928881631033,0.22161587893217177,0.28182030732177815,0.4298921501688091,0.08895257187309959,0.5353278625366292,0.6511873304890903,0.24343886798351413,0.3492835082702278,0.35925337159235404,0.565285261181607,1.8274070481722107,0.18732664280436637,2.290492556657742
90,6,82.134497146,75.18461680099999,79.64456132,83.94225223000001,84.9138554075,85.6251492515,72.93571103,85.64347871,38.2215895,32.9512845,37.45692975,38.875637499999996,40.052018000000004,41.22827845,29.788032,41.87014,0.9659017000000001,0.9406388,0.9603915000000001,0.9712215,0.9757739999999999,0.9801182,0.937334,0.981866,2.45772564413,1.463324862755,1.6547552644999999,2.0068407059,2.920174539125,4.428993058214999,1.4415572882,4.5875358582,640223.2,358068.4,499193.5,607756.0,704365.0,1033391.6999999997,264634,1150992,0.23537811742288942,0.12327632877796213,0.18045921539707327,0.2111822817253745,0.27216470817562827,0.4055319305381725,0.08445478451797385,0.5001877346683354,1.26365223749998,0.8987543251999682,1.0905158444999756,1.1716117089999898,1.4052995250000038,1.7804448759499847,0.8863100539999778,1.8751914709999937,4.588328996577999e-07,3.0425012742956177e-07,3.6326370648310247e-07,4.2353942861067363e-07,5.367501891150094e-07,6.671734183927889e-07,2.828552817350828e-07,7.234057684953301e-07,7.826715921177643,5.342667930310667,6.489922843798538,7.557456662042162,8.324862979551385,11.41746406434585,4.75603653196547,13.617052230627962,0.0029123694854472112,0.0014710052478772396,0.0022116326481261142,0.002598664452197112,0.0031923220900822846,0.005324348762080569,0.0010091103668417355,0.006857926351915561,0.006444469846475696,0.003088319212700019,0.0047044025553342516,0.005340026044790138,0.006887460806334995,0.01275380032610114,0.0020170647749917685,0.016791566984631124,0.2444118456105291,0.1292508915771695,0.187206366943766,0.2176976783409803,0.278532780095889,0.42751173188867203,0.08713748630896805,0.5336280713900653,0.6416245872192043,0.2513495826041902,0.33600105387309515,0.3650779301501716,0.5752404713907808,1.7634686281336942,0.20336226779840652,2.1184043597951
95,0,85.270651385,77.2122633495,84.1231460175,86.83022197,88.41944508,88.6817503495,74.44572981,88.68849562,39.9367539,33.4789074,39.030564500000004,40.903752999999995,42.446143750000005,43.125238,30.07422,43.393987,0.9736343,0.95121435,0.9664335,0.9783459999999999,0.98374175,0.98641785,0.942051,0.987456,2.2312064409200003,1.18474583626,1.3659066558000001,1.59219658375,2.6428015828,4.6096673965449995,1.1544952393,4.7945303917,984135.6,597201.3,849009.0,976098.0,1085144.5,1405905.3999999997,475290,1498924,0.35961105604990895,0.2048149741955687,0.3069180548325525,0.3346548756163601,0.4078441596264243,0.5503072712418299,0.15168313419117646,0.6513888888888889,0.2471488384000054,0.20861740465002185,0.2309985272500228,0.2388647374999664,0.2516289875000268,0.30553479105000747,0.19658561200003533,0.31572543300001144,8.936938782914623e-08,7.115818206881442e-08,7.63283534845001e-08,8.74572551550045e-08,9.765638343383206e-08,1.1539213438965543e-07,7.106600005785302e-08,1.273638758517603e-07,4.87601769702802,3.8606058356922492,4.31061797781225,4.766605171775778,4.93768476156195,6.595082043973448,3.6520597441898324,7.58176060931221,0.004275565555777709,0.0024679062480848207,0.003476742448850621,0.003934171392131751,0.004605669805025092,0.007025514986274709,0.0017485749302572475,0.00874984892419431,0.009376071526917827,0.005147508264064496,0.007451703609619752,0.008059763466356461,0.00971971161199346,0.01688578023586864,0.0034954873861020525,0.02165937766262563,0.37021377454925963,0.21135795823036785,0.3170034442366977,0.3425927596015583,0.41395859893163667,0.5760612951732237,0.15546497517734043,0.691458200128113,0.8942566751175545,0.33476925899909776,0.45070960024361734,0.48908960927198014,0.8394786929600794,2.4912877466182755,0.2620113983042681,2.8555089334586112
95,1,85.263978173,77.211454238,84.137205295,86.826886805,88.4193015525,88.6711750015,74.44833011,88.68370234,39.9438788,33.481741400000004,39.032954249999996,40.904253999999995,42.45281075,43.149012,30.075164,43.421838,0.973702,0.9512330499999999,0.966507,0.978465,0.983816,0.98644575,0.942085,0.987474,2.21309031248,1.18490711452,1.357272863375,1.5999946594,2.6389174759,4.512958860425,1.1547358036,4.5706958771,952247.2,577798.1,808115.0,940592.0,1034577.0,1392827.2999999998,457496,1487006,0.3481727914309023,0.19821528613750072,0.2921348111515993,0.3204983710966872,0.3983934476491555,0.5437987753789456,0.14600439133986928,0.6462096718119872,0.30209391609998304,0.248590456299965,0.2701560577500004,0.2896688014999995,0.3268327577499974,0.37761561129995014,0.2341452879999224,0.38474418099997365,1.09454324055845e-07,8.47902415256568e-08,8.919776910625943e-08,1.0471571573688455e-07,1.222572712298192e-07,1.4440980415274957e-07,8.464388050202527e-08,1.6031450554509172e-07,5.0592236940978355,3.912684806845219,4.417135705297899,4.976052971632226,5.252073112771672,6.828768852782195,3.681330135856883,7.876648101841328,0.004141285792813804,0.0023893473758149686,0.003426462673354327,0.003652601936975533,0.004498783380950011,0.006945090308051489,0.0016840030777135941,0.008679975371605916,0.009089620113063095,0.004981559477954922,0.007209351359650899,0.007554944394300764,0.009491451774611621,0.016695753925934958,0.0033624645584986357,0.021486488712480076,0.3584743149491888,0.2045252017516999,0.3012765501072847,0.3259386313380277,0.40436082241107996,0.5692880511791032,0.14961213844636492,0.6859356340584843,0.8614446439986816,0.3272072847006011,0.43711414055387915,0.472695472141313,0.7507002575451951,2.439937442311409,0.25727993968666485,2.8707162858110715
95,2,85.423970993,77.432560697,84.74991068,87.04331152,88.38714221,88.6835726815,74.57421125,88.77578152,39.862781999999996,33.49864525,38.96076775,40.751553,42.2907135,43.0865819,30.08866,43.372466,0.9743421,0.9514946,0.96776825,0.9784919999999999,0.9847779999999999,0.9867752,0.942887,0.987614,2.1897476673,1.120299655195,1.3264575600750002,1.56420874595,2.7875256239999997,4.3957081079349996,1.0507340431,4.4224038124,946391.4,593939.5,811519.0,914262.0,1048246.5,1358363.2999999998,449422,1440158,0.34552799629487846,0.20423855039918806,0.29336536236913646,0.32240535381510643,0.39197877624501126,0.524938347956647,0.14342767054738562,0.6258508900013906,0.32626218009998526,0.2707058628500135,0.3072060419999758,0.3219651499999827,0.3343603697499873,0.3951741758499736,0.25516417100004674,0.40059471699998994,1.1797694004815756e-07,9.233784767636394e-08,1.0345595972768428e-07,1.1864965548902684e-07,1.239646563015035e-07,1.5039894654931724e-07,9.224223892360993e-08,1.688521546029558e-07,5.069980394773691,4.062588986125899,4.482158971905914,4.952690288179706,5.146859252530964,6.758408639637645,3.8010829367333305,8.018154429467183,0.004101831482170132,0.002389979318790537,0.0034398375685054,0.0037609804079501976,0.004434272226811505,0.0066927515415943295,0.001654143051681944,0.008392323291269013,0.009024658555355884,0.005022087033277545,0.007254762612824822,0.007761017446771893,0.009393067785571437,0.01612276880598419,0.0033068830014734603,0.020800224735876924,0.3554704630537519,0.2106376624297383,0.3030384892685237,0.3293878277040845,0.3982548968299926,0.548874419379145,0.1469907257393064,0.6637602278972884,0.8391778558412197,0.3143872789240249,0.4065245190332421,0.4602938309014441,0.8401916150039932,2.309174888549028,0.24531112832018662,2.7677653619360827
95,3,85.864871768,77.8093942295,84.1008571025,87.783786365,89.03797597500001,89.34562925649999,74.84466917,89.44387651,40.1465927,33.5654784,39.110367,41.071956,42.7846595,43.487288549999995,30.116628,43.711254,0.9757571,0.9529844,0.9692017500000001,0.9801625,0.98660125,0.9881789,0.94361,0.988898,2.12023308275,1.00680979488,1.2084985077250001,1.5763801335999998,2.7122505009,4.32983520027,0.9243637323,4.3615069389,951303.0,590711.2,811763.0,920395.0,1055182.0,1375190.7999999998,444274,1448098,0.34728510557921466,0.20319146290406834,0.29345356874313144,0.32385715244338886,0.3957766824281335,0.5308127394214555,0.14178474775326796,0.629301383674037,0.5722269997999831,0.4786645157999942,0.5518185632499666,0.5667832679999947,0.5993397412499633,0.6660546897999665,0.44995180499995513,0.7040447409999615,2.0655283861618789e-07,1.6324390428390887e-07,1.8359098451398329e-07,2.0791181495459038e-07,2.229620954564721e-07,2.534868805768411e-07,1.6265826717853661e-07,2.6926992290709426e-07,5.05975634561462,4.025511195804998,4.412786707550574,4.932174934162106,5.147511494045237,6.812200188211301,3.780241392502441,8.111064343175608,0.0041029236469048965,0.002362216348545165,0.0034089744935442896,0.0037819648511840847,0.004473098834277678,0.006718056039910962,0.0016208981256761218,0.008408098942152583,0.00901628331514338,0.004967557321342519,0.007176548706310566,0.007749678377340492,0.009431889414665162,0.016212808638468468,0.003243666899907927,0.02089547952294118,0.3567880134258749,0.2091005175686935,0.3024444137682331,0.33072147323641876,0.40221056407905076,0.5539121919886589,0.145007095427866,0.6669083452634426,0.8170356279825846,0.2984313944528609,0.385588350934544,0.4238969604478614,0.8169054485978897,2.293697939536159,0.24845974405237903,2.7447023515536833
95,4,85.86210255099999,77.7026548375,84.1123674175,87.836020435,89.0625611525,89.3693712195,74.85503839,89.4806838,40.1468522,33.5545125,39.1125315,41.075644,42.789693,43.4911073,30.115491,43.714958,0.9757523000000001,0.95299215,0.96901625,0.9802065,0.98661625,0.98819935,0.943593,0.988909,2.09127249718,1.008409267685,1.199262410375,1.56097495555,2.608536541475,4.2964660406199995,0.9078001976,4.3990287781,952669.0,592035.2,813450.0,921940.0,1056729.0,1376163.2999999998,445922,1448832,0.34777134402299137,0.20363169269251763,0.29406342182890854,0.32443264311393805,0.39630597128231826,0.531169701466025,0.14231068729575164,0.6296203587818106,0.577250668399995,0.4769339122000019,0.5457279927500167,0.5735797014999662,0.5990177812499553,0.6967526679500223,0.44377843600000233,0.7586083310000049,2.0793986068990033e-07,1.6254776388595236e-07,1.8770922218651384e-07,2.0900552193590398e-07,2.2275175145053032e-07,2.5740924549140504e-07,1.604265848227205e-07,2.699343371923428e-07,5.050611766496168,4.021517431977426,4.4087244385315145,4.923393213511573,5.136769750924325,6.792882015303153,3.7783262655711636,8.081088172370952,0.004108677681766837,0.0023679485681626913,0.00341694288650602,0.003786966418000798,0.004476632732395243,0.006722725795204314,0.0016261921148701052,0.008411195456228935,0.00902839810738448,0.004980272946733398,0.007190344396022501,0.007763043068260271,0.009440082228532435,0.01622588685921997,0.0032554231733621162,0.020906860153195265,0.35728776715836574,0.20958161784451718,0.3030615152186949,0.33130219496067037,0.40273545880045086,0.5542871059728518,0.14553769459807475,0.6672584035509065,0.8105558438259688,0.29155925708941816,0.38301290846140557,0.42905304492525703,0.7866966198720217,2.286679831431137,0.23616105730112294,2.7697180775588315
95,5,85.809249411,77.7921898325,85.101520335,87.45219052499999,88.81020064750001,89.09717624999999,74.98725242,89.15985063,40.0349006,33.535834650000005,39.085317,40.9084595,42.57192275,43.31483185,30.095649,43.60792,0.9752221000000001,0.9520755,0.9692105,0.97965,0.9857144999999999,0.98757725,0.943314,0.988367,2.1502314806,1.047150528425,1.2394119203,1.5186766386000001,2.7377469838,4.467916750924999,1.0003430843,4.4822764397,932089.6,577714.9,777925.0,907251.0,1018916.5,1369094.9,433912,1447664,0.3405601152618794,0.19873471413362542,0.28122107987737865,0.314536273176767,0.39055325279079184,0.5288397518110743,0.13847783905228758,0.6291127798637185,0.6630792234000069,0.5399179171499696,0.5964526244999888,0.6561449845000027,0.7063035620000164,0.8264178169000272,0.5148653159999412,0.9185689060000186,2.390592937121938e-07,1.839002473010716e-07,1.9680896083573963e-07,2.472881199751413e-07,2.5786316176742687e-07,3.0236698649122823e-07,1.8208032162735024e-07,3.099079039771949e-07,5.1797144806664726,4.044987237144047,4.476200502671137,5.07527708403949,5.3270863639855435,6.995258788348979,3.781374683628245,8.304759951326536,0.00402665550259361,0.0022812474637077607,0.003329587408909922,0.003652523700996649,0.004423413523906662,0.006692565204201179,0.001587982674553902,0.00838959635885961,0.008874851199557403,0.004795288284020555,0.00701685608526896,0.007540678393647051,0.009344218472873332,0.01618102407386402,0.003175520388321378,0.020903778478534172,0.3501006285525184,0.20461800084200146,0.2902343271165525,0.3212334725792825,0.3971149450951406,0.5521575052206232,0.14170067930234,0.666917675200112,0.8214790498574169,0.2930922175735385,0.375684721625906,0.4122174990014966,0.8086312959535608,2.351063450574687,0.2351448728939267,2.7997821383790553
95,6,85.601043856,77.4522508175,83.35800858500001,87.74314729,88.8873025025,89.293200139,75.00714803,89.3944,40.0735994,33.51930875,39.07333775,40.945176000000004,42.71078375,43.42037715,30.103883,43.68024,0.9750783000000001,0.95189665,0.967981,0.9799665,0.9861672499999999,0.9879145,0.94342,0.988693,2.12371387482,1.0222531318799999,1.164093136775,1.5760050416,2.74519255755,4.351196455965,0.9690132141,4.4761180878,920795.6,559538.4,763747.5,896479.0,1005038.5,1364539.6999999997,414480,1442540,0.33659500993379293,0.19261664524770084,0.2760958918965817,0.3098642782034458,0.3884620278789982,0.5270607010118984,0.13227634803921567,0.6268860381031846,1.414862789500006,1.0561267428500316,1.29648314275002,1.3946642509999947,1.561895157749973,1.766642378400013,0.9964412930000321,1.8463584959999935,5.13158294857398e-07,3.585744503864953e-07,4.384517127921417e-07,4.999565511307771e-07,5.837981586241568e-07,6.81752886041152e-07,3.1800235300501436e-07,7.253909261577132e-07,5.273260492322154,4.059563076057907,4.499689273146197,5.151239183488316,5.433540573261802,7.260106465213558,3.794806383185215,8.694110692916425,0.003989482970974026,0.0022141738790400073,0.0032827338216712123,0.0036432444176940698,0.004393097013584847,0.006664141693932181,0.0015116385519924151,0.008357683961699945,0.008768793048883502,0.004653856982292736,0.006900690686135538,0.00743532886285354,0.009267129895197325,0.01611369248137651,0.003028288032282233,0.020824092297435003,0.34606630725143867,0.19840940791401696,0.28502233721354325,0.3167631112472991,0.3948710215878676,0.5501750514988126,0.13530792203235048,0.6644824554314988,0.8018856378270856,0.27969513944597585,0.3717521840161494,0.39882796696432055,0.7989998070665802,2.300368838332769,0.2369533158359145,2.8060159341429443
