quality,method,ssimulacra2_mean,ssimulacra2_p05,ssimulacra2_p25,ssimulacra2_p50,ssimulacra2_p75,ssimulacra2_p95,ssimulacra2_min,ssimulacra2_max,psnr_mean,psnr_p05,psnr_p25,psnr_p50,psnr_p75,psnr_p95,psnr_min,psnr_max,ssim_mean,ssim_p05,ssim_p25,ssim_p50,ssim_p75,ssim_p95,ssim_min,ssim_max,butteraugli_mean,butteraugli_p05,butteraugli_p25,butteraugli_p50,butteraugli_p75,butteraugli_p95,butteraugli_min,butteraugli_max,file_size_mean,file_size_p05,file_size_p25,file_size_p50,file_size_p75,file_size_p95,file_size_min,file_size_max,bits_per_pixel_mean,bits_per_pixel_p05,bits_per_pixel_p25,bits_per_pixel_p50,bits_per_pixel_p75,bits_per_pixel_p95,bits_per_pixel_min,bits_per_pixel_max,encoding_time_mean,encoding_time_p05,encoding_time_p25,encoding_time_p50,encoding_time_p75,encoding_time_p95,encoding_time_min,encoding_time_max,encoding_time_per_pixel_mean,encoding_time_per_pixel_p05,encoding_time_per_pixel_p25,encoding_time_per_pixel_p50,encoding_time_per_pixel_p75,encoding_time_per_pixel_p95,encoding_time_per_pixel_min,encoding_time_per_pixel_max,compression_ratio_mean,compression_ratio_p05,compression_ratio_p25,compression_ratio_p50,compression_ratio_p75,compression_ratio_p95,compression_ratio_min,compression_ratio_max,bits_per_ssimulacra2_per_pixel_mean,bits_per_ssimulacra2_per_pixel_p05,bits_per_ssimulacra2_per_pixel_p25,bits_per_ssimulacra2_per_pixel_p50,bits_per_ssimulacra2_per_pixel_p75,bits_per_ssimulacra2_per_pixel_p95,bits_per_ssimulacra2_per_pixel_min,bits_per_ssimulacra2_per_pixel_max,bits_per_psnr_per_pixel_mean,bits_per_psnr_per_pixel_p05,bits_per_psnr_per_pixel_p25,bits_per_psnr_per_pixel_p50,bits_per_psnr_per_pixel_p75,bits_per_psnr_per_pixel_p95,bits_per_psnr_per_pixel_min,bits_per_psnr_per_pixel_max,bits_per_ssim_per_pixel_mean,bits_per_ssim_per_pixel_p05,bits_per_ssim_per_pixel_p25,bits_per_ssim_per_pixel_p50,bits_per_ssim_per_pixel_p75,bits_per_ssim_per_pixel_p95,bits_per_ssim_per_pixel_min,bits_per_ssim_per_pixel_max,bits_per_butteraugli_per_pixel_mean,bits_per_butteraugli_per_pixel_p05,bits_per_butteraugli_per_pixel_p25,bits_per_butteraugli_per_pixel_p50,bits_per_butteraugli_per_pixel_p75,bits_per_butteraugli_per_pixel_p95,bits_per_butteraugli_per_pixel_min,bits_per_butteraugli_per_pixel_max
30,0,50.96,38.67,48.01,51.65,54.35,59.81,32.22,69.34,31.77,27.86,30.62,31.51,32.8,35.74,25.86,39.24,0.8904,0.8013,0.8776,0.8976,0.9156,0.9393,0.7428,0.9807,6.4,5.089,5.633,6.177,6.94,8.568,4.723,8.923,2.262e+05,6.468e+04,1.497e+05,2.206e+05,2.792e+05,4.579e+05,33602,568218,0.6419,0.2172,0.4273,0.6036,0.7743,1.266,0.09718,1.602,0.1458,0.1096,0.1316,0.1459,0.1576,0.1841,0.08565,0.2426,5.148e-08,4.031e-08,4.756e-08,5.09e-08,5.528e-08,6.197e-08,3.159e-08,8.769e-08,23.71,12.45,17.6,19.96,25.87,44.3,11.16,85.11,0.01283,0.0038,0.008488,0.01216,0.01486,0.02637,0.001401,0.04099,0.02096,0.006075,0.01333,0.01903,0.02509,0.04422,0.002476,0.06146,0.7228,0.2364,0.5018,0.6754,0.8753,1.426,0.09981,1.891,4.027,1.324,2.807,3.673,5.003,7.6,0.681,12.45
30,1,51.08,38.73,48.24,51.79,54.37,59.85,32.24,69.32,31.79,27.87,30.63,31.52,32.82,35.78,25.86,39.38,0.8914,0.8034,0.878,0.8981,0.916,0.9399,0.7507,0.9809,6.375,5.092,5.642,6.203,6.943,8.156,4.818,9.206,2.165e+05,6.157e+04,1.422e+05,2.069e+05,2.621e+05,4.523e+05,29702,562644,0.6141,0.1936,0.4115,0.5752,0.7449,1.256,0.0859,1.595,0.1649,0.1255,0.1492,0.1625,0.1789,0.218,0.09853,0.2458,5.821e-08,4.618e-08,5.411e-08,5.758e-08,6.255e-08,7.407e-08,3.73e-08,7.799e-08,25.37,12.68,18.31,21.25,27.11,50.31,11.38,92.48,0.01226,0.003401,0.008132,0.01168,0.01419,0.02625,0.001239,0.04041,0.02007,0.00563,0.01258,0.01817,0.02425,0.04335,0.002181,0.0607,0.691,0.2181,0.4652,0.6411,0.8497,1.415,0.08817,1.867,3.832,1.23,2.613,3.664,4.77,7.392,0.594,12.48
30,2,50.14,40.84,47.06,50.7,53.3,59.31,30.25,67.08,31.35,27.5,29.98,31.22,32.45,35.31,25.44,39.15,0.8915,0.8033,0.8802,0.8977,0.9149,0.9359,0.7557,0.9767,6.028,5.058,5.442,5.841,6.473,7.532,4.569,8.457,1.82e+05,4.96e+04,1.175e+05,1.631e+05,2.221e+05,4e+05,22128,502788,0.5165,0.1434,0.3392,0.4796,0.6186,1.129,0.06399,1.455,0.2078,0.1553,0.1873,0.2106,0.2269,0.2693,0.1177,0.2936,7.337e-08,5.67e-08,6.771e-08,7.32e-08,8.071e-08,9.055e-08,4.253e-08,9.83e-08,30.88,15.37,22.59,26.16,33.38,62.98,12.67,106.6,0.01049,0.002965,0.006565,0.009211,0.01225,0.02304,0.0009539,0.03849,0.0172,0.004035,0.01035,0.01534,0.02055,0.04017,0.001635,0.05721,0.5815,0.1631,0.3773,0.523,0.7013,1.261,0.06573,1.728,3.013,0.944,2.089,2.765,3.631,6.008,0.3828,9.229
30,3,47.71,37.61,43.72,48.49,51.82,56.97,22.56,66.35,31.58,27.71,30.2,31.47,32.66,35.71,25.61,39.82,0.892,0.8034,0.8802,0.8988,0.9154,0.9387,0.7407,0.9763,6.064,4.977,5.382,5.879,6.524,8.015,4.548,8.428,1.695e+05,4.516e+04,1.052e+05,1.522e+05,2.038e+05,3.803e+05,19668,479178,0.4814,0.1308,0.3075,0.447,0.5811,1.068,0.05688,1.396,0.3973,0.2988,0.3598,0.3957,0.4318,0.5257,0.2166,0.5679,1.402e-07,1.141e-07,1.29e-07,1.383e-07,1.5e-07,1.743e-07,7.831e-08,1.982e-07,33.49,15.63,24.16,28.54,36.66,68.42,13.27,115.4,0.01027,0.002805,0.006368,0.009287,0.01185,0.02285,0.0008572,0.03711,0.01593,0.003659,0.009364,0.01414,0.01887,0.03767,0.001428,0.05451,0.5417,0.1484,0.3425,0.4909,0.6505,1.195,0.05831,1.657,2.789,0.9007,2.013,2.604,3.453,5.304,0.3643,9.073
30,4,47.81,37.76,43.92,48.68,51.93,57.2,22.97,66.5,31.59,27.72,30.21,31.48,32.68,35.72,25.62,39.83,0.8923,0.8035,0.8806,0.8993,0.9159,0.9389,0.7411,0.9764,6.002,4.585,5.297,5.853,6.575,7.724,4.329,9.55,1.699e+05,4.523e+04,1.056e+05,1.526e+05,2.043e+05,3.808e+05,19736,479932,0.4823,0.131,0.308,0.4475,0.5824,1.07,0.05708,1.399,0.4002,0.3088,0.3618,0.3947,0.4325,0.5117,0.215,0.593,1.413e-07,1.15e-07,1.308e-07,1.417e-07,1.502e-07,1.751e-07,7.773e-08,1.994e-07,33.43,15.62,24.1,28.49,36.55,68.31,13.25,115.2,0.01027,0.00281,0.006358,0.009284,0.0119,0.02285,0.0008583,0.03702,0.01595,0.003669,0.009376,0.01415,0.01888,0.03773,0.001433,0.05459,0.5426,0.1488,0.3426,0.4912,0.6516,1.196,0.05851,1.66,2.753,0.898,2.069,2.547,3.332,5.034,0.3519,9.149
30,5,48.28,37.8,44.71,48.9,52.15,58.41,24.12,66.39,31.47,27.59,30.03,31.4,32.54,35.64,25.51,39.72,0.8894,0.8015,0.8777,0.8971,0.9144,0.9377,0.7033,0.9756,5.987,4.742,5.259,5.742,6.527,7.976,4.234,8.545,1.663e+05,4.597e+04,1.061e+05,1.501e+05,2.007e+05,3.715e+05,19766,468926,0.4721,0.1338,0.3068,0.4373,0.5733,1.028,0.05716,1.35,0.442,0.3453,0.39,0.4372,0.4883,0.5845,0.2423,0.6487,1.559e-07,1.268e-07,1.419e-07,1.562e-07,1.667e-07,1.959e-07,8.758e-08,2.145e-07,33.76,15.98,24.51,28.75,36.97,66.55,13.58,120.8,0.009954,0.002857,0.006309,0.009,0.01146,0.02113,0.000861,0.03589,0.01567,0.00375,0.00933,0.01399,0.01876,0.03656,0.001439,0.05291,0.533,0.1519,0.3429,0.4872,0.6426,1.168,0.05862,1.612,2.692,0.9321,1.937,2.46,3.363,4.836,0.3424,8.646
30,6,47.78,38.91,44.25,48.33,51.66,57.56,23.45,66.25,31.44,27.56,29.99,31.36,32.5,35.57,25.5,39.71,0.8887,0.8016,0.8767,0.8964,0.9133,0.9368,0.702,0.9753,6.065,4.848,5.321,5.917,6.674,7.964,4.386,8.499,1.599e+05,4.392e+04,1.03e+05,1.441e+05,1.919e+05,3.604e+05,19076,453548,0.4541,0.129,0.298,0.4201,0.5516,0.9918,0.05517,1.315,0.7246,0.4422,0.5689,0.7038,0.8376,1.119,0.2933,1.285,2.56e-07,1.628e-07,2.099e-07,2.517e-07,2.894e-07,4.046e-07,1.06e-07,4.55e-07,35.22,16.19,25.47,29.88,38.72,69.42,14.08,126.6,0.009671,0.00273,0.006153,0.008785,0.01119,0.02057,0.0008327,0.03515,0.0151,0.003614,0.009062,0.0134,0.01815,0.03531,0.001389,0.05158,0.5133,0.1465,0.3295,0.4679,0.6218,1.128,0.05657,1.574,2.626,0.9082,1.833,2.453,3.307,4.992,0.3669,8.143
40,0,56.51,45.59,53.82,57.46,59.47,63.99,40.39,72.27,32.61,28.75,31.5,32.34,33.65,36.25,26.6,39.81,0.9029,0.8113,0.8928,0.9092,0.9269,0.9476,0.7744,0.9833,5.376,4.261,4.704,5.223,5.92,7.26,3.795,8.234,2.625e+05,7.563e+04,1.77e+05,2.542e+05,3.206e+05,5.237e+05,37932,641658,0.7447,0.2553,0.5173,0.7023,0.8852,1.45,0.1097,1.819,0.1493,0.1136,0.1332,0.1484,0.1609,0.1896,0.0877,0.2186,5.273e-08,4.217e-08,4.855e-08,5.278e-08,5.637e-08,6.464e-08,3.17e-08,7.339e-08,20.26,10.95,15.36,17.26,22.1,37.47,10.02,64.78,0.01331,0.004055,0.008857,0.0127,0.01563,0.026,0.001518,0.04003,0.02363,0.006964,0.01533,0.02182,0.02823,0.04857,0.002755,0.06839,0.826,0.2748,0.5654,0.7776,0.9947,1.602,0.1125,2.116,3.917,1.192,2.789,3.81,5.039,7.22,0.6343,10.77
40,1,56.55,45.7,53.89,57.48,59.38,64.23,40.31,72.21,32.62,28.75,31.5,32.34,33.67,36.27,26.6,39.85,0.9041,0.8289,0.893,0.9096,0.9274,0.9478,0.7746,0.9834,5.348,4.226,4.671,5.275,5.787,7.144,3.801,7.707,2.517e+05,7.243e+04,1.651e+05,2.422e+05,3.066e+05,5.176e+05,33750,635984,0.7138,0.2284,0.4817,0.6751,0.854,1.44,0.09761,1.805,0.171,0.125,0.1563,0.1693,0.1835,0.2252,0.09715,0.2434,6.041e-08,4.995e-08,5.535e-08,5.986e-08,6.466e-08,7.62e-08,3.512e-08,8.723e-08,21.61,11.13,15.81,18.11,23.17,43.14,10.06,68.94,0.01276,0.003701,0.008551,0.01213,0.0148,0.02561,0.001352,0.03963,0.02268,0.006482,0.01406,0.02055,0.02721,0.0481,0.00245,0.06758,0.791,0.2462,0.5384,0.7346,0.9571,1.592,0.1,2.091,3.735,1.118,2.625,3.516,4.543,6.877,0.5866,10.4
40,2,56.23,45.95,54.11,56.69,59.11,64.25,39.16,70.86,32.26,28.56,31.07,32.09,33.34,36.09,26.31,39.75,0.9054,0.8252,0.8959,0.9112,0.9266,0.9466,0.7838,0.9808,5.088,4.26,4.57,4.911,5.511,6.206,3.769,6.85,2.167e+05,5.914e+04,1.393e+05,1.946e+05,2.606e+05,4.654e+05,25724,588122,0.6153,0.174,0.4016,0.5604,0.7343,1.321,0.07439,1.731,0.2134,0.1525,0.1894,0.2129,0.2375,0.2811,0.1193,0.3193,7.535e-08,5.713e-08,6.728e-08,7.507e-08,8.241e-08,9.645e-08,4.314e-08,1.046e-07,25.81,12.95,18.48,21.9,27.73,50.94,10.77,92.63,0.01105,0.003325,0.007015,0.009858,0.01287,0.0238,0.00105,0.03818,0.01984,0.004827,0.01197,0.01746,0.02353,0.04528,0.001871,0.06569,0.6808,0.1996,0.4376,0.6046,0.8074,1.424,0.07625,2.001,3.03,1.001,2.224,2.812,3.731,5.685,0.3835,10.67
40,3,54.3,45.3,51.28,54.82,57.44,62.58,31.86,70.05,32.5,28.83,31.21,32.35,33.64,36.42,26.41,40.47,0.9066,0.8256,0.8983,0.9118,0.9276,0.9498,0.7847,0.9808,5.173,4.139,4.526,5.022,5.649,6.718,3.533,7.76,2.042e+05,5.445e+04,1.263e+05,1.827e+05,2.445e+05,4.462e+05,22920,567568,0.5801,0.1604,0.3668,0.5315,0.6869,1.267,0.06628,1.678,0.4106,0.2964,0.3659,0.408,0.4559,0.5232,0.2311,0.5806,1.449e-07,1.168e-07,1.312e-07,1.442e-07,1.571e-07,1.773e-07,8.354e-08,2.068e-07,27.71,13.52,19.42,23.16,30.19,55.16,11.16,100.1,0.01075,0.003142,0.006738,0.009811,0.01255,0.02292,0.0009463,0.03699,0.01858,0.004362,0.01084,0.01642,0.02202,0.04311,0.001638,0.06326,0.641,0.1819,0.4029,0.572,0.7652,1.364,0.06782,1.938,2.876,0.9179,2.021,2.573,3.637,5.5,0.3681,9.204
40,4,54.3,44.35,51.25,54.73,57.73,62.59,32.81,70.14,32.51,28.84,31.21,32.35,33.66,36.42,26.42,40.49,0.9068,0.826,0.8987,0.9121,0.9278,0.9496,0.7847,0.9809,5.194,4.145,4.601,5.106,5.615,6.574,3.525,6.99,2.046e+05,5.453e+04,1.267e+05,1.829e+05,2.449e+05,4.469e+05,22954,568216,0.5811,0.1607,0.3676,0.5324,0.6884,1.269,0.06638,1.681,0.4131,0.3027,0.3769,0.4087,0.4521,0.5347,0.251,0.5942,1.458e-07,1.197e-07,1.342e-07,1.46e-07,1.545e-07,1.799e-07,9.211e-08,2.027e-07,27.66,13.5,19.39,23.13,30.15,55.05,11.15,99.88,0.01078,0.00314,0.006726,0.00979,0.01267,0.02287,0.0009464,0.03713,0.01861,0.004368,0.01088,0.01645,0.02206,0.04316,0.001639,0.06336,0.642,0.1822,0.4034,0.5731,0.7678,1.366,0.06791,1.942,2.907,0.9076,1.969,2.664,3.615,5.674,0.3515,9.419
40,5,54.67,44.77,51.88,55.18,57.82,63.29,33.78,70.03,32.38,28.69,31.05,32.26,33.61,36.31,26.36,40.37,0.9042,0.8236,0.895,0.9097,0.9266,0.9486,0.7766,0.9801,5.17,4.12,4.525,5.064,5.664,6.69,3.631,8.274,1.995e+05,5.412e+04,1.265e+05,1.794e+05,2.402e+05,4.318e+05,23026,554670,0.5665,0.1605,0.3657,0.521,0.6769,1.241,0.06659,1.635,0.454,0.33,0.4088,0.4507,0.5111,0.5819,0.2399,0.6473,1.603e-07,1.223e-07,1.477e-07,1.594e-07,1.733e-07,1.961e-07,8.673e-08,2.241e-07,28.23,13.79,20.26,23.82,30.58,56.17,11.42,102.4,0.01044,0.003134,0.006683,0.009454,0.01207,0.02236,0.0009509,0.03614,0.01822,0.004434,0.01086,0.01619,0.02156,0.04225,0.00165,0.06187,0.6279,0.1807,0.4016,0.5595,0.7484,1.337,0.06818,1.899,2.822,0.9744,1.915,2.525,3.565,5.456,0.3397,10.24
40,6,54.31,45.28,51.35,54.79,57.65,62.99,31.7,69.85,32.35,28.66,31.03,32.2,33.56,36.36,26.35,40.38,0.9035,0.8228,0.8945,0.9085,0.9257,0.9477,0.7744,0.9798,5.148,4.059,4.498,4.965,5.759,6.678,3.641,7.534,1.924e+05,5.171e+04,1.225e+05,1.725e+05,2.312e+05,4.196e+05,22024,538362,0.5464,0.1556,0.3551,0.5039,0.6543,1.206,0.06369,1.6,0.7741,0.471,0.6104,0.7549,0.892,1.192,0.2898,1.433,2.735e-07,1.649e-07,2.236e-07,2.691e-07,3.038e-07,4.344e-07,1.048e-07,4.919e-07,29.38,13.94,20.85,24.74,32.01,58.74,11.76,108.8,0.01013,0.003019,0.006467,0.009201,0.012,0.02157,0.0009118,0.03531,0.0176,0.004295,0.01054,0.01567,0.02078,0.04103,0.001577,0.06054,0.6062,0.1751,0.3853,0.5416,0.7224,1.303,0.06519,1.859,2.686,0.8625,1.952,2.417,3.277,5.131,0.3511,8.628
50,0,61.22,51.31,58.8,62.05,63.82,67.9,46.9,74.54,33.32,29.61,32.28,33.13,34.38,36.8,27.2,40.99,0.914,0.8469,0.9036,0.9191,0.9339,0.9542,0.7937,0.9854,4.628,3.618,4.136,4.435,5.046,5.958,3.276,6.941,2.972e+05,9.145e+04,2.039e+05,2.866e+05,3.598e+05,5.94e+05,42070,704884,0.8432,0.2908,0.5913,0.8063,0.9927,1.596,0.1217,2.065,0.1518,0.1149,0.1374,0.1499,0.1644,0.1996,0.08934,0.2208,5.364e-08,4.301e-08,4.891e-08,5.305e-08,5.816e-08,6.93e-08,3.23e-08,7.392e-08,17.67,9.82,13.43,15.26,19.23,32.15,9.109,52.76,0.01385,0.004821,0.009368,0.01303,0.01637,0.02667,0.001632,0.04023,0.02613,0.007826,0.01682,0.02436,0.03125,0.05357,0.002969,0.07592,0.9232,0.3197,0.6374,0.879,1.095,1.74,0.1244,2.358,3.832,1.296,2.741,3.756,4.773,6.531,0.5022,13.76
50,1,61.22,51.22,58.87,62.08,63.77,67.89,46.96,74.31,33.33,29.61,32.28,33.13,34.39,36.81,27.2,40.99,0.9143,0.8472,0.9039,0.9193,0.9339,0.9544,0.7944,0.9855,4.625,3.694,4.078,4.42,5.052,5.873,3.281,7.384,2.853e+05,8.759e+04,1.891e+05,2.753e+05,3.5e+05,5.868e+05,37690,698816,0.8092,0.2662,0.543,0.7724,0.9615,1.587,0.109,2.04,0.1771,0.1328,0.1561,0.1756,0.1955,0.2397,0.09852,0.2585,6.254e-08,4.831e-08,5.651e-08,6.128e-08,6.773e-08,7.944e-08,3.562e-08,9.123e-08,18.83,9.909,14.05,15.95,19.96,37.74,9.138,59.73,0.01329,0.004386,0.009131,0.01265,0.01556,0.02635,0.001467,0.03979,0.0251,0.007067,0.01572,0.02282,0.02962,0.05249,0.002659,0.07499,0.8858,0.2967,0.6168,0.8301,1.073,1.731,0.1114,2.329,3.672,1.245,2.592,3.598,4.619,6.519,0.4544,13.96
50,2,60.66,51.19,58.56,60.86,63.23,67.59,46.24,73.16,32.99,29.39,31.8,32.84,33.95,36.74,26.92,40.77,0.9156,0.85,0.9055,0.9223,0.9354,0.9552,0.7969,0.9782,4.507,3.769,4.096,4.342,4.879,5.682,3.318,6.509,2.49e+05,7.464e+04,1.618e+05,2.228e+05,3.028e+05,5.221e+05,28696,653284,0.7067,0.2165,0.4624,0.6453,0.8385,1.495,0.08299,1.934,0.2175,0.1571,0.1941,0.2163,0.2419,0.2796,0.125,0.3348,7.673e-08,5.809e-08,6.914e-08,7.729e-08,8.349e-08,9.657e-08,4.519e-08,1.044e-07,22.22,11.54,16.24,18.83,23.56,44.73,9.694,82.17,0.01171,0.003687,0.007527,0.01051,0.01361,0.0247,0.001134,0.03812,0.02223,0.006023,0.01341,0.01948,0.02631,0.04964,0.002035,0.07185,0.7724,0.2389,0.4959,0.692,0.9153,1.595,0.08483,2.202,3.074,1.066,2.223,2.732,3.84,5.934,0.4388,9.988
50,3,59.18,50.54,56.78,59.77,62.31,66.72,40.57,72.61,33.24,29.66,31.91,33.13,34.31,37.08,27.07,40.96,0.9172,0.8497,0.9061,0.9235,0.9373,0.9569,0.7927,0.9836,4.584,3.491,4.022,4.497,4.973,6.17,3.083,7.206,2.365e+05,6.534e+04,1.503e+05,2.113e+05,2.881e+05,5.037e+05,25844,633078,0.6712,0.201,0.4255,0.616,0.7925,1.442,0.07474,1.882,0.4242,0.297,0.3729,0.4166,0.4707,0.5773,0.2179,0.6227,1.496e-07,1.205e-07,1.347e-07,1.502e-07,1.59e-07,1.87e-07,7.876e-08,2.084e-07,23.72,11.97,16.96,19.97,25.3,48.72,10,88.49,0.01136,0.003436,0.007203,0.01039,0.0132,0.02357,0.001029,0.03723,0.02097,0.005378,0.01239,0.01842,0.02493,0.0475,0.001825,0.06952,0.7324,0.2145,0.461,0.6577,0.8729,1.535,0.07637,2.142,2.944,0.9482,2.085,2.668,3.673,5.596,0.3552,9.726
50,4,59.27,50.9,56.67,59.68,62.38,66.89,40.89,72.77,33.24,29.67,31.92,33.14,34.33,37.09,27.08,40.99,0.9174,0.85,0.9074,0.9234,0.9374,0.9556,0.7927,0.9837,4.6,3.518,4.016,4.488,5.022,6.195,3.212,7.202,2.369e+05,6.56e+04,1.507e+05,2.116e+05,2.886e+05,5.046e+05,25974,633754,0.6724,0.201,0.4263,0.6174,0.7938,1.443,0.07512,1.885,0.4254,0.3182,0.3828,0.415,0.4662,0.5388,0.2159,0.6417,1.5e-07,1.215e-07,1.382e-07,1.492e-07,1.625e-07,1.892e-07,7.806e-08,2.117e-07,23.67,11.95,16.96,19.93,25.26,48.69,9.993,88.2,0.01136,0.003444,0.007217,0.01045,0.01334,0.02368,0.001032,0.03702,0.021,0.005395,0.01241,0.0185,0.02495,0.04753,0.001833,0.0696,0.7335,0.2152,0.4613,0.6595,0.8736,1.536,0.07674,2.143,2.965,0.9524,2.159,2.707,3.686,5.649,0.3622,9.91
50,5,59.5,50.63,57.05,59.93,62.59,66.84,41.33,72.35,33.11,29.51,31.76,33.01,34.22,37,27,40.89,0.915,0.8416,0.9043,0.921,0.9348,0.955,0.7818,0.983,4.558,3.665,3.964,4.445,4.933,5.903,3.154,6.898,2.304e+05,6.277e+04,1.482e+05,2.069e+05,2.753e+05,4.903e+05,25694,619830,0.6542,0.192,0.4247,0.5998,0.7711,1.411,0.07431,1.841,0.468,0.3464,0.4151,0.4626,0.5221,0.5971,0.263,0.6872,1.652e-07,1.263e-07,1.515e-07,1.647e-07,1.785e-07,2.081e-07,9.508e-08,2.322e-07,24.33,12.31,17.53,20.56,26.03,47.77,10.22,86.06,0.01103,0.003404,0.007,0.01013,0.01287,0.02273,0.001027,0.03635,0.02052,0.005235,0.01229,0.01818,0.02424,0.0466,0.001817,0.06818,0.7156,0.2141,0.4564,0.6439,0.8492,1.505,0.07594,2.102,2.863,0.9938,2.001,2.579,3.566,5.366,0.3388,8.887
50,6,58.96,50.15,56.43,59.2,62.02,66.79,40.51,72.18,33.08,29.49,31.74,32.94,34.19,37.05,27,40.88,0.9142,0.839,0.9029,0.9201,0.9343,0.9542,0.7823,0.9826,4.603,3.63,3.965,4.483,5.08,6,3.148,7.356,2.226e+05,6.002e+04,1.438e+05,1.99e+05,2.63e+05,4.785e+05,24798,603952,0.6323,0.186,0.4066,0.5801,0.7457,1.376,0.07172,1.806,0.822,0.4593,0.6431,0.804,0.9363,1.281,0.2864,1.528,2.904e-07,1.73e-07,2.355e-07,2.896e-07,3.279e-07,4.626e-07,1.035e-07,5.253e-07,25.31,12.43,18.12,21.32,27.24,49.51,10.49,90.83,0.01075,0.003302,0.006739,0.009892,0.01242,0.02202,0.0009936,0.03559,0.01986,0.005073,0.01179,0.01763,0.02344,0.04548,0.001754,0.0669,0.6922,0.207,0.4364,0.6238,0.8194,1.47,0.0733,2.063,2.79,0.8918,1.941,2.513,3.56,5.216,0.3238,9.189
60,0,64.99,55.4,62.83,65.7,67.39,71.18,52.9,76.76,34,30.37,32.91,33.84,35.07,37.39,27.65,41.49,0.9234,0.8638,0.9141,0.9293,0.9417,0.9612,0.8103,0.9871,4.143,3.396,3.724,4.004,4.501,5.256,2.801,5.836,3.323e+05,1.126e+05,2.298e+05,3.242e+05,4.124e+05,6.4e+05,46918,772726,0.9424,0.3281,0.6642,0.9048,1.121,1.762,0.1357,2.275,0.1569,0.1134,0.1394,0.1584,0.1723,0.2056,0.08511,0.2302,5.54e-08,4.412e-08,5.048e-08,5.463e-08,6.052e-08,7.014e-08,3.077e-08,7.983e-08,15.67,9.365,11.92,13.65,16.79,27.82,8.364,49.52,0.01456,0.005139,0.01018,0.01359,0.01717,0.0278,0.001768,0.04106,0.02857,0.008724,0.01857,0.02677,0.03409,0.05856,0.00327,0.08229,1.021,0.3475,0.6989,0.9794,1.222,1.918,0.1385,2.565,3.833,1.341,2.78,3.588,4.765,6.294,0.5345,11.29
60,1,65.01,55.46,62.79,65.76,67.46,71.08,52.95,76.75,34.01,30.37,32.91,33.85,35.08,37.41,27.65,41.51,0.9236,0.864,0.9143,0.9295,0.9419,0.9613,0.8108,0.9871,4.158,3.268,3.788,4.034,4.447,5.387,2.816,5.524,3.194e+05,1.009e+05,2.111e+05,3.108e+05,3.961e+05,6.348e+05,42284,766682,0.9057,0.3012,0.6107,0.8686,1.067,1.749,0.1223,2.248,0.1818,0.128,0.1653,0.1792,0.2023,0.2361,0.1045,0.2674,6.415e-08,4.832e-08,5.8e-08,6.366e-08,6.943e-08,8.155e-08,3.778e-08,9.342e-08,16.65,9.592,12.21,14.23,17.49,33.63,8.431,55.77,0.01398,0.004734,0.009934,0.01322,0.01667,0.02758,0.001593,0.04053,0.02749,0.00831,0.01743,0.02513,0.03257,0.05755,0.002946,0.0813,0.981,0.3328,0.682,0.9296,1.196,1.885,0.1248,2.534,3.711,1.219,2.643,3.521,4.7,6.256,0.4797,12.37
60,2,64.47,54.93,62.7,65.02,66.77,70.59,52.55,75.47,33.65,30.12,32.46,33.57,34.62,37.36,27.45,41.24,0.9243,0.8658,0.9157,0.9314,0.9428,0.9612,0.815,0.9854,4.079,3.319,3.624,3.989,4.479,5.038,2.985,5.848,2.811e+05,8.314e+04,1.873e+05,2.547e+05,3.471e+05,5.87e+05,32444,718476,0.7976,0.2456,0.5258,0.7239,0.955,1.647,0.09383,2.15,0.2242,0.1545,0.1988,0.2241,0.2476,0.2886,0.1282,0.32,7.91e-08,5.94e-08,7.074e-08,7.96e-08,8.722e-08,1.001e-07,4.634e-08,1.101e-07,19.53,10.27,14.48,16.77,20.28,37.82,8.849,74.73,0.01241,0.003958,0.008196,0.01131,0.01437,0.02574,0.001243,0.03914,0.02455,0.006594,0.01506,0.0214,0.02909,0.0544,0.002275,0.07833,0.8632,0.2696,0.5628,0.7807,1.015,1.763,0.09578,2.414,3.151,1.099,2.317,2.805,3.893,5.935,0.3983,10.5
60,3,63.28,55.34,61.19,63.89,66.35,70.58,48.7,74.94,33.89,30.37,32.65,33.82,34.92,37.65,27.59,41.44,0.9258,0.8659,0.9165,0.9331,0.9443,0.9629,0.8053,0.9856,4.133,3.108,3.576,4.051,4.522,5.428,2.807,6.21,2.686e+05,7.621e+04,1.768e+05,2.44e+05,3.303e+05,5.698e+05,29242,697444,0.7624,0.2275,0.4859,0.6926,0.9132,1.595,0.08457,2.101,0.43,0.294,0.3849,0.4267,0.478,0.543,0.2325,0.6126,1.517e-07,1.168e-07,1.392e-07,1.519e-07,1.626e-07,1.839e-07,8.406e-08,2.166e-07,20.66,10.58,15.04,17.74,21.64,41.01,9.057,79.52,0.01203,0.003775,0.007845,0.01109,0.01388,0.02467,0.001128,0.03794,0.02331,0.005975,0.01396,0.0204,0.02767,0.05245,0.002041,0.07616,0.8236,0.2462,0.5263,0.7386,0.9741,1.713,0.08628,2.355,3.027,1.041,2.212,2.741,3.719,5.702,0.3493,10.68
60,4,63.4,55.45,61.73,64.01,66.46,70.44,48.9,74.92,33.9,30.38,32.65,33.83,34.95,37.7,27.59,41.43,0.9261,0.8661,0.9168,0.9333,0.9445,0.9628,0.8054,0.9857,4.121,3.245,3.607,3.999,4.489,5.373,2.765,6.221,2.691e+05,7.636e+04,1.772e+05,2.443e+05,3.307e+05,5.704e+05,29340,698466,0.7636,0.2282,0.4872,0.6938,0.9153,1.596,0.08485,2.103,0.4315,0.2966,0.3833,0.4296,0.4686,0.5607,0.2163,0.6177,1.522e-07,1.216e-07,1.385e-07,1.518e-07,1.636e-07,1.945e-07,7.82e-08,2.139e-07,20.61,10.57,15.02,17.7,21.6,40.94,9.048,79.03,0.01203,0.003767,0.00784,0.01105,0.01391,0.0247,0.001133,0.0379,0.02334,0.005988,0.01399,0.02043,0.02769,0.0525,0.002048,0.07624,0.8247,0.2467,0.5272,0.7397,0.975,1.715,0.08658,2.358,3.032,0.997,2.162,2.795,3.743,5.583,0.3576,10.26
60,5,63.51,55.37,61.59,64.17,66.31,70.21,49.7,74.66,33.76,30.24,32.46,33.66,34.79,37.61,27.53,41.34,0.9238,0.8641,0.9154,0.9309,0.943,0.9607,0.7876,0.9851,4.067,3.233,3.617,3.988,4.413,5.322,2.907,5.873,2.616e+05,7.015e+04,1.73e+05,2.35e+05,3.147e+05,5.578e+05,28914,686772,0.7427,0.2232,0.4845,0.6806,0.8779,1.565,0.08362,2.065,0.4815,0.3502,0.4168,0.4821,0.5392,0.6386,0.2603,0.7052,1.699e-07,1.292e-07,1.509e-07,1.701e-07,1.846e-07,2.199e-07,9.41e-08,2.447e-07,21.27,10.81,15.42,18.05,22.5,42.4,9.217,77.36,0.01168,0.003704,0.007559,0.01072,0.01354,0.02378,0.00112,0.03726,0.0228,0.005994,0.0138,0.02006,0.02696,0.05131,0.002023,0.07501,0.8039,0.2421,0.5181,0.7261,0.948,1.665,0.08535,2.32,2.914,0.9124,2.09,2.682,3.729,5.577,0.3467,8.975
60,6,63.27,55.63,61.3,63.64,66.2,70.39,47.98,74.73,33.74,30.23,32.42,33.61,34.76,37.65,27.53,41.33,0.9232,0.8631,0.9136,0.93,0.9418,0.96,0.7876,0.9848,4.129,3.279,3.601,4.034,4.38,5.475,2.865,6.354,2.534e+05,6.741e+04,1.666e+05,2.263e+05,3.058e+05,5.456e+05,27812,672736,0.7194,0.2159,0.4629,0.6591,0.8477,1.53,0.08043,2.032,0.8729,0.4925,0.6757,0.8428,0.9979,1.409,0.3022,1.591,3.083e-07,1.782e-07,2.454e-07,3.024e-07,3.417e-07,4.865e-07,1.092e-07,5.581e-07,22.08,11.06,15.89,18.7,23.5,43.71,9.367,81.59,0.01135,0.00359,0.007264,0.01046,0.01324,0.02322,0.001076,0.03648,0.02211,0.005788,0.01321,0.01943,0.02616,0.05003,0.001946,0.07379,0.7792,0.2338,0.4951,0.7017,0.9196,1.624,0.0821,2.283,2.863,0.8947,2.069,2.555,3.498,5.375,0.3267,9.492
70,0,68.31,59.8,66.23,69.18,70.64,73.97,57.61,78.37,34.69,31.15,33.59,34.56,35.66,37.99,28.1,41.91,0.9314,0.877,0.9212,0.9382,0.9491,0.9658,0.8316,0.9887,3.784,3.095,3.407,3.646,4.064,4.946,2.573,5.484,3.704e+05,1.243e+05,2.552e+05,3.54e+05,4.662e+05,7.028e+05,50982,851386,1.05,0.3621,0.7316,1.01,1.239,1.986,0.1474,2.502,0.1617,0.116,0.1413,0.16,0.1814,0.2215,0.08927,0.2387,5.707e-08,4.395e-08,5.123e-08,5.694e-08,6.219e-08,7.283e-08,3.227e-08,8.553e-08,13.92,8.6,10.73,12.34,14.92,23.98,7.607,45.99,0.0154,0.005424,0.0111,0.01457,0.01811,0.02925,0.001881,0.04218,0.03116,0.009377,0.02015,0.02879,0.03676,0.06353,0.003518,0.08902,1.128,0.3814,0.795,1.076,1.344,2.133,0.1503,2.788,3.918,1.319,2.791,3.658,4.879,6.707,0.5308,12.28
70,1,68.32,59.81,66.26,69.17,70.65,73.99,57.7,78.43,34.7,31.15,33.59,34.57,35.67,38.01,28.11,41.93,0.9316,0.8771,0.9214,0.9381,0.9495,0.9661,0.8324,0.9888,3.788,3.111,3.407,3.662,4.093,5.06,2.595,5.363,3.561e+05,1.126e+05,2.38e+05,3.403e+05,4.412e+05,6.975e+05,46334,844784,1.009,0.3325,0.6871,0.9584,1.196,1.952,0.134,2.471,0.1869,0.1338,0.1688,0.1877,0.2015,0.2481,0.1084,0.2699,6.6e-08,5.035e-08,6.035e-08,6.483e-08,7.099e-08,8.221e-08,3.92e-08,9.67e-08,14.8,8.746,11.18,12.8,15.37,25.25,7.7,51.24,0.0148,0.00513,0.01061,0.01404,0.01766,0.02903,0.001708,0.04168,0.02997,0.009087,0.0195,0.027,0.03576,0.06303,0.003196,0.08794,1.084,0.367,0.7765,1.026,1.302,2.1,0.1366,2.754,3.767,1.269,2.708,3.557,4.603,6.534,0.4711,12.59
70,2,67.86,59.32,66.23,68.44,70.23,73.37,57.79,77.5,34.31,30.94,33.17,34.32,35.34,37.97,27.92,41.64,0.9322,0.8813,0.9218,0.9388,0.9491,0.9659,0.832,0.987,3.645,2.865,3.268,3.548,3.898,4.808,2.662,5.704,3.173e+05,9.652e+04,2.164e+05,2.878e+05,3.951e+05,6.514e+05,36164,787642,0.9,0.281,0.6067,0.8182,1.069,1.839,0.1046,2.4,0.2304,0.1578,0.2013,0.2289,0.2621,0.2988,0.1195,0.3398,8.13e-08,5.943e-08,7.291e-08,8.113e-08,8.866e-08,1.061e-07,4.321e-08,1.162e-07,17.15,9.253,12.9,14.77,17.73,30.66,7.93,67.6,0.01327,0.004263,0.008946,0.01237,0.01542,0.02703,0.001349,0.04046,0.0271,0.007701,0.01728,0.02361,0.03164,0.05898,0.002512,0.08594,0.9654,0.3094,0.671,0.8959,1.129,1.947,0.1066,2.664,3.188,1.124,2.284,2.928,3.786,6.011,0.4406,12.37
70,3,66.98,59.33,64.81,67.54,69.67,73.19,54.16,77.05,34.54,31.19,33.38,34.45,35.59,38.22,28.04,41.84,0.9338,0.8807,0.9233,0.9412,0.9513,0.9653,0.8177,0.9873,3.65,2.849,3.181,3.552,4.038,4.696,2.399,5.595,3.05e+05,9.083e+04,2.064e+05,2.759e+05,3.756e+05,6.347e+05,33086,770116,0.8653,0.264,0.5678,0.7828,1.03,1.788,0.09569,2.351,0.4442,0.3298,0.4022,0.445,0.4804,0.5676,0.2349,0.6642,1.568e-07,1.215e-07,1.445e-07,1.558e-07,1.672e-07,1.97e-07,8.491e-08,2.166e-07,18.01,9.5,13.36,15.49,18.76,32.41,8.097,71.44,0.01289,0.004075,0.008602,0.01198,0.01519,0.02615,0.001242,0.03962,0.02589,0.007164,0.016,0.02262,0.03048,0.05696,0.002287,0.08382,0.9264,0.2902,0.6263,0.8551,1.099,1.9,0.09752,2.608,3.06,1.06,2.202,2.804,3.839,5.397,0.3637,10.95
70,4,67.13,59.41,65.1,67.62,69.95,73.29,54.5,77.15,34.56,31.2,33.38,34.48,35.61,38.24,28.05,41.85,0.934,0.8809,0.9234,0.9414,0.9515,0.9654,0.8177,0.9874,3.606,2.795,3.216,3.509,3.95,4.507,2.321,5.449,3.055e+05,9.097e+04,2.069e+05,2.765e+05,3.766e+05,6.354e+05,33124,770852,0.8666,0.2644,0.5683,0.7838,1.031,1.79,0.0958,2.352,0.4476,0.3152,0.3985,0.4407,0.5016,0.5842,0.2217,0.6748,1.577e-07,1.256e-07,1.446e-07,1.574e-07,1.682e-07,2.015e-07,8.013e-08,2.19e-07,17.97,9.489,13.35,15.44,18.74,32.37,8.09,71.1,0.01288,0.004061,0.008598,0.01197,0.01514,0.02611,0.001242,0.03959,0.02592,0.007184,0.01604,0.02264,0.03049,0.05701,0.002289,0.08387,0.9276,0.2906,0.6279,0.8567,1.1,1.902,0.09762,2.609,3.03,1.059,2.178,2.785,3.668,5.252,0.3603,11.6
70,5,67.13,59.43,65.15,67.54,69.81,73.39,54.91,76.87,34.42,31.08,33.19,34.38,35.45,38.16,27.99,41.75,0.9318,0.8787,0.922,0.94,0.9496,0.9659,0.8007,0.9869,3.647,2.888,3.189,3.538,3.923,4.872,2.518,5.654,2.97e+05,9.101e+04,1.996e+05,2.663e+05,3.623e+05,6.212e+05,32686,759962,0.8427,0.2649,0.5559,0.7649,1.002,1.754,0.09453,2.311,0.4956,0.3397,0.4285,0.4996,0.5511,0.643,0.2461,0.7171,1.748e-07,1.259e-07,1.563e-07,1.739e-07,1.911e-07,2.28e-07,8.896e-08,2.411e-07,18.49,9.707,13.61,15.84,19.44,38.19,8.236,69.59,0.01253,0.004052,0.008467,0.0115,0.01458,0.02518,0.00123,0.0391,0.02532,0.007182,0.01555,0.02205,0.02978,0.05602,0.002264,0.08256,0.9039,0.2914,0.603,0.8163,1.061,1.85,0.09636,2.569,2.992,1.037,2.175,2.743,3.649,5.503,0.3441,12
70,6,66.89,59.34,64.87,67.36,69.65,73.25,54.35,76.83,34.4,31.07,33.19,34.34,35.41,38.17,28,41.76,0.9315,0.878,0.9223,0.939,0.9492,0.9646,0.8012,0.9866,3.71,2.877,3.281,3.543,4.159,4.671,2.497,6.615,2.885e+05,8.793e+04,1.925e+05,2.577e+05,3.489e+05,6.091e+05,31298,746334,0.8188,0.2559,0.5336,0.743,0.9726,1.719,0.09051,2.278,0.9231,0.5195,0.7406,0.8941,1.052,1.467,0.3462,1.65,3.258e-07,1.844e-07,2.684e-07,3.216e-07,3.645e-07,5.128e-07,1.252e-07,5.75e-07,19.14,9.903,13.97,16.34,20.13,39.37,8.353,73.37,0.0122,0.003958,0.00816,0.01128,0.01423,0.02459,0.001178,0.03841,0.02462,0.006951,0.01493,0.02149,0.02901,0.05491,0.002167,0.08139,0.8786,0.2814,0.5701,0.789,1.033,1.811,0.09228,2.533,2.934,1.06,2.134,2.706,3.726,5.24,0.3401,11.6
80,0,73.85,67.2,72.37,74.3,76.04,78.51,65.45,81.74,36.12,32.74,35.08,36.07,37.25,39.23,28.86,42.91,0.9461,0.8998,0.9364,0.9527,0.9606,0.9731,0.8559,0.9913,3.044,2.471,2.679,2.96,3.308,4,2.067,5.233,4.641e+05,1.664e+05,3.364e+05,4.411e+05,5.784e+05,8.503e+05,65920,1003000,1.315,0.4825,0.9729,1.269,1.554,2.397,0.1906,3.027,0.1724,0.1202,0.1518,0.1713,0.1897,0.2255,0.08621,0.2664,6.086e-08,4.477e-08,5.473e-08,6.063e-08,6.629e-08,8.008e-08,3.117e-08,8.663e-08,10.92,6.962,8.671,9.853,11.62,18.03,6.287,36.84,0.01779,0.006976,0.01321,0.01679,0.02123,0.03256,0.002332,0.04626,0.03735,0.01263,0.02605,0.03467,0.04457,0.07122,0.004443,0.1049,1.389,0.5272,1.033,1.333,1.668,2.512,0.1938,3.31,3.975,1.382,2.898,3.687,4.814,6.869,0.5664,14.7
80,1,73.9,67.19,72.46,74.31,76.09,78.51,65.47,81.74,36.13,32.74,35.08,36.08,37.26,39.25,28.86,42.92,0.9462,0.8999,0.9365,0.9529,0.9607,0.9732,0.856,0.9914,3.051,2.387,2.683,2.931,3.287,3.917,2.059,5.512,4.474e+05,1.603e+05,3.219e+05,4.228e+05,5.48e+05,8.366e+05,61192,995756,1.267,0.4668,0.9308,1.217,1.505,2.383,0.177,2.99,0.2028,0.1339,0.175,0.2022,0.2286,0.2712,0.1024,0.3193,7.156e-08,5.236e-08,6.295e-08,7.019e-08,7.979e-08,9.36e-08,3.702e-08,1.084e-07,11.53,7.074,8.974,10.19,11.92,19.56,6.365,41.09,0.01713,0.006445,0.01286,0.01624,0.02009,0.03223,0.002165,0.04567,0.03601,0.01226,0.02501,0.03309,0.04244,0.07076,0.004123,0.1036,1.338,0.5073,0.9834,1.277,1.589,2.497,0.1799,3.269,3.85,1.341,2.759,3.543,4.76,7.168,0.5195,15.18
80,2,73.69,67.44,72.29,74.14,75.83,78.35,65.28,81.07,35.82,32.4,34.81,35.85,36.9,39.14,28.68,42.62,0.9473,0.9033,0.9379,0.953,0.9619,0.9712,0.857,0.9901,2.957,2.28,2.564,2.853,3.19,3.794,2.111,5.507,4.12e+05,1.356e+05,2.936e+05,3.788e+05,5.099e+05,7.967e+05,49110,958944,1.167,0.3899,0.8209,1.1,1.402,2.29,0.142,2.922,0.2442,0.1663,0.2157,0.2439,0.2703,0.3157,0.143,0.3601,8.613e-08,6.479e-08,7.79e-08,8.543e-08,9.499e-08,1.104e-07,5.178e-08,1.196e-07,12.87,7.464,9.791,11.31,13.25,23.59,6.513,50.3,0.01581,0.00523,0.01141,0.01474,0.0189,0.03048,0.001752,0.04476,0.03355,0.009959,0.02238,0.03015,0.03959,0.06887,0.003332,0.1019,1.232,0.41,0.8762,1.167,1.492,2.403,0.1444,3.188,3.389,1.25,2.457,3.026,4.082,5.822,0.4009,13.86
80,3,73.61,67.44,72.33,73.94,75.76,78.72,62.9,80.85,36.05,32.65,35.05,36.04,37.17,39.4,28.78,42.83,0.9488,0.9048,0.9402,0.9557,0.9634,0.9734,0.8566,0.9908,2.925,2.286,2.572,2.803,3.155,3.955,2.063,5.487,4.005e+05,1.282e+05,2.832e+05,3.664e+05,4.964e+05,7.842e+05,45710,941248,1.135,0.3726,0.7896,1.066,1.369,2.256,0.1322,2.878,0.4693,0.3176,0.4235,0.4665,0.5128,0.5941,0.2394,0.7014,1.655e-07,1.261e-07,1.521e-07,1.651e-07,1.757e-07,2.124e-07,8.654e-08,2.228e-07,13.31,7.562,10.04,11.69,13.81,24.61,6.612,51.97,0.01538,0.005,0.01115,0.01441,0.01812,0.02973,0.001635,0.044,0.03242,0.009482,0.02132,0.02928,0.03811,0.0671,0.003086,0.1,1.196,0.3913,0.8453,1.129,1.444,2.354,0.1344,3.137,3.263,1.203,2.32,2.884,3.903,5.561,0.3925,13.42
80,4,73.63,67.62,72.11,73.92,75.84,78.76,63.08,80.95,36.05,32.66,35.04,36.02,37.18,39.4,28.79,42.84,0.9489,0.9052,0.9403,0.956,0.9636,0.9733,0.8567,0.9908,2.972,2.286,2.55,2.851,3.293,3.963,1.921,5.576,4.01e+05,1.283e+05,2.835e+05,3.67e+05,4.969e+05,7.852e+05,45794,942086,1.137,0.373,0.7916,1.067,1.37,2.259,0.1324,2.882,0.4726,0.316,0.4159,0.4636,0.5293,0.6267,0.2578,0.7127,1.665e-07,1.3e-07,1.514e-07,1.659e-07,1.791e-07,2.155e-07,9.321e-08,2.366e-07,13.29,7.552,10.03,11.68,13.78,24.56,6.604,51.84,0.0154,0.005003,0.01115,0.01441,0.01809,0.02974,0.001636,0.04368,0.03246,0.009502,0.02138,0.02931,0.03818,0.06717,0.003091,0.1001,1.197,0.3921,0.8472,1.131,1.446,2.356,0.1346,3.137,3.31,1.243,2.281,3.029,3.97,5.696,0.3972,13.63
80,5,73.6,67.43,72.42,73.96,75.6,78.6,62.3,80.75,35.92,32.56,34.88,35.86,37.01,39.34,28.75,42.74,0.9471,0.9021,0.9387,0.9552,0.962,0.9732,0.8385,0.9904,2.928,2.285,2.537,2.865,3.103,3.91,2.015,5.435,3.903e+05,1.231e+05,2.765e+05,3.545e+05,4.88e+05,7.697e+05,44102,932638,1.106,0.3583,0.7656,1.037,1.309,2.215,0.1275,2.842,0.5259,0.3546,0.4703,0.522,0.5825,0.6673,0.2737,0.866,1.855e-07,1.355e-07,1.678e-07,1.862e-07,2.032e-07,2.366e-07,9.896e-08,2.47e-07,13.7,7.719,10.35,12.02,14.22,24.83,6.696,52.12,0.015,0.004949,0.01062,0.01423,0.01756,0.02911,0.001579,0.04333,0.03172,0.009425,0.02084,0.02866,0.03691,0.06622,0.002984,0.09887,1.167,0.3884,0.8208,1.101,1.384,2.317,0.1297,3.098,3.185,1.109,2.291,2.884,3.897,5.4,0.3615,13.48
80,6,73.46,67.13,72.02,73.9,75.73,78.57,62.51,80.51,35.92,32.58,34.86,35.83,37,39.35,28.75,42.73,0.947,0.9032,0.9386,0.9548,0.9618,0.9733,0.8433,0.9902,2.981,2.236,2.539,2.851,3.247,3.865,2.029,5.731,3.812e+05,1.191e+05,2.679e+05,3.455e+05,4.798e+05,7.578e+05,41900,921288,1.081,0.3467,0.7397,1.007,1.275,2.181,0.1212,2.811,1.041,0.6027,0.8668,1.015,1.179,1.581,0.35,1.856,3.671e-07,2.047e-07,3.06e-07,3.601e-07,4.167e-07,5.636e-07,1.265e-07,6.07e-07,14.1,7.837,10.58,12.33,14.66,25.39,6.769,54.45,0.01467,0.004852,0.01025,0.01379,0.01714,0.02863,0.001505,0.04301,0.031,0.009217,0.0202,0.02796,0.03624,0.06516,0.002836,0.09778,1.14,0.3782,0.7973,1.068,1.351,2.282,0.1232,3.068,3.159,1.066,2.119,2.801,4.014,5.311,0.3518,13.11
90,0,82.18,77.94,81.1,82.45,83.85,85.25,71.68,87.59,38.94,35.38,37.78,39.17,40.47,41.93,29.79,45.3,0.9687,0.941,0.9652,0.9729,0.9786,0.984,0.9024,0.9945,2.237,1.608,1.85,2.03,2.408,3.373,1.439,5.141,7.084e+05,2.938e+05,5.272e+05,6.805e+05,8.504e+05,1.209e+06,123064,1411628,2.005,0.7543,1.547,1.948,2.378,3.451,0.3559,4.202,0.2204,0.1462,0.195,0.2179,0.2447,0.2851,0.1227,0.3393,7.781e-08,6.044e-08,7.125e-08,7.655e-08,8.411e-08,1.004e-07,4.437e-08,1.097e-07,6.821,4.972,5.792,6.444,7.452,9.126,4.529,14.28,0.02441,0.009143,0.01908,0.02333,0.0291,0.04183,0.004063,0.05833,0.05267,0.01812,0.03917,0.04886,0.06434,0.09679,0.007857,0.141,2.07,0.7811,1.615,2.003,2.447,3.538,0.3594,4.492,4.498,1.838,3.133,3.876,5.275,7.863,0.6794,18.23
90,1,82.23,77.97,81.16,82.52,83.87,85.28,71.72,87.6,38.95,35.38,37.79,39.19,40.47,41.95,29.79,45.31,0.9688,0.941,0.9653,0.973,0.9786,0.9842,0.9034,0.9945,2.229,1.605,1.848,2.026,2.379,3.42,1.449,5.13,6.879e+05,2.81e+05,5.138e+05,6.541e+05,8.28e+05,1.198e+06,118950,1419254,1.946,0.7218,1.486,1.851,2.262,3.439,0.344,4.165,0.2689,0.1755,0.2419,0.2661,0.2945,0.3491,0.1634,0.4135,9.487e-08,7.201e-08,8.687e-08,9.303e-08,1.023e-07,1.227e-07,5.969e-08,1.348e-07,7.084,4.981,5.961,6.613,7.607,10.39,4.569,15.06,0.02368,0.008726,0.01844,0.02268,0.02804,0.04175,0.003927,0.05778,0.05115,0.01732,0.03791,0.047,0.06041,0.09631,0.007593,0.1398,2.009,0.7469,1.56,1.919,2.381,3.541,0.3474,4.453,4.337,1.619,3.037,3.789,5.057,7.53,0.659,18.07
90,2,82.14,78.06,80.86,82.6,83.84,85.38,71.4,86.57,38.7,35.2,37.77,38.91,40.17,41.53,29.75,44.73,0.9691,0.9408,0.9646,0.9738,0.9788,0.9841,0.9051,0.9942,2.208,1.488,1.788,2.015,2.407,3.45,1.378,5.24,6.642e+05,2.713e+05,4.996e+05,6.266e+05,8.065e+05,1.164e+06,95098,1387510,1.879,0.698,1.454,1.764,2.201,3.359,0.275,4.045,0.2811,0.1978,0.2498,0.279,0.3164,0.3676,0.1368,0.452,9.92e-08,7.597e-08,8.945e-08,9.864e-08,1.11e-07,1.274e-07,4.946e-08,1.382e-07,7.441,5.118,6.123,6.837,8.028,11.33,4.704,17.51,0.02286,0.008448,0.01771,0.02169,0.02727,0.04039,0.003177,0.05581,0.04971,0.01678,0.03648,0.04559,0.05974,0.09439,0.006148,0.136,1.939,0.7222,1.503,1.852,2.308,3.451,0.2781,4.321,4.131,1.716,2.943,3.601,4.814,7.462,0.525,19.31
90,3,82.73,77.56,81.46,83.15,84.48,86.06,71.66,86.87,38.94,35.38,37.9,39.17,40.51,41.86,29.8,44.89,0.9707,0.9413,0.9657,0.9755,0.9808,0.9851,0.9134,0.9944,2.114,1.391,1.666,1.906,2.247,3.307,1.195,5.168,6.613e+05,2.664e+05,4.961e+05,6.218e+05,8.035e+05,1.159e+06,91800,1403572,1.87,0.6845,1.45,1.752,2.175,3.396,0.2655,4.028,0.5316,0.3494,0.4804,0.5187,0.5902,0.6973,0.2352,0.8557,1.872e-07,1.42e-07,1.741e-07,1.858e-07,2.029e-07,2.34e-07,8.501e-08,2.494e-07,7.489,5.151,6.145,6.955,8.164,11.33,4.724,17.21,0.02259,0.008249,0.01734,0.02157,0.02693,0.04029,0.003056,0.05531,0.04919,0.01637,0.03604,0.0451,0.05922,0.09314,0.005915,0.1352,1.927,0.7068,1.493,1.831,2.286,3.467,0.2684,4.297,3.941,1.611,2.686,3.272,4.642,7.36,0.4816,18.14
90,4,82.71,77.3,81.48,83.24,84.48,86.08,71.69,86.89,38.93,35.38,37.9,39.13,40.42,41.91,29.8,44.89,0.9705,0.9375,0.9658,0.9756,0.9809,0.9852,0.9134,0.9945,2.128,1.385,1.659,1.929,2.357,3.408,1.177,5.124,6.625e+05,2.674e+05,4.968e+05,6.229e+05,8.044e+05,1.161e+06,91958,1405636,1.874,0.6869,1.453,1.755,2.178,3.4,0.2659,4.033,0.5264,0.3501,0.4724,0.5231,0.5846,0.6556,0.2608,0.8287,1.855e-07,1.406e-07,1.721e-07,1.842e-07,2.031e-07,2.299e-07,9.429e-08,2.502e-07,7.473,5.147,6.131,6.945,8.147,11.28,4.719,17.15,0.02264,0.008233,0.01739,0.02183,0.02691,0.04033,0.003061,0.05535,0.04929,0.01639,0.0361,0.04518,0.05928,0.09321,0.005924,0.1353,1.931,0.7086,1.497,1.846,2.289,3.47,0.2688,4.302,3.965,1.544,2.767,3.334,4.752,7.084,0.4768,17.65
90,5,82.62,77.98,81.54,83.23,84.35,85.87,71.61,86.36,38.81,35.31,37.82,39.06,40.23,41.77,29.78,44.73,0.9696,0.9377,0.964,0.975,0.9803,0.9846,0.9126,0.9943,2.146,1.468,1.685,1.93,2.455,3.425,1.171,5.111,6.472e+05,2.656e+05,4.841e+05,6.063e+05,7.855e+05,1.155e+06,86750,1398136,1.831,0.6858,1.4,1.71,2.145,3.384,0.2509,4.013,0.6043,0.4152,0.5327,0.5974,0.6814,0.7951,0.269,1.068,2.129e-07,1.636e-07,1.93e-07,2.12e-07,2.304e-07,2.728e-07,9.726e-08,3e-07,7.711,5.187,6.228,7.178,8.296,11.62,4.742,20.45,0.02214,0.008195,0.0168,0.02117,0.02659,0.04015,0.002906,0.05506,0.04832,0.01637,0.03499,0.0445,0.05823,0.09279,0.005608,0.1348,1.888,0.7074,1.439,1.8,2.268,3.444,0.2538,4.283,3.928,1.479,2.584,3.297,4.721,7.204,0.4867,18.32
90,6,82.66,77.87,81.65,83.27,84.47,86.01,71.6,86.51,38.84,35.34,37.85,39.03,40.28,41.84,29.79,44.75,0.9695,0.9372,0.9642,0.9752,0.9804,0.9847,0.9135,0.9943,2.13,1.439,1.685,1.926,2.343,3.267,1.278,5.074,6.383e+05,2.602e+05,4.738e+05,5.986e+05,7.73e+05,1.152e+06,84468,1391950,1.806,0.6717,1.37,1.688,2.13,3.367,0.2443,4.002,1.29,0.7625,1.12,1.265,1.474,1.869,0.3893,2.488,4.544e-07,2.75e-07,3.997e-07,4.474e-07,5.117e-07,6.4e-07,1.407e-07,6.821e-07,7.858,5.217,6.284,7.277,8.438,12.09,4.756,21.58,0.02183,0.008028,0.01643,0.02096,0.02629,0.03988,0.002824,0.05486,0.04764,0.01603,0.03416,0.0437,0.05758,0.09221,0.005459,0.1343,1.862,0.6929,1.41,1.774,2.25,3.424,0.2471,4.269,3.827,1.453,2.57,3.26,4.668,6.957,0.4887,16.95
100,0,88.17,85.09,87.41,88.68,89.63,91,74.84,91.75,41.93,37.19,40.11,42.36,44.31,45.75,30.32,47.79,0.9839,0.9664,0.9815,0.9874,0.9901,0.9923,0.931,0.9957,1.774,0.8929,1.186,1.612,2.079,3.295,0.644,4.942,1.837e+06,9.608e+05,1.431e+06,1.756e+06,2.183e+06,3.233e+06,313394,3718574,5.201,2.764,4.088,4.919,5.932,9.303,0.9063,11.23,0.2925,0.198,0.253,0.2873,0.3285,0.3898,0.1391,0.4503,1.032e-07,7.217e-08,9.132e-08,1.019e-07,1.127e-07,1.371e-07,5.028e-08,1.464e-07,2.596,1.861,2.279,2.549,2.81,3.415,1.695,4.938,0.05915,0.03199,0.04622,0.05593,0.06767,0.106,0.009878,0.1481,0.1276,0.06135,0.09065,0.1173,0.1505,0.2432,0.01897,0.3703,5.291,2.824,4.141,5.038,6.023,9.416,0.9111,11.86,9.341,3.077,5.543,7.563,11.26,19.02,0.8128,49.34
100,1,88.17,85.02,87.42,88.67,89.66,91.01,74.85,91.8,41.93,37.19,40.11,42.37,44.32,45.77,30.32,47.79,0.984,0.9665,0.9815,0.9874,0.9902,0.9923,0.9312,0.9957,1.77,0.8704,1.178,1.592,2.067,3.294,0.648,4.936,1.827e+06,9.572e+05,1.425e+06,1.746e+06,2.174e+06,3.224e+06,310684,3708708,5.172,2.753,4.068,4.885,5.904,9.276,0.8985,11.2,0.3564,0.232,0.3179,0.35,0.3943,0.458,0.1848,0.5551,1.257e-07,9.087e-08,1.163e-07,1.248e-07,1.354e-07,1.647e-07,6.681e-08,1.787e-07,2.612,1.866,2.296,2.568,2.828,3.432,1.699,4.991,0.05883,0.03191,0.046,0.05554,0.06712,0.1057,0.009788,0.1478,0.1269,0.06112,0.08977,0.1163,0.1492,0.2425,0.0188,0.3695,5.261,2.814,4.121,5.009,5.988,9.391,0.9033,11.83,9.268,3.091,5.446,7.539,11.26,18.7,0.806,48.99
100,2,88.17,84.98,87.4,88.7,89.66,91.01,74.86,91.78,41.93,37.19,40.11,42.37,44.32,45.77,30.32,47.79,0.984,0.9665,0.9815,0.9874,0.9902,0.9923,0.9312,0.9957,1.77,0.8727,1.178,1.592,2.067,3.294,0.648,4.936,1.83e+06,9.582e+05,1.431e+06,1.746e+06,2.175e+06,3.226e+06,311792,3708804,5.18,2.756,4.094,4.886,5.904,9.282,0.9017,11.21,0.3715,0.246,0.3361,0.366,0.4065,0.4727,0.1826,0.5631,1.31e-07,1.011e-07,1.217e-07,1.31e-07,1.411e-07,1.67e-07,6.6e-08,1.86e-07,2.608,1.866,2.293,2.563,2.825,3.432,1.698,4.992,0.05891,0.0319,0.04601,0.05578,0.06723,0.1057,0.009824,0.1478,0.1271,0.06118,0.09046,0.1163,0.1498,0.2425,0.01887,0.3697,5.268,2.817,4.153,5.012,5.99,9.397,0.9065,11.84,9.279,3.096,5.447,7.538,11.26,18.71,0.8088,49.01
100,3,88.29,85.17,87.57,88.82,89.67,91.13,74.81,91.92,42.01,37.21,40.16,42.45,44.44,45.92,30.32,47.85,0.9844,0.9667,0.9818,0.9879,0.9905,0.9922,0.9325,0.9959,1.749,0.8423,1.129,1.61,2.071,3.243,0.6095,4.977,1.278e+06,7.111e+05,1.046e+06,1.238e+06,1.46e+06,1.997e+06,231596,2315620,3.609,1.981,3.046,3.506,4.109,5.547,0.6698,6.299,0.6418,0.4367,0.592,0.6316,0.6989,0.8018,0.2749,1.041,2.262e-07,1.728e-07,2.126e-07,2.254e-07,2.428e-07,2.739e-07,9.938e-08,2.904e-07,3.621,3.101,3.332,3.535,3.754,4.587,2.964,5.968,0.04094,0.02313,0.03442,0.03964,0.04646,0.06413,0.007287,0.08304,0.08787,0.04637,0.07009,0.08284,0.1017,0.1456,0.014,0.2078,3.668,2.002,3.104,3.578,4.167,5.617,0.6732,6.653,6.352,2.415,3.991,5.221,8.05,12.16,0.5657,27.73
100,4,88.29,85.18,87.6,88.78,89.67,91.15,74.82,91.9,42.01,37.21,40.16,42.45,44.44,45.92,30.32,47.85,0.9844,0.9668,0.9818,0.9879,0.9905,0.9922,0.9325,0.9959,1.748,0.8423,1.131,1.6,2.071,3.244,0.6072,4.978,1.278e+06,7.115e+05,1.047e+06,1.239e+06,1.46e+06,1.997e+06,231642,2315912,3.61,1.985,3.048,3.507,4.11,5.549,0.6699,6.3,0.6412,0.4212,0.5834,0.6347,0.711,0.8224,0.3059,0.948,2.262e-07,1.726e-07,2.115e-07,2.278e-07,2.465e-07,2.677e-07,1.106e-07,3.215e-07,3.619,3.1,3.332,3.526,3.753,4.585,2.964,5.965,0.04095,0.02317,0.03442,0.03976,0.04649,0.06412,0.00729,0.08304,0.08791,0.04645,0.07009,0.08285,0.1017,0.1456,0.014,0.2078,3.67,2.006,3.105,3.58,4.172,5.618,0.6734,6.654,6.352,2.416,4.02,5.192,8.039,12.18,0.5658,27.74
100,5,88.2,84.92,87.51,88.71,89.62,91.06,74.7,91.86,41.97,37.19,40.13,42.41,44.37,45.87,30.32,47.82,0.9842,0.9665,0.9816,0.9877,0.9904,0.9921,0.9314,0.9959,1.765,0.8442,1.142,1.587,2.062,3.314,0.6203,4.953,1.266e+06,6.974e+05,1.031e+06,1.223e+06,1.449e+06,1.99e+06,230076,2312192,3.577,1.93,3.015,3.469,4.084,5.525,0.6654,6.287,0.7455,0.4945,0.6908,0.7512,0.8174,0.938,0.336,1.174,2.626e-07,1.976e-07,2.484e-07,2.653e-07,2.819e-07,3.065e-07,1.215e-07,3.37e-07,3.661,3.114,3.356,3.563,3.804,4.682,2.974,6.124,0.04061,0.02265,0.0342,0.03931,0.04621,0.06401,0.007243,0.08289,0.08718,0.04521,0.06952,0.08238,0.1007,0.1455,0.01391,0.2074,3.636,1.951,3.065,3.549,4.124,5.595,0.6689,6.641,6.347,2.552,4.021,5.331,7.998,11.96,0.601,27.48
100,6,88.18,84.82,87.44,88.73,89.61,91.09,74.71,91.88,41.95,37.21,40.15,42.43,44.37,45.89,30.32,47.83,0.9841,0.9665,0.9817,0.9877,0.9901,0.9921,0.9316,0.9959,1.76,0.8285,1.172,1.594,2.061,3.3,0.5973,4.93,1.257e+06,6.807e+05,1.026e+06,1.214e+06,1.44e+06,1.988e+06,228488,2306140,3.551,1.906,2.974,3.441,4.052,5.509,0.6608,6.277,1.745,1.094,1.559,1.779,1.981,2.277,0.5321,3.012,6.139e-07,4.283e-07,5.66e-07,6.344e-07,6.792e-07,7.364e-07,1.924e-07,7.746e-07,3.694,3.127,3.374,3.598,3.839,4.759,2.978,6.358,0.04032,0.02234,0.03403,0.0391,0.04599,0.06383,0.007195,0.08275,0.08657,0.04462,0.06905,0.08177,0.0999,0.145,0.01382,0.2071,3.61,1.926,3.029,3.526,4.093,5.578,0.6642,6.63,6.276,2.45,3.973,5.187,7.917,11.82,0.5835,27.46
