format,quality,resolution,ssimulacra2_mean,ssimulacra2_p05,ssimulacra2_p25,ssimulacra2_p50,ssimulacra2_p75,ssimulacra2_p95,ssimulacra2_min,ssimulacra2_max,psnr_mean,psnr_p05,psnr_p25,psnr_p50,psnr_p75,psnr_p95,psnr_min,psnr_max,ssim_mean,ssim_p05,ssim_p25,ssim_p50,ssim_p75,ssim_p95,ssim_min,ssim_max,butteraugli_mean,butteraugli_p05,butteraugli_p25,butteraugli_p50,butteraugli_p75,butteraugli_p95,butteraugli_min,butteraugli_max,file_size_mean,file_size_p05,file_size_p25,file_size_p50,file_size_p75,file_size_p95,file_size_min,file_size_max,bytes_per_pixel_mean,bytes_per_pixel_p05,bytes_per_pixel_p25,bytes_per_pixel_p50,bytes_per_pixel_p75,bytes_per_pixel_p95,bytes_per_pixel_min,bytes_per_pixel_max,encoding_time_mean,encoding_time_p05,encoding_time_p25,encoding_time_p50,encoding_time_p75,encoding_time_p95,encoding_time_min,encoding_time_max,encoding_time_per_pixel_mean,encoding_time_per_pixel_p05,encoding_time_per_pixel_p25,encoding_time_per_pixel_p50,encoding_time_per_pixel_p75,encoding_time_per_pixel_p95,encoding_time_per_pixel_min,encoding_time_per_pixel_max,compression_ratio_mean,compression_ratio_p05,compression_ratio_p25,compression_ratio_p50,compression_ratio_p75,compression_ratio_p95,compression_ratio_min,compression_ratio_max,bytes_per_ssimulacra2_per_pixel_mean,bytes_per_ssimulacra2_per_pixel_p05,bytes_per_ssimulacra2_per_pixel_p25,bytes_per_ssimulacra2_per_pixel_p50,bytes_per_ssimulacra2_per_pixel_p75,bytes_per_ssimulacra2_per_pixel_p95,bytes_per_ssimulacra2_per_pixel_min,bytes_per_ssimulacra2_per_pixel_max,bytes_per_psnr_per_pixel_mean,bytes_per_psnr_per_pixel_p05,bytes_per_psnr_per_pixel_p25,bytes_per_psnr_per_pixel_p50,bytes_per_psnr_per_pixel_p75,bytes_per_psnr_per_pixel_p95,bytes_per_psnr_per_pixel_min,bytes_per_psnr_per_pixel_max,bytes_per_ssim_per_pixel_mean,bytes_per_ssim_per_pixel_p05,bytes_per_ssim_per_pixel_p25,bytes_per_ssim_per_pixel_p50,bytes_per_ssim_per_pixel_p75,bytes_per_ssim_per_pixel_p95,bytes_per_ssim_per_pixel_min,bytes_per_ssim_per_pixel_max,bytes_per_butteraugli_per_pixel_mean,bytes_per_butteraugli_per_pixel_p05,bytes_per_butteraugli_per_pixel_p25,bytes_per_butteraugli_per_pixel_p50,bytes_per_butteraugli_per_pixel_p75,bytes_per_butteraugli_per_pixel_p95,bytes_per_butteraugli_per_pixel_min,bytes_per_butteraugli_per_pixel_max
avif,65,120,77.22237917999999,71.48398829749999,74.772493235,77.31363597500001,79.83442225249999,82.5506742325,70.18626239,82.72641874,35.9902358,34.6448153,35.04420625,36.142099,36.950489000000005,37.32176905,34.359842,37.443976,0.9832153,0.97425985,0.9814737499999999,0.983813,0.98634925,0.9894911,0.971338,0.989906,1.3623659610699999,1.091283053165,1.2670390606,1.36338478325,1.50005713105,1.572914332135,1.0350856781,1.5953528881,4293.2,3079.65,3496.25,4053.5,5015.0,5926.3499999999985,2892,6447,0.44948619261867506,0.3065625,0.3514322916666667,0.41328125,0.5432407407407407,0.6487607834507042,0.30125,0.6715625,0.22679819679999014,0.16988574815002835,0.21400205724995658,0.23602839100001916,0.24845819499996935,0.2672520078999781,0.16864956800009168,0.2736380109999459,2.3653826394735722e-05,1.6633980837964764e-05,2.2291880963537143e-05,2.461665418981748e-05,2.5843434545713614e-05,2.914138925958419e-05,1.5870058796291754e-05,3.08937728535331e-05,5.215517536010157,3.6933076183497664,4.224237934187716,5.7206986657623435,5.852366189626984,6.531598566507905,3.604467194043741,6.734989648033126,0.005840001799229293,0.003948343993325983,0.004437748310784135,0.005585343271360871,0.007487013992526716,0.008222345937221069,0.003921081493521749,0.008307824399003369,0.012583967127102674,0.008219558886277192,0.009515061408701016,0.011596168869459229,0.015425830290799851,0.01869320057855442,0.00810412993186747,0.019544982191710893,0.45709262646177784,0.31214513946165445,0.35638076098260313,0.4215603903797661,0.5547219617177791,0.6579711466459521,0.306423968711697,0.6831285494710951,0.5969331649129025,0.43756999978769373,0.49608853218130466,0.5987000222745937,0.711165574930355,0.7330409529816805,0.41642739742212503,0.7435346454530555
avif,65,160,79.073798825,72.021485504,74.4991021625,76.96109669500001,85.0872585675,87.348504445,70.2142373,88.0816993,36.2663789,35.2448471,35.3738195,36.330775,36.825627999999995,37.63928685,35.242832,37.874154,0.9815828,0.97427015,0.9801655,0.981797,0.9836685000000001,0.98791405,0.972467,0.988234,1.50871162414,1.203441137065,1.47067415715,1.4880573153499999,1.6451969444499999,1.7439135014999998,1.0725723505,1.8062107563,6637.6,4514.4,5460.75,6764.5,7153.75,9086.749999999998,4149,9800,0.3933025250751189,0.2563301886792453,0.30082915683962264,0.38060927672955974,0.48064865190823325,0.5636011516459253,0.24463443396226414,0.5778301886792453,0.3944146101999877,0.2741286270000273,0.3780620924999596,0.40644533950001005,0.4506660267499143,0.4607546166000162,0.251530707000029,0.46836666900003365,2.3210346091609506e-05,1.5211600233934286e-05,2.2560795322569613e-05,2.4341695428953426e-05,2.659245086969244e-05,2.6844111033906613e-05,1.310055765625151e-05,2.699595170454281e-05,5.800997545460085,4.0595352143291885,4.789646892600994,5.894024436519835,6.816313266617724,7.32408386916333,3.932857142857143,7.615665896843726,0.005029439987524614,0.0032166845264123196,0.0037353650542868823,0.004725821515228993,0.006594840798013483,0.007247598848912377,0.0031521072807176196,0.007302299695839079,0.01091565169188068,0.006862710983330918,0.008109653737957977,0.010579469117592014,0.013556689438310935,0.015961477796078684,0.006631441140101006,0.016395679798923233,0.4005663197354069,0.26150536444372935,0.30647470887203754,0.38936001873640014,0.49105429783166565,0.5719178805092419,0.24959742924537925,0.5876306933834952,0.5774857310630098,0.4182251667249979,0.48808376977486206,0.5996087837243875,0.6379742987063679,0.7437696170494158,0.36693039133040095,0.744698421740891
avif,65,200,84.624165127,76.28805404,85.42442404,85.96328977,87.11040973249999,87.875846724,69.32331458,88.25992158,36.509778499999996,35.38998415,35.632419999999996,36.4131125,37.44356225,37.7429187,35.246629,37.907499,0.9799606000000001,0.97367875,0.97759275,0.980202,0.98166775,0.9863695499999999,0.972817,0.986451,1.6048461198800001,1.220930707445,1.456996023625,1.6217477322,1.764130175125,1.9785079121649998,1.2194952965,2.0677442551,9414.4,6514.75,7843.5,9489.0,10602.0,12309.65,6139,12761,0.35587585244323555,0.2373183164865807,0.27238037145844746,0.3355681422098292,0.45623120300751885,0.4912374026568942,0.23078947368421052,0.49822033898305085,0.5269621368999993,0.3578783796499579,0.471465500249991,0.5557835620000162,0.6062816977499921,0.6221714352000219,0.3243993799999316,0.6266507550000142,1.981174645643114e-05,1.2654504173964128e-05,1.7764594516194675e-05,2.0527307138749955e-05,2.2214099295113067e-05,2.537732676208271e-05,1.0741701324501046e-05,2.6552998093220942e-05,6.21698423195382,4.507156592461998,5.090216276958584,6.247205108954471,7.124654325401873,7.816009807739969,4.506888926688212,8.19438444924406,0.004252305967323557,0.002777665470759126,0.003166365331429989,0.0039021761843295675,0.005194542201732058,0.006395047034695726,0.00270054567243594,0.006963064383565467,0.009814484561817752,0.006293191946786958,0.007310581954897812,0.009241639830526501,0.012732994175770184,0.013867508333661415,0.0061477431235425215,0.014008648763894085,0.36306537132118943,0.24238906978383612,0.27836079605011,0.3436193505235334,0.46443871870050213,0.500632011142007,0.2356201581669493,0.5050634435801179,0.551401682757546,0.42335110294558176,0.4852812477474818,0.5492015802112382,0.6023247920307312,0.6951557059718539,0.3844795006291842,0.7373052623251891
avif,65,240,86.158988721,84.46381456750001,85.34029235,85.976588555,87.0566238575,88.043979703,84.05801368,88.53067273,36.6918668,35.46281295,35.909484750000004,36.450744,37.634015000000005,37.9240332,35.310582,38.107518,0.9786206999999999,0.97265955,0.97651475,0.9787825,0.98003825,0.98499815,0.972075,0.985382,1.68834629059,1.46339626908,1.5702197551750001,1.6777951121,1.785027086775,1.9331505060349998,1.4073468447,1.9508121014,12622.9,8725.15,10689.5,12692.0,14950.25,15980.75,8326,16226,0.3317760944989133,0.22620011797882136,0.2477705959369245,0.3113560370626151,0.4082747395833333,0.4713936103556764,0.21682291666666667,0.47794486215538845,0.7787827355000048,0.544033336550001,0.6690809180000201,0.7907550360000073,0.9069526135000388,0.9655861891999763,0.4903178270000126,0.968224432999989,2.0276309798504548e-05,1.335273696675012e-05,1.7423982239583857e-05,2.109866565377517e-05,2.371036525520018e-05,2.5171187097812486e-05,1.128724279465959e-05,2.5214177942708046e-05,6.548694863234,4.774180140474076,5.331922478708755,6.7277412632701665,7.538894632447608,7.999835844524731,4.766022575090874,8.327489345215033,0.0038450913225491017,0.0026558468290681114,0.002873644120173132,0.0036646495510651873,0.004636949696051952,0.005454907676060842,0.002544764029940638,0.005573666290660906,0.009104709151682266,0.005969685591801673,0.0065838679634161075,0.008623934585287336,0.011262678605146074,0.013266424580697291,0.0057513054764377815,0.013535456939095155,0.3389652631835372,0.23140612753237286,0.2535167071217894,0.31907217033144486,0.41628787701539394,0.4818610046013064,0.2219429178382779,0.49101872677448594,0.5507662624521088,0.4012363528043848,0.4547383006646973,0.5179263054790224,0.6372966922366269,0.7556466282861692,0.387197345913375,0.7628484081674185
avif,65,320,85.049246181,83.2970160635,84.40967806500001,84.580693905,86.1250989575,87.14291395,83.28465446,87.47716144,36.9087284,35.59687155,36.0858325,36.8157255,37.716849499999995,38.2804229,35.298738,38.381321,0.9764772,0.97083435,0.97297175,0.976954,0.97818925,0.98363625,0.970833,0.984588,1.78630390167,1.44281098248,1.6275185346999999,1.6823017001,2.028397381275,2.1686340451099997,1.4422544241,2.247600317,20128.9,13721.1,16391.75,21144.5,23855.0,25530.05,12939,26093,0.29867444856937875,0.19898269936006077,0.21642282376833616,0.29208894010675396,0.34998532863849763,0.4391943048293063,0.18983274647887324,0.46068149717514123,1.3160989093999889,0.896157519899981,1.090625637749966,1.3556208564999963,1.5404142927500004,1.6749777476500012,0.7970530110000027,1.746569581000017,1.9309794712006327e-05,1.2400608887466116e-05,1.5859938203402952e-05,2.022210553621493e-05,2.3048244791042844e-05,2.428345002788762e-05,1.033523095176352e-05,2.5095910045903445e-05,7.111251550308346,5.078721723492295,5.998861763926586,7.446249821707218,8.186870387515611,8.631648552417108,4.977465220557238,8.770819807590156,0.003507741654129537,0.002347706098492544,0.002558171083565402,0.0034834571122124612,0.004079175080304817,0.005142925376448996,0.0022785728630164074,0.005455506430832291,0.008155233169419795,0.00525888086424421,0.005706673307347469,0.008031694364103,0.009603908858631573,0.012338945107757121,0.005055127910857232,0.013050933922202579,0.305802048800531,0.20401791188701043,0.22249105488636614,0.29951876070025,0.3562112017249324,0.45012066645919885,0.19507499686975416,0.47452041042476917,0.5151680601290466,0.40857748343862677,0.4489467008166024,0.4855610152286555,0.5534303371884617,0.6984426160358534,0.3887483812919586,0.7822069564757468
avif,65,480,84.090328302,81.86628692800001,83.3348515025,83.79460576,85.3164992875,86.27936521699999,81.15756373,86.65278374,37.158898799999996,35.7198906,36.346145500000006,37.125619,37.8639555,38.7263018,35.24493,38.81846,0.9740224,0.9680684,0.9703175,0.9738115,0.97731025,0.9814608,0.967667,0.98253,1.9648103118199998,1.593089568655,1.7448613048,1.9119998813,2.178959369675,2.41488434076,1.5257134438,2.4776256084,39090.1,25720.05,30160.0,40191.0,46308.5,53162.09999999999,25068,57834,0.2592519305430112,0.15749722937416963,0.1904223363639258,0.25300233445352366,0.29929956896551724,0.4076116143115214,0.14466759002770083,0.45466981132075474,2.734813041299998,1.8148527203499896,2.319400889999997,2.777482742000018,3.1829171927500113,3.5334758266499904,1.5003884259999722,3.591927219000013,1.790058317519481e-05,1.1225473392688712e-05,1.464242703354708e-05,1.9217732453046988e-05,2.1312052912522466e-05,2.269362078075505e-05,8.658751304247301e-06,2.2762080338050133e-05,8.047505657469417,5.452892275834374,7.233492019423512,8.172307203652577,9.084389543962406,10.296489897253172,5.099923920185358,10.949896282112654,0.0030808295077231125,0.001890514464055524,0.0022811104600141633,0.00296417623879443,0.003553205532986869,0.00483251991449243,0.001691423443264584,0.005448805817481798,0.007046892684120199,0.004117233140478938,0.004998027306440714,0.006814345601883109,0.008235364627330656,0.011435145366950703,0.0037267730360169057,0.012900289809647934,0.26615421418534113,0.16213575744140907,0.1957887940604377,0.26018573296018543,0.3052567362572703,0.419157147805448,0.1485017568888131,0.4698618546677263,0.4965079699935947,0.3455237598984927,0.4142154604268887,0.4512771322252641,0.5238189322834571,0.7640502976394701,0.3221743433115997,0.9251827523516888
avif,65,720,82.980250416,80.2625655885,82.34631489,82.91899318,84.095774765,85.1508765265,78.63111699,85.50596695,37.425934999999996,35.77419295,36.6931095,37.400948,37.947607000000005,39.24584815,35.160829,39.570115,0.9713188,0.9635446,0.96625475,0.9716235,0.9764937499999999,0.97942485,0.962722,0.980949,2.0937473297099998,1.758222156745,1.868369907125,2.08431386945,2.3049530983,2.42999328378,1.6911153793,2.458596468,78574.4,46751.9,62286.75,76165.0,90321.25,115713.69999999995,38777,133828,0.23229600939281486,0.12837187045539558,0.17656577404109114,0.2165260380422176,0.26134794144131424,0.3900027612841459,0.0993670561705617,0.4670156337241764,5.934936181599977,3.6765112554499924,4.725381426499965,6.035407625999994,7.149469064499982,8.036550680349954,3.027081479000003,8.337414216999946,1.7283836202329578e-05,1.0099136718855232e-05,1.3264659504002254e-05,1.8675464943141957e-05,2.1305995017245047e-05,2.2935761179735443e-05,7.756973859676105e-06,2.3508110619067365e-05,9.007867572320066,5.794845273596264,8.13391952913975,8.854466016420101,9.635956685308908,12.628070443015808,5.0657635173506295,14.772726100523506,0.002798919401777392,0.0015871359398844202,0.002141514843298932,0.0025839024603651665,0.0031176116037953186,0.004694288717806556,0.0011810795467095654,0.005677548918438343,0.006287880832604176,0.0033320828720341707,0.004619244320517962,0.005811005427732735,0.007114602748043246,0.010950650934906008,0.002511164199814979,0.01328227027082258,0.23913596804732257,0.13273498787563062,0.1820409117650797,0.2235923123172694,0.2669288255202019,0.40211618548187833,0.10237377391030743,0.48348356751738614,0.478155375176776,0.3065892770732852,0.40600140507291144,0.42840524024947163,0.45611934887666794,0.8092546868838645,0.22789376566576616,1.0258859387108947
avif,65,1280,81.496354619,78.9573155235,80.6339286975,81.74356782000001,82.79325624500001,83.4556897045,77.870301,83.61651727,38.0222052,36.092020500000004,37.50971325,38.2192345,38.4692335,39.8194892,35.27226,40.826699,0.9678359000000001,0.9595535999999999,0.9650129999999999,0.966886,0.971535,0.9768700499999999,0.956706,0.97971,2.26578792334,1.984308511005,2.084583759325,2.2891149521000003,2.3500979542750002,2.6419668793549995,1.9455782175,2.822715044,203883.3,105444.75,161416.5,182587.0,225334.0,350368.0999999998,70599,440459,0.19262545300583694,0.09262371942325298,0.14818641671562868,0.1574060431367966,0.2041747976641314,0.37181176490190343,0.057215216545643155,0.48602908721751414,17.297136373100017,9.927767595200015,12.76778137075,18.39016193499998,20.75672991425003,24.283552508450043,8.256375769999977,26.973685340000088,1.6004588407508398e-05,8.153635988070528e-06,1.151754966468681e-05,1.6882860178282883e-05,2.0855688893730166e-05,2.2579376161300813e-05,6.691175902813778e-06,2.316782792748058e-05,11.137888147587674,6.309058758119409,9.475202052857744,10.694677876294442,11.708156059130049,17.91050898821021,4.949264290206353,22.7610447740053,0.002365736314165903,0.001115008073987164,0.0018505299445933264,0.0019501294228999524,0.0024642814556047475,0.00456725683711266,0.0006975077216993559,0.006016371185366093,0.005165633067065654,0.0023602634449733364,0.003859903983952785,0.004098949110693414,0.005434989530394743,0.010395703608448912,0.0014014166696563726,0.01377935769404949,0.19893092740693044,0.09647242688537623,0.15364360044952402,0.162034736071046,0.20915420496255938,0.38391950506479905,0.05918109413046908,0.5026205929921862,0.4211020551783652,0.22660969643051937,0.35198372099818737,0.36868708600102607,0.4014275884303825,0.7765658447663126,0.16150225248910466,1.0162897572791263
avif,65,2048,80.147790573,77.423371748,79.43437163,80.22282412,81.4715418925,82.13130787799999,77.08525685,82.52085378,38.633355,36.2835522,37.97849,38.766003,39.18950625,40.815859749999994,35.33859,42.03871,0.9656003999999999,0.9551528,0.9632572500000001,0.9654895,0.96864575,0.97528855,0.95147,0.978331,2.38487250806,2.14726241826,2.23523640635,2.3751757145,2.532245159175,2.631342268025,2.0881440639,2.6963899136,424115.0,179856.3,297098.25,364690.0,453776.75,853556.7999999993,116238,1099174,0.15922973719372166,0.06230999394710871,0.1065180258502968,0.12614740586500087,0.16912497452543884,0.34907096544291444,0.03709597120098039,0.4776691350298985,41.712695459699994,23.02906168624999,30.24171081174994,40.80974451899999,48.84558696875001,64.88853784280003,19.795494064999957,68.27121558800002,1.5268294513634455e-05,7.3494503441106225e-06,1.0932424811928805e-05,1.4752785195427726e-05,1.9401854178730883e-05,2.4325670951079e-05,6.317495808121412e-06,2.64019929130163e-05,13.74645091243158,6.872754823695928,10.713811727135877,12.235448760268099,14.954787621587924,24.297681530801384,5.027950078877412,30.916576334761437,0.0019875857490174575,0.0007679966859312055,0.00132226617132728,0.0016157844765913065,0.0020925562106825233,0.004350627118253461,0.0004632274437903116,0.005975525815072586,0.004241774890438474,0.0015537595381344112,0.0027191521579557356,0.0032417435475310787,0.004456583984229471,0.009740837186199197,0.0008824241086603368,0.013516926822204803,0.16478590123318176,0.06510742037626474,0.10988799423116098,0.13080759329532565,0.17550574497250412,0.36063665794472577,0.03829585699226194,0.4931648683585939,0.3683869180913245,0.1612377911049021,0.2633296982831417,0.303617823219965,0.3583227562785899,0.7838290254143825,0.1000252025815196,1.0766674584925042
jpeg,85,120,51.062642646,33.2453531035,45.1547502525,52.227548155,59.719174165,66.0161537595,29.24556103,68.695452,30.0951032,26.50524795,27.719292000000003,31.0741235,31.953547,33.4520152,26.19774,33.590509,0.9425304000000001,0.9045633,0.92456525,0.9453075,0.95939,0.9746051,0.893901,0.975065,2.34484870435,1.7198005378299999,1.8561381101499999,2.0665357709,2.921659827225,3.1838407516899996,1.6752051115,3.2207629681,4604.0,3747.55,4247.75,4516.0,4949.0,5592.699999999999,3496,6040,0.4789319648954332,0.377625,0.42791666666666667,0.46337962962962964,0.5260771780303031,0.6052142018779342,0.3641666666666667,0.6291666666666667,0.0024566545000141104,0.002335786200009693,0.0023897189999928514,0.0024108380000029683,0.002502137000007565,0.0026481024500697,0.0022984739999856174,0.002703101000065544,2.554569266297533e-07,2.2686161111017276e-07,2.482129947948645e-07,2.500002835655098e-07,2.6458182292336353e-07,2.9137147513784524e-07,2.2262777777528855e-07,2.9232065727690694e-07,4.700276660468877,3.960428617989978,4.419587148061159,4.762813199231392,5.056953163800371,5.258804661385418,3.8473509933774834,5.350328947368421,0.01009505906542726,0.006464773287824459,0.00783006487986455,0.008298680095838892,0.011920973693927143,0.01634471967062879,0.00628092014057431,0.01969320973344823,0.016207591849147253,0.011728682199931879,0.013622407997022471,0.01484980162124415,0.018686348876281168,0.02276598627656727,0.011726205792324916,0.023405548036226156,0.5097047104428138,0.39393269151752935,0.45053047226630694,0.4905289281658792,0.5770968602627686,0.6540334134621942,0.3804141552368318,0.685669240423789,1.126925878826085,0.7503800011935265,0.8314471797747243,1.0118495369955887,1.4602084083725475,1.6174020249438728,0.7445937719552603,1.7095211107288146
jpeg,85,160,58.812475943,37.1319065605,48.211477265,54.028554825,73.3083389075,83.068871268,32.63904388,83.46958221,30.591214200000003,27.181102799999998,28.161541500000002,31.521192499999998,32.230059749999995,33.8008786,26.722452,34.017442,0.9417795999999999,0.9041488999999999,0.9285705,0.9426285000000001,0.95963775,0.9715914,0.896021,0.972324,2.5755274891799997,1.66867653132,1.867079704975,2.23884427545,3.2361584902,3.9942369937799995,1.6136271954,4.3401522636,7182.3,5676.9,6499.5,7248.0,7750.5,8770.249999999998,5190,9389,0.4222911141092783,0.32158903301886793,0.3741032822327044,0.40761055424528303,0.46955604095197256,0.5373471999197109,0.30601415094339623,0.5535966981132076,0.002837410899991255,0.002595429749987943,0.0027455112499836787,0.0028040029999942817,0.0029628602499798262,0.003126354099995865,0.0025563449999594923,0.0032160490000023856,1.6644122725279347e-07,1.514226197432371e-07,1.5664569010291154e-07,1.6302358490571096e-07,1.6911052099833883e-07,1.9256969192142674e-07,1.4780098958352047e-07,1.9497855113489752e-07,5.186864155428784,4.25948720517572,5.048338078344396,5.2287558882907135,5.488260930385515,5.890537293044521,4.105016508680371,6.050611620795107,0.007962785616909138,0.004417550641046837,0.005415062108318526,0.007304752903346321,0.009469014434536929,0.013583570481291402,0.004124832367039659,0.015854836435474026,0.01403312891673611,0.009831190041526744,0.011675486183515977,0.013384838412195788,0.01598795642675287,0.01968983715463877,0.009682235528073221,0.019955416468464545,0.44958221471945403,0.3356058301913133,0.3957985222642121,0.43082144480520546,0.5070758902517254,0.5816495582731763,0.3201634546585774,0.6056306682360437,1.0942253859596498,0.6870358527664608,0.7169293242569752,0.8336831841498997,1.4965989036866147,1.7722951366549047,0.6830213814812499,1.848178743411702
jpeg,85,200,76.302295155,57.708308158,77.66261384750001,79.63245287,81.93039297749999,82.9743651615,42.42134347,83.44463673,31.0487532,27.6905097,28.89664325,31.947437,32.41390275,34.0963542,27.232722,34.395795,0.9410499,0.90312905,0.9296402500000001,0.9435884999999999,0.95943075,0.96893405,0.896384,0.970307,2.50848563911,1.726912426965,1.841934829975,2.2454288006,3.176167964925,3.7251525402299994,1.6735701561,3.9444804192,10417.5,8123.95,9627.25,10506.0,11276.25,12555.3,7498,13170,0.39001241789427743,0.29916794054673107,0.33841115620176265,0.38262585271124827,0.44106279211542365,0.4863099114311201,0.2818796992481203,0.4951127819548872,0.0033616758999812646,0.0031190502499924833,0.0032137759999812943,0.0033160789999726603,0.0035506445000095255,0.0036623083999614892,0.0031110290000242458,0.0036851359999445776,1.2541648774032907e-07,1.1812233395234517e-07,1.203891911063128e-07,1.2186519294783923e-07,1.266100563904423e-07,1.4080933367526561e-07,1.1695597744452052e-07,1.475436036022435e-07,5.463793237008012,4.5269055147692345,5.327225747339716,5.518679705088183,5.805335310784388,6.132501536291266,4.3675018982536065,6.275612529721906,0.005360089398421915,0.003710840941418584,0.004200954385828219,0.004743912430241672,0.005912829010091588,0.008487853748196482,0.0035558052287538713,0.010206488940624139,0.01274385887829296,0.00902776033733444,0.010506043307971863,0.012104949500401925,0.014917138777834772,0.017364103980966862,0.008795096658119311,0.017462479419340714,0.41548918335263674,0.3125215730522072,0.35957385209702697,0.40117033302357014,0.47660110898771135,0.5275646589865691,0.2956452371343319,0.5432603137846823,0.9891913906232919,0.6188706054348269,0.7291298352510602,0.7768466957564361,1.153085526160614,1.7052615458289355,0.6131430872838496,1.8758010061305763
jpeg,85,240,79.555520388,74.97314490049999,78.68168441,80.041247265,81.35261242249999,82.8046980375,73.64774141,82.81471659,31.377101100000004,27.99861635,29.54758775,32.220922,32.6510435,34.32438195,27.714845,34.68732,0.9412084000000001,0.9024229,0.93144625,0.94407,0.96071825,0.9677328,0.898507,0.969972,2.65400289296,1.79795001152,2.050150454025,2.2316317557999996,3.187072873075,4.180111384369999,1.7900850773,4.6485085487,14027.7,10758.85,13330.0,13929.5,15502.5,16538.45,9979,16862,0.36498532068662753,0.28003128596915283,0.3084518876611418,0.36162307205340705,0.4249989720394737,0.44632053413120565,0.2598697916666667,0.45221631205673757,0.004163308500011453,0.0037138798500137684,0.00401494099999411,0.004135902000030001,0.004429533499987315,0.004539610000011862,0.00359736000001476,0.00454775499997595,1.0782446882846095e-07,9.631154868801004e-08,1.0430521973639049e-07,1.0560740777554863e-07,1.1442694661430626e-07,1.200758454654064e-07,9.368125000038436e-08,1.208111842109197e-07,5.740718992354337,4.804103523253247,5.444839009887507,5.866190419170744,6.124386074351432,6.402337336438254,4.738939627564939,6.4958821307140155,0.004597510776661221,0.0034805794556359666,0.0039003581809230465,0.004440538578335736,0.005381302818317519,0.005777840743883094,0.003279469178111711,0.005791556937839545,0.011792171576262455,0.008371081299269766,0.009642216634802357,0.010976444252254122,0.014448479475877286,0.015745700257337857,0.008033717703356728,0.016316754145900423,0.38876668906047307,0.29220452666775654,0.327790953465884,0.37912080221794964,0.4643877583699429,0.48348063561016213,0.272420189811272,0.4840280280876108,0.9864201281083153,0.6316678071143991,0.6491514398812616,0.7976201311204623,1.1212833206758994,1.7932996667776335,0.623285663116,2.1021313924573315
jpeg,85,320,78.831912041,74.357787501,78.31369368,78.491316435,80.959901285,82.323531786,72.00826146,82.51976118,31.904434400000003,28.426490349999998,30.79457825,32.6785125,33.02554175,34.5465964,28.384459,34.923169,0.9408673000000001,0.8991337500000001,0.9356865,0.9441120000000001,0.95928075,0.9671805499999999,0.894843,0.969278,2.66140199899,1.805464547875,2.115725636525,2.28059267995,3.067464888075,4.242388176894999,1.7903356552,4.5686879158,23102.8,17493.2,21596.75,23615.5,25740.75,27019.75,16271,27670,0.3389778700798004,0.2562175951629556,0.2807599552188651,0.3432274012331249,0.40065654342723006,0.4154433798007573,0.23871772300469485,0.41773603723404257,0.0060207779999814194,0.0053948331999862376,0.005582202249982515,0.00591149900000687,0.00635268099996722,0.006928596649959217,0.005372865999959231,0.007240906999982144,8.775950933921355e-08,7.970750134836772e-08,8.319873972365312e-08,8.423224893057582e-08,9.169309681200478e-08,1.0111564535293774e-07,7.954345657305232e-08,1.0623396420161597e-07,6.02096059238944,5.128285141132155,5.618172151882214,6.192654429707661,6.412022047486895,6.718510202422108,5.116530028598666,6.728781267285354,0.004312685531835102,0.0032521356791389584,0.003558450672612453,0.00424445391196689,0.004963269031242083,0.0055484333578871255,0.0030488246347870522,0.005730470845585849,0.010756153053532842,0.007705529190243603,0.008530176205929869,0.010306902350548803,0.0125168603773044,0.014609748925850709,0.007278133576449101,0.01466879912663537,0.3611495135885942,0.27093900560628426,0.2972066797962498,0.35985388707254884,0.42378415953997933,0.45393109001694737,0.2505946567619263,0.4611325594968649,0.9251232157540645,0.5516894121263636,0.6307169944185504,0.7367536511198599,0.9580106997556224,1.7633864191627733,0.522188416952192,1.9085055853053492
jpeg,85,480,78.898254511,73.369447219,77.78899837750001,79.0837425,81.83484794,82.265135722,70.93412929,82.32843616,32.6099371,28.88707345,32.403321500000004,33.254551500000005,33.39149275,34.8767455,28.28671,35.19616,0.9420113000000001,0.8977710999999999,0.9417840000000001,0.945491,0.957405,0.9685972500000001,0.892291,0.96945,2.85269085168,1.898194962695,2.0542036295,2.40523171425,3.380286574375,4.803883099534999,1.8352284431,5.3417305946,46709.5,35459.2,41211.75,48648.0,51181.0,55469.0,33436,56567,0.30559359833452554,0.2227737049065495,0.25250684651221356,0.314370023185335,0.3568345088819227,0.3903211937976716,0.2183646812957158,0.40393867924528304,0.010594283800014637,0.009304866750014185,0.009779136500000618,0.010243308500008652,0.011408881250034142,0.012245098150032163,0.009274935000007645,0.012426490000052581,6.864519903060988e-08,6.204105146300195e-08,6.474218757688282e-08,6.759975540671386e-08,7.113179103209395e-08,7.819695680557592e-08,6.10073798329557e-08,8.079187893096369e-08,6.470840716992531,5.615320880113664,5.932613596152553,6.669840702971156,6.9246616893260144,7.150232753695404,5.512959411636781,7.2076803445388204,0.00388799386154703,0.002877972981054635,0.003204786249170798,0.0038490520987628884,0.004378332552874426,0.0052811943731877736,0.0028602000516560993,0.005694560337716426,0.00949156217183984,0.006724420701595658,0.007458670448907725,0.009308598569284413,0.010777458167759622,0.01353099723295668,0.006575361396852999,0.014280157686959108,0.32519278805068275,0.2357980144245615,0.26588539005698997,0.3303826365699916,0.37325029609152904,0.4273839929928398,0.2304504232949987,0.4526983677357309,0.8965463479658231,0.5311695664865203,0.5944406953700232,0.6971480841690745,0.8241112414996246,1.8515686028074279,0.49672760857814,1.9960850709623421
jpeg,85,720,78.840764027,72.3483375965,76.90958387,80.44696399,81.6134673675,82.1607191005,69.70242383,82.2636184,33.2733752,29.24792025,33.43384825,33.694474,34.788081,35.188584999999996,28.027275,35.354608,0.9428143999999999,0.8976475500000001,0.9412875,0.9463239999999999,0.95835625,0.9691941,0.890529,0.96978,3.0188545227,1.911288243535,2.0303299129,2.6951218842999998,3.18255454305,5.389618134494999,1.9032462835,6.0413002968,96759.0,72231.9,82053.5,100370.5,111125.75,116682.09999999999,71241,117520,0.28171065970966475,0.19646513900551324,0.2331643149743084,0.28242985313464825,0.32515802598005106,0.37729036380144954,0.18819956949569497,0.410106085985483,0.02010993929999927,0.017532081199996698,0.018339237500001104,0.019935224500017057,0.022174259000010466,0.02303550989998655,0.017099470999994537,0.023038910999957807,5.768121729317216e-08,5.329036679419648e-08,5.7675505248187626e-08,5.85430429168045e-08,5.9032957923262034e-08,5.964203543679207e-08,5.236843829737687e-08,5.967152079841757e-08,6.86333570636931,5.812899891523639,6.451811033752914,6.945079521958029,7.394670293353632,7.735743335586932,5.768728727025187,7.7998175455795655,0.003597534481459224,0.0025041625162036288,0.0030208644717796534,0.0034590756251050626,0.0039823621022662715,0.005160396987865072,0.0023368987561045887,0.005883670372578534,0.00860705766940944,0.005732171410014456,0.0068747952917788775,0.00824886317997078,0.009571715969416607,0.01298382444594547,0.005379333317165618,0.014632392410089207,0.2996697662904132,0.20778089103770608,0.24596166860100238,0.3029917809647077,0.33617660210008876,0.41378610563187335,0.19867385373865035,0.4605196304505333,0.8826811904270171,0.5677672187114536,0.5733691848051219,0.6030512822730647,0.7412460680438683,1.9680100921084382,0.5658851335583693,2.037019280827791
jpeg,85,1280,79.330927217,70.34439625499999,77.3199009875,81.967328115,82.5056041325,83.169934293,67.04664231,83.28790803,34.6690824,30.04921315,33.93776975,35.3979455,36.183060499999996,37.60383965,27.918676,38.26886,0.9469213,0.9054997,0.9427595,0.951948,0.96525025,0.9705423,0.894508,0.972084,3.02404100895,2.003052532685,2.0893326998,2.61334860325,3.5755345225250004,4.87190148827,1.9875338078,4.9636392593,268341.2,194333.0,221204.75,271146.5,298746.0,355138.19999999995,178637,382428,0.24825037568551464,0.16783205615319846,0.2030742784224442,0.23896643745946922,0.2728831214710787,0.36177480227395487,0.14477194631742737,0.42199417372881354,0.05815990529999908,0.05101667060002342,0.05286521425001922,0.056403853499972456,0.06249771249999014,0.0692568307499954,0.05091813500001763,0.06969888600002605,5.2812458520779e-08,4.760550267151518e-08,5.067233960247598e-08,5.303527825268354e-08,5.5192694784555266e-08,5.774149504492363e-08,4.694578345331824e-08,5.87689298640555e-08,7.436243698146856,6.02556500311879,7.071030851260256,7.440159934111329,7.9699366413289,8.618903155542899,5.70028345204849,8.995376097896852,0.003181903249269527,0.0021154303751258928,0.002654039128531867,0.0028817174560487853,0.0033187582414859794,0.005073714303347415,0.0017436994725515314,0.006294038883821527,0.0073638411490235135,0.004648191535040038,0.005925141730796295,0.006537435198406137,0.007728832025313984,0.012284688416927838,0.0037830221835044833,0.015115121280422235,0.26331946214531415,0.17674997091027495,0.21681105568806747,0.24679687478437462,0.2819268311901045,0.3961158117501248,0.15121649071888482,0.47176120697502266,0.784560841572343,0.48388020561400524,0.5099064875652817,0.5552827710933605,0.6537172938513143,1.7692832309516278,0.4826878245404414,2.0946268479162033
jpeg,85,2048,79.9422952,70.9123251545,77.82389796,81.685341485,83.3394723425,84.8346825645,66.4284914,85.14399924,36.1964867,30.8741565,35.1297395,36.5614215,37.991196,40.272295899999996,28.118631,41.173924,0.9515087000000001,0.9152239,0.9475465000000001,0.949225,0.9704855,0.97460545,0.903271,0.975037,3.0023030281,1.9325801253250001,2.116100490075,2.60773456095,3.8411116004,4.726005363474999,1.9211990833,4.9609479904,604795.0,414377.55,501198.0,583083.0,650471.5,879529.3499999997,361944,976692,0.22114893711626996,0.14136485920419053,0.18118384521950373,0.2034125080998937,0.2392167743093965,0.347496966259908,0.11551011029411765,0.4244420108468919,0.14211452919999487,0.12029941939998139,0.13280900100001247,0.14086682699999642,0.15354634950001866,0.164291520699976,0.11658078499999647,0.16457652999997663,5.089444717634111e-08,4.4675891318181016e-08,4.983322555010629e-08,5.1354910313263486e-08,5.2472104619835154e-08,5.608219433987921e-08,4.214413246862039e-08,5.858189273049786e-08,7.8787470957465136,6.221962563684861,7.544050817335414,7.965165849568674,8.380873035261901,9.311575161923042,5.658479848304276,9.928831531949694,0.002838284272046501,0.0017229537549409589,0.0022773636086567657,0.0024762832759210847,0.002950521580777893,0.004939881776909868,0.0013676855430646004,0.006389457323230615,0.0063735894794636,0.0036958442880237513,0.004967552210747844,0.0053875324979544,0.0065686743946798565,0.011632895031878296,0.0028054190388586146,0.01509468973958554,0.23382262276670823,0.14779799934434484,0.19376197415045968,0.20912266550632727,0.25070622988886737,0.3787446818126585,0.11935895929556235,0.4698944290770897,0.7090031929096163,0.3658544496150888,0.4329956809156882,0.4584831151576331,0.7190178368177687,1.6643674574406606,0.35509357026672334,2.105634740752224
jxl,85,120,51.24269895,39.4250608485,45.553050317499995,49.731645445,58.631718230000004,64.6660359845,36.9533718,67.47647444,29.780616400000003,25.66220735,27.183501,30.8061335,32.043529,33.2075403,24.803858,33.695199,0.9371074,0.8761693500000001,0.913025,0.9551449999999999,0.962276,0.97303835,0.871083,0.973928,1.51650248766,1.458457112325,1.4966694116500001,1.5138263702499999,1.5511872470249999,1.571092915525,1.4550120831,1.5758110285,3477.1,2893.2,3241.75,3423.5,3727.0,4167.049999999999,2742,4370,0.36128760314411723,0.29921875000000003,0.3222974537037037,0.34765625,0.4073292824074074,0.42938326931284676,0.285625,0.4449530516431925,0.05023830289998728,0.03724625444996832,0.04640464025001734,0.050117705999980444,0.05753275300001803,0.06115427454994914,0.03586988399990787,0.06273056199995608,5.2269802206427505e-06,3.663869956016349e-06,4.9250511979170855e-06,5.420017204858457e-06,5.7480514756915985e-06,6.431702727275064e-06,3.6044893518557595e-06,6.912650000002516e-06,6.210027573286431,5.315729938484922,5.748162698490588,6.174117368549016,6.754304581304388,7.0335662170906925,5.305196518069111,7.134370579915134,0.007395980967851231,0.004989065527773218,0.005924968210321848,0.006298968551305965,0.008997231116744534,0.010912275639171014,0.004850799001152065,0.012040932395868474,0.01238573945307058,0.009201010088920051,0.01010387473984632,0.011086157831080606,0.015163912107093213,0.01631242363390393,0.009060091155698408,0.016458293168210632,0.38736384379090033,0.31115305370804114,0.3355781942605629,0.36487724002831956,0.46032829450775753,0.4676988626197011,0.2966068693372102,0.4686455443013658,0.5479781562803765,0.44132688776924067,0.4920544115472714,0.5367941327649739,0.6068586598213993,0.6592962529033234,0.42642417356118756,0.6737901733288733
jxl,85,160,58.229819887999994,41.106976621499996,47.124289454999996,49.555846700000004,75.9024703725,82.115282467,40.9761804,82.13959477,30.4289107,26.56581405,28.075699999999998,31.3654225,32.295612,33.712970049999996,25.882512,34.266025,0.9375554000000001,0.8761531499999999,0.9208465,0.954502,0.96167125,0.9706156,0.867618,0.972349,1.56397684814,1.49170235396,1.5178984404,1.5351672172500002,1.5806273222,1.7028671443849999,1.4797024727,1.7892787457,5559.3,4541.3,5063.25,5447.0,6246.5,6592.2,4247,6639,0.32697072795396764,0.2562504422169811,0.2823216391509434,0.33549528301886794,0.3571484375,0.40648503362103566,0.2504127358490566,0.4238031914893617,0.07662928519998786,0.05646117775001471,0.07403212900000256,0.07746638549997442,0.0847924259999644,0.09155318629997282,0.054181344999960857,0.09496263199991972,4.5046223162558515e-06,3.13479267000913e-06,4.417852976611716e-06,4.622963786361463e-06,4.8788362878229355e-06,5.486583311128456e-06,3.085814583337528e-06,5.599211792448097e-06,6.69386438093437,5.625697436249359,6.0217715389569735,6.704399740239362,7.032533720581674,7.97841586758848,5.43159711327267,8.103941985868353,0.00614633248831357,0.0033245019450371563,0.004462248190076115,0.005845523037924061,0.007754209730548711,0.009624362898730546,0.003208669013481249,0.010342671946293992,0.010952170198067412,0.0077381773532538365,0.00862566268906637,0.010611565613631538,0.01297823027206549,0.014852383304426427,0.007686488779094355,0.014887210183710729,0.3502914769537255,0.2666127072805064,0.29281060692823696,0.3522865762907248,0.3995869869054375,0.4435063792501748,0.2607729858019836,0.444110652644845,0.5100658639919133,0.40124455676399,0.4499306562776028,0.522123609621368,0.5414406928809141,0.6291893232935579,0.370536344431421,0.6459321125223271
jxl,85,200,77.562834425,60.6901879205,80.464491935,81.2064475,81.469612435,82.21729918300001,45.25538705,82.3531363,30.908553899999998,27.16223755,28.902703250000002,31.7501785,32.54503625,34.21150565,26.770882,34.832696,0.9373229999999999,0.8735926,0.92557575,0.9517655,0.963484,0.9692164,0.863716,0.970867,1.5585132599,1.43163101675,1.5043641627,1.5495685935,1.61463946105,1.6981500864299999,1.4025230408,1.7572309971,7984.3,6481.85,7390.0,7978.0,8946.25,9181.45,6143,9244,0.29916630265395705,0.2364175795448887,0.2609427127421202,0.2992574565552955,0.3348089819142451,0.368576255256786,0.23093984962406014,0.3858050847457627,0.11676386100000968,0.0879130095999983,0.10994930600001851,0.12154501500000947,0.1232322322500039,0.13842067445003747,0.08511504099999456,0.14231724199999007,4.361469821022326e-06,3.103260873699109e-06,4.448138301115277e-06,4.627707161653216e-06,4.692637182940803e-06,4.934488515003002e-06,3.024263211920625e-06,5.026073983051389e-06,7.114535172862128,6.001140908355355,6.4663220818842255,7.158527033863832,7.5146437570810845,8.32688819893551,5.820098846787479,8.375031117749565,0.00401926801195854,0.0028968149647283963,0.003222482701693144,0.0036974313838324746,0.004233806823392083,0.006253541793311863,0.002842716901552614,0.00749898280605622,0.009846797250116052,0.007027263102684253,0.007968916404898014,0.009732715849040379,0.011813346015559396,0.013149866481227901,0.006979436296904982,0.013287847271598423,0.3205650969171609,0.2456254808635597,0.273882273075311,0.32232945583935235,0.3700765316889171,0.40310660661114767,0.24032327177033277,0.4037231244553396,0.4664645655074602,0.34283214775095494,0.4130324679270869,0.496439740821383,0.5212501280491212,0.5546463897645145,0.32389846013663154,0.5802625554459534
jxl,85,240,80.686212801,77.5499813115,80.31994383749999,81.13248475500001,81.673175625,82.405869071,75.90772023,82.415984,31.2446364,27.61287775,29.2516685,31.953722499999998,33.06314675,34.47400115,27.490966,35.174225,0.9369377,0.8726681000000001,0.92713725,0.9491735,0.9637929999999999,0.9686158500000001,0.861878,0.970689,1.58694763183,1.496576803935,1.536527425025,1.58250170945,1.644524186825,1.678073370465,1.4672191143,1.6928305626,10752.8,8718.4,10186.0,10937.5,11655.0,12171.35,8434,12233,0.28005215603962547,0.2253954736418048,0.24128532170810313,0.26963577635819524,0.31224609375,0.3499079258429762,0.21963541666666667,0.36149527186761227,0.15598060909999276,0.11764147339994793,0.15445870074998425,0.158238327499987,0.16395193450001955,0.1855071207500174,0.11245587499990961,0.18898555100003023,4.049497638619378e-06,2.887563391278513e-06,4.078357252604489e-06,4.1979708522529935e-06,4.334116906401784e-06,4.753483083106316e-06,2.8540383747696766e-06,4.82304595864566e-06,7.465487916423806,6.332924809648375,6.825191077157675,7.581238035660917,8.068164577599696,8.546347644642095,6.10937627728276,8.572235167592758,0.0034796445837373654,0.0027474001544041432,0.0029826477590512487,0.0033309875210452964,0.003827190026598053,0.004471359656309208,0.002665688430028758,0.004510864482496629,0.009111878231456344,0.006609349096524114,0.007344707287423971,0.008864153167141094,0.01092762386610545,0.012260679825804664,0.0066081212387219534,0.012397247996750413,0.3001702083534562,0.23380118663819122,0.2540392481757262,0.2899343242802894,0.3524015986721635,0.3790274891740295,0.22824172748494137,0.3790442631635587,0.44259690890392644,0.35893710844907367,0.39627962164709085,0.4433525089557804,0.4676583857097832,0.5364354783601506,0.3421913962323073,0.5539764748265897
jxl,85,320,80.529319544,76.7022659015,79.6032567025,80.96950346,81.64557364000001,83.477744475,75.22395314,84.83179731,31.8187719,28.4486212,30.357861,32.266493,33.17049475,34.812011399999996,28.203211,35.526264,0.9375117,0.8739749,0.93354175,0.948222,0.9606625,0.968813,0.860132,0.969551,1.6332805752700001,1.50419036747,1.556378245375,1.598893404,1.694553762675,1.841196876735,1.490405798,1.8872979879,17570.9,13776.15,16677.75,18071.0,19009.5,20141.149999999998,13161,20417,0.2582464853700445,0.20202277591899948,0.21745121924493016,0.24899014157559463,0.2880575117370892,0.3326538411693112,0.19308978873239438,0.3393783244680851,0.25764050439998415,0.2005101155500256,0.23794270399997686,0.2557613039999751,0.2678241049999741,0.3211461875499822,0.1841062480000346,0.3263292699999738,3.75198848756102e-06,2.772576292988671e-06,3.7476374413140325e-06,3.9075188233560245e-06,4.101611738749127e-06,4.225132699916369e-06,2.701089319249334e-06,4.231448003111694e-06,7.904753689677355,6.638875596936073,7.163739937390988,8.19174026745142,8.441012154321605,9.003850592268268,6.3300191017289515,9.049080501765923,0.0032168268669003084,0.0024714205673974426,0.0026932919382849103,0.0031357208114506695,0.003572438407800599,0.004243349476539283,0.0023598533654125274,0.004312921811550883,0.00822990122189333,0.005889594794350321,0.006644616765261134,0.0077519240119944075,0.009537598262186928,0.011388745323774076,0.0058042542272864865,0.011503478389343241,0.27648580109586535,0.2098836424982349,0.2316960746479171,0.26211588597637026,0.31956917460003564,0.3601355419232925,0.20160624117849765,0.36416793496037414,0.4214413002593441,0.3072469973042386,0.35526366015748834,0.4417820076108225,0.461700866186305,0.5272619251722034,0.28778214066135566,0.5315337714683012
jxl,85,480,80.28026747999999,76.412868878,79.05204918,80.68335213,80.92206032,83.81073497999999,74.99213651,84.70272417,32.567018000000004,29.295049900000002,31.45966725,32.8880675,33.7109715,35.1815634,28.510456,35.836641,0.9394625,0.8765993,0.9404895,0.949824,0.95872775,0.9698038999999999,0.861599,0.970478,1.6765385150899998,1.578951364735,1.592840313875,1.68622100355,1.7591030598000001,1.77207403778,1.575097084,1.7765135765,34640.3,27379.1,30979.75,35165.5,39080.25,40435.7,26561,40721,0.22742669675579763,0.1743818257076448,0.18616150188724576,0.2230609237373255,0.25136820794148385,0.30934145841696775,0.17346525600835946,0.32013364779874215,0.537356068899993,0.42060285874999864,0.4767113502499569,0.5518412385000033,0.5736461087499976,0.6446887211500097,0.4019433050000316,0.6582658390000233,3.485107034917467e-06,2.588663562231491e-06,3.5272692267561887e-06,3.6485913028490304e-06,3.7463826329022827e-06,3.909150736869593e-06,2.55891608956578e-06,3.999391548463365e-06,8.723014789227953,7.085305073434534,8.227911311218085,9.04968952693951,9.177758583759742,9.886566053280179,6.956145383790256,10.015694792877685,0.0028456477449946556,0.0021073230256976774,0.0023405677892736412,0.002744450227961502,0.0031278434014969485,0.003996449874481196,0.002071976778575513,0.004268896216286,0.007083139200744076,0.005190582154193873,0.005418777768823208,0.006668679193645886,0.007752279331762544,0.010464107996950706,0.0051308089175986305,0.011228640039946823,0.24294847133943454,0.1841154159478794,0.19486358080201358,0.23416924894920804,0.26740990450292124,0.33613034270453673,0.18189003882673624,0.3577180054805691,0.3826618609544665,0.2754854631456713,0.303124720862495,0.38066242863401756,0.44387095519229125,0.518583248278909,0.2747103606794691,0.5569340899383773
jxl,85,720,80.288722916,76.5626650445,79.1246827475,80.3692229,81.13620212250001,84.3839321045,75.14269139,85.76845052,33.1708871,29.6547349,32.43338575,33.6703285,34.37660725,35.374323,28.218424,35.911704,0.939752,0.8755792,0.942805,0.951416,0.9571985,0.9696305000000001,0.863089,0.970445,1.73918981552,1.631691443905,1.656821847,1.72297376395,1.771726191025,1.913481503725,1.6280735731,1.9201771021,70344.9,53954.15,61651.0,69241.0,78888.5,86600.49999999999,53492,91294,0.20567051387921226,0.1465275236651114,0.17304337392930297,0.19904895793477767,0.22300727789376013,0.29442040522318086,0.13707462074620747,0.3185859854829704,1.1478083581000136,0.8912378393500034,1.025603340999993,1.1956820695000374,1.2226283387500274,1.381676931300018,0.8492075860000341,1.400140380000039,3.3037687102681895e-06,2.436549121526892e-06,3.4552168377060498e-06,3.491357077816874e-06,3.5450833297089638e-06,3.592667138094047e-06,2.415457536387777e-06,3.5965711215932544e-06,9.453212754577736,7.44493741362644,9.068934656240105,9.7113738011589,10.210533800960599,10.785263467969688,7.42590969833724,10.847719401665316,0.002577115262656082,0.0017762748633989966,0.0021702453992649487,0.0024430011949005776,0.0027837547841206784,0.0037975543044157537,0.0015981939736015587,0.004239746801581396,0.00631072794029115,0.004280308953915682,0.004912806681607675,0.005922246223912192,0.006686422563920079,0.009929969312102863,0.003970143992769799,0.011289999238900459,0.21976929665882516,0.1545566046475086,0.18024234742486997,0.21182870050606184,0.23480053015495767,0.3212904318321644,0.14492307478422178,0.3576222412237487,0.3591607031938252,0.24500316782109363,0.28207683076847656,0.3554899830454561,0.42400331535192537,0.5059178381056314,0.23125152443552274,0.560360600812932
jxl,85,1280,80.40264534,74.987550559,79.262859115,80.88486239,81.72063739,85.042508854,71.90777953,86.4317092,34.394370300000006,30.22477215,33.82896825,34.83167400000001,35.86233675,36.834671,27.656574,37.22942,0.942232,0.8829799500000001,0.94602175,0.9527455,0.961235,0.96882965,0.879438,0.970784,1.7367872834099998,1.583308947085,1.698941767225,1.7422595024,1.8025481402499999,1.859070587145,1.516567111,1.8730120659,188390.8,135422.3,161722.5,181974.0,209790.0,256451.09999999992,116336,289374,0.17525384042672804,0.11743721270375101,0.14837995194625497,0.15706475837250294,0.18060752224012755,0.2752972260850664,0.09428163900414938,0.31931276483050847,3.1511173294000003,2.4657722185500233,2.973917572750011,3.324416498000005,3.3995897375000084,3.5353935162999672,2.3201792820000264,3.599348139999961,2.8801758756099863e-06,2.135648112798834e-06,2.830618760130294e-06,3.0519393525998873e-06,3.1209512131867e-06,3.247037871172454e-06,2.1300118261604237e-06,3.2732101666251756e-06,10.690578956892622,7.903766624838018,10.40245377717146,10.99451416234488,11.14486869335908,13.013648880466063,7.533323657273978,13.812637532664008,0.0022122740316184654,0.0013924843349015876,0.0018551289679762002,0.0019551227181532514,0.002239040393191235,0.0036705192188037634,0.0010908223368114231,0.0044405871926178845,0.005253828037823307,0.0032807390805486133,0.004259902358919294,0.004454419759063998,0.005148351012648315,0.00931789934155528,0.0025324498475708026,0.011545637027583693,0.18705934319643241,0.12350203586001707,0.15948150690145813,0.16682594098265446,0.1868892652574891,0.3022757784521699,0.09897513907418637,0.3598664781158632,0.30715628259995725,0.19273781994226044,0.25813018901792273,0.2753091302187517,0.323188055366739,0.49264112326387594,0.14298443288486773,0.5811725825995981
jxl,85,2048,81.012723552,74.5338793965,79.944627115,81.288662245,83.446721275,85.738072653,70.52534016,86.50826694,35.7880719,30.88425135,35.22886775,36.1260375,37.507167,39.0197867,27.85395,39.565355,0.9460112,0.89312795,0.948427,0.9515450000000001,0.96701075,0.9720045,0.892988,0.973566,1.75847220421,1.64311287403,1.686380326725,1.7619796395499998,1.8185393512,1.880604505545,1.6369307041,1.9081025124,415172.4,259321.45,349604.25,389704.5,445409.25,643388.5999999997,217768,745202,0.15279964470889051,0.08867112827339638,0.12625666123058737,0.1351283691942854,0.16022422499719835,0.261930472552496,0.06949805964052287,0.32384317202058127,7.54919799019998,5.844558599249967,7.215906540999939,7.936115052500043,8.124753413999954,8.576235152299983,5.535141585000019,8.846966620999979,2.71733374915514e-06,1.992684373798276e-06,2.6794026713452262e-06,2.8689177556900497e-06,2.9371108125108287e-06,3.0704863695052616e-06,1.985911633859242e-06,3.10893917049086e-06,11.756684689782054,8.310596099045068,11.177326495650705,11.562562945955616,12.664125031895342,15.13515435950545,7.416233450795891,16.502337349840197,0.0019333087054991607,0.0010436983970934842,0.0015017488024640575,0.001686086888040356,0.0020011723629145615,0.003569030522773771,0.0008033689969621633,0.00459186969231034,0.004472967665057256,0.0024068503976576823,0.003304015050305226,0.0037653364350959495,0.004402293409550442,0.008817852169007403,0.0017565382552620311,0.011626472081000407,0.16278214977054378,0.09623723476571466,0.1301896804713551,0.14204081732769136,0.1679501461666243,0.28778624625277643,0.07229876936831257,0.3626512025028122,0.272833826831682,0.15195290369720044,0.20943954650522098,0.2430506632183964,0.2871399312078614,0.4921957965442489,0.1137635077009449,0.6179259701560565
webp,87,120,58.463253818,39.5555776,52.2416222425,60.566423865000004,67.55336133499999,73.104682944,36.56918671,74.94203937,32.0525417,27.8211142,28.843246999999998,32.909756,35.1281995,36.034169150000004,27.462871,36.115256,0.9588711,0.92131015,0.941704,0.966271,0.97503025,0.98757955,0.913,0.988084,2.02897089719,1.120663839585,1.3391974568,1.76997351645,2.811331629775,3.181911146639999,1.028113842,3.3952028751,4206.6,3091.7,3755.0,4263.0,4627.5,5290.999999999999,2792,5804,0.43771791269502536,0.3152083333333333,0.37572916666666667,0.4301851851851852,0.4802840909090909,0.5768518192488262,0.29083333333333333,0.6045833333333334,0.011269145099998924,0.010045344300002057,0.01090428599999882,0.011072017000003598,0.011857554999934905,0.012432848450035294,0.009644396999988203,0.012589736000052199,1.1709683641370932e-06,1.010145703125076e-06,1.1332205237265978e-06,1.155429189817275e-06,1.2346783931201915e-06,1.3310889427050732e-06,1.004624687498771e-06,1.4079128787886815e-06,5.1986535179102145,4.158505002587776,4.866358926067119,5.3584284298413305,5.566747406256143,6.029829639396051,4.003790489317712,6.1113794954374665,0.007965764819752716,0.005015784913237976,0.005790494102546751,0.006794518463341691,0.009816731184505205,0.012706247925542742,0.004868822278627259,0.01484741103991791,0.013981682362825324,0.009182060504022704,0.011175228068247087,0.012820353463993888,0.016320666751229118,0.02066368902623598,0.00887876936450694,0.021394389021132068,0.45796540234019245,0.3238208400716228,0.388719382640662,0.4470678534661783,0.5163575919637793,0.6138541057015666,0.2997289900283858,0.649065756847353,0.8852782735120975,0.49161057172299993,0.5363918487384758,0.7559421968774583,1.1615114460681526,1.527063128406207,0.47892969806499996,1.586099710286831
webp,87,160,64.360086788,42.9319920375,56.591043225,61.606251755,75.50227458250001,85.7187568805,36.73867833,86.51635403,32.6026938,28.57869955,29.51103425,33.556498,35.2221025,36.4905304,27.986482,36.696427,0.9594484,0.9267575,0.94393025,0.9636975,0.9749665000000001,0.9859222,0.921785,0.987319,2.13824909925,1.195179975015,1.49502769115,1.8179911375,2.7942878604,3.3893925785699994,1.1549772024,3.5435452461,6689.0,4779.8,6041.5,6827.0,7467.5,8325.8,4328,8972,0.393580252925684,0.27985377358490565,0.323342177672956,0.40055424528301886,0.4471410002144083,0.5085948163388198,0.25518867924528305,0.5290094339622642,0.015511462099999563,0.013393599150015234,0.014809840249981221,0.015321725499973127,0.016396015750004267,0.01752948355000683,0.012874170000031882,0.017634271000019908,9.084157407241058e-07,7.997586089341175e-07,8.638492968755559e-07,9.034036261776608e-07,9.261382230714343e-07,1.0429099373517022e-06,7.590902122660307e-07,1.045489985792872e-06,5.620062709146346,4.5044946113476065,5.235756325046942,5.66048456585877,6.051292567341716,6.628486751063344,4.2958091841284,6.648353494623656,0.006622991452087533,0.0040396826594646,0.004551542398554604,0.005854015977124309,0.00800589065516849,0.011233754254032932,0.003658079717399965,0.013164426130875368,0.012310430912988753,0.008000395020349436,0.009707175379829104,0.011927858843149031,0.014527312971637493,0.017705955161904346,0.007634427279176827,0.018053376157029774,0.41115936810876297,0.28762653763805296,0.33843323243750695,0.41082931285420576,0.4770869284599985,0.5399113477364686,0.2633311414706985,0.567098612254326,0.8360207372147223,0.4915529237794625,0.5264085786175412,0.6578054376429364,1.1590969449641861,1.4099150343878035,0.48839430361175,1.5481353650186038
webp,87,200,79.50604942300001,63.750411153,80.72233009,81.64566429,84.6307555775,85.816939263,52.18239195,86.08295697,33.0452301,29.0230952,30.285861750000002,34.030429999999996,35.386402249999996,36.76304185,28.456547,37.114342,0.9589703999999999,0.9267126,0.943892,0.9641325000000001,0.974707,0.98430095,0.922965,0.986096,2.10605915785,1.15763343573,1.3975353837,1.76983731985,2.777717411525,3.6373142480949996,1.0798033476,3.8386273384,9854.8,7073.8,9102.5,10068.0,11132.0,11932.9,6460,12220,0.36936887469376495,0.2659323308270677,0.30140728476821194,0.3863476572225265,0.4338799701957597,0.45566493564419525,0.24285714285714285,0.45939849624060153,0.022223244500003146,0.01833467205000261,0.02071622774998616,0.0226650769999992,0.02394483025001648,0.02536435630001392,0.01780144500003189,0.02629326700002821,8.296062143303291e-07,6.89273385338444e-07,7.512039569545753e-07,8.296484381065121e-07,9.121145937132272e-07,9.580441276675408e-07,6.692272556402966e-07,9.884686842115868e-07,5.815031187330398,4.828810587288649,5.38743102922489,5.781217206641773,6.298173420706798,6.757110467776711,4.707037643207856,6.7744582043343655,0.004776333196534963,0.0032319609884684628,0.003679885803672432,0.004571728678597089,0.005458354327001511,0.007074029710627332,0.003002960539782981,0.008226515942209108,0.011358355260793393,0.007576318732264174,0.008970989891890943,0.010956071342721349,0.013880713325469099,0.015559048160506017,0.0071966943432339925,0.015852299118204828,0.3858398938687956,0.2755053963417655,0.312095378171013,0.39639609839149703,0.4592199315467103,0.4842032401995846,0.2510229183924492,0.49329104400076185,0.7858366182583391,0.45164334414688806,0.4762524377981278,0.5313960722975037,1.0029145221318498,1.5313314072905473,0.4378525842497483,1.7316112985002712
webp,87,240,82.548306463,77.419672831,81.884953,82.74405146000001,84.652527825,86.2315377075,76.76487577,86.69488122,33.4235217,29.4697608,31.1067585,34.296696,35.6739415,36.92205395,29.20506,37.308851,0.9590778,0.9265691,0.9451225000000001,0.9622580000000001,0.97487075,0.98399195,0.922853,0.98675,2.1724242568000003,1.2268503367799999,1.4300364554,1.6700231433,2.7369220257,4.054022240619999,1.1560207605,4.4465317726,13245.0,9362.5,11977.0,13878.0,15244.0,15837.4,8422,15958,0.34513967741987556,0.24381510416666666,0.2757136279926335,0.3656367978821363,0.413828125,0.42487610871149506,0.21932291666666667,0.4302600472813239,0.028154006400001208,0.022826251600008618,0.02494172849999643,0.028831008999986807,0.03166782200000284,0.032699922700021485,0.02196535299998459,0.03309008800005131,7.267597062919746e-07,5.944336354168911e-07,6.955040649099328e-07,7.349807933495828e-07,7.767697494741953e-07,8.25758387757061e-07,5.720144010412654e-07,8.389841927088544e-07,6.14048774840572,5.110944151450844,5.540545446082215,6.041500567390938,6.681902190361466,7.277765285239456,5.092925430210325,7.450486820232724,0.004183709444155462,0.002958195229343107,0.0033787679949585114,0.004312401636870687,0.004871240172323397,0.005360181873876288,0.002678917636266006,0.00544905121193256,0.010472926806720757,0.006918353434630007,0.008152133019634163,0.01030037065506389,0.012729058103828291,0.014420779377424692,0.006437020531089004,0.014732380186218549,0.3603330182760131,0.253382595729386,0.28798121316687647,0.37489789680839414,0.43440621579099026,0.451588615410156,0.227588238732723,0.45326367183979566,0.7626301221434766,0.4227090695691842,0.45227184117603914,0.49758368937163816,0.915898967551912,1.6124429106872875,0.41663098839417584,1.913164970716785
webp,87,320,81.607329034,76.666597616,78.82410462749999,81.99567179,84.2383187325,85.867527104,75.53817803,86.03200691,33.923040300000004,29.9525894,32.29453875,34.6375585,35.74946875,37.1874945,29.935304,37.611615,0.9591732000000001,0.9269546,0.9476385,0.9614290000000001,0.9763539999999999,0.982446,0.923909,0.985191,2.3042227029699998,1.38530286553,1.488603591925,1.8716456890000002,2.88315629955,4.113192391359998,1.3291027546,4.5904974937,21847.4,15226.0,18573.5,23482.0,24599.0,26775.399999999998,13894,27490,0.3211743629430968,0.21618831331696958,0.2528353471451113,0.3409964715679972,0.3893051237388872,0.4084447610806079,0.20384389671361502,0.4126412429378531,0.04370923440001775,0.03526151450003567,0.038621347250000326,0.04369009600000595,0.04840373600006842,0.053107327150007676,0.03518786300003285,0.05410186900002145,6.377157006045477e-07,5.173344263502886e-07,5.519869673414098e-07,6.515833715039954e-07,6.951138289768086e-07,7.788955242525208e-07,5.16253858568557e-07,7.932730402543731e-07,6.448217226116702,5.471785487534074,5.725630852262193,6.204606648083024,7.145642328348291,7.674078585279316,5.40210667112523,7.8799481790701025,0.003934580786325109,0.0027692964390841988,0.0030847702840860842,0.004044351265073603,0.004615105166613493,0.005209623378091719,0.002611850432680188,0.005462684614579565,0.009582421157676681,0.006449477730121788,0.0071675359983166455,0.009764087044828063,0.011080104600355498,0.013551762964823907,0.005911023648677063,0.013784434690820347,0.3350947698922619,0.22646607679179745,0.2631580165058117,0.3574736797084953,0.4006817371286989,0.43217127253484733,0.21157352383334235,0.44662541758750385,0.7482059668686907,0.4135698037797031,0.4781157551199151,0.5449989694143926,0.7849309262680273,1.5737175497335765,0.39831006818438014,1.8255163237912035
webp,87,480,81.29230183600001,75.950405821,79.2974258875,82.11949541999999,83.913053085,85.0510952585,75.04353442,85.15870541,34.5546245,30.45862985,33.86829525,34.89757,36.10632175,37.4023281,29.815853,37.740837,0.9588903,0.9246453499999999,0.9508685,0.9601495,0.9768125000000001,0.98109055,0.921638,0.984016,2.43715797661,1.398790013745,1.473605424125,2.1604284048,2.8242579102249996,4.5871880531499984,1.3607435226,5.3410458565,44119.4,29798.8,35183.0,46102.0,51823.0,55944.7,28672,56932,0.28946559254433407,0.18321761651282142,0.2241908650937689,0.29400336346558525,0.3535666991818404,0.39325686845685215,0.17991689750692522,0.41080188679245283,0.09002450939998993,0.06874240594997047,0.07568129624998221,0.08864436650000584,0.09849988750004002,0.1177410038499687,0.06593922499996552,0.11966553999997132,5.881821750041523e-07,4.0120075427039404e-07,4.857967280562731e-07,6.193131298425469e-07,6.619983464618628e-07,7.619176366839216e-07,3.8053569367477793e-07,7.815147596654344e-07,6.998378762291351,5.669448178997462,6.1752631006156635,6.7538298251706586,7.809666404055848,8.624899349158808,5.64452482106633,8.80459327687965,0.003562822007160199,0.002328914469448125,0.002788789510773152,0.003494535538289282,0.00426799213105468,0.005013984499164445,0.002246219440148196,0.005474180953328995,0.00848517873676958,0.005314915510679827,0.006289654809141021,0.008297234313081627,0.010006512059014105,0.012783309286826437,0.005273514883102965,0.01377796861261869,0.30201448969902245,0.1922244869474032,0.2331555328099884,0.30814620875682563,0.36622684444640574,0.4151852566050908,0.18952266422026512,0.44573019644638445,0.7283778984458955,0.39034685626443794,0.4571901720352937,0.4914459856401326,0.5998224001292752,1.7393665976215182,0.3708362379574562,1.93036824314194
webp,87,720,80.509639122,74.10832631,77.77422445,81.90931448500001,83.28893608749999,84.579025057,73.42140113,84.78433213,35.0850783,30.7693126,34.87075275,35.7268345,36.387495,37.57864735,29.437174,37.883332,0.9578559,0.9234851000000001,0.9514585,0.9595425,0.9745185000000001,0.9798718,0.920651,0.982255,2.7104247689200003,1.46179828645,1.5816133320249999,2.35625231265,3.062594354125,5.289443206784998,1.4157617092,6.0430984497,90805.0,58561.9,72095.5,95398.0,110011.5,119272.2,54736,122118,0.26533808249624513,0.15965736945991588,0.20904517513337972,0.26195299974920416,0.3125080864605816,0.385471579802282,0.14026240262402623,0.42615159128978225,0.1823712020000073,0.14028385309999863,0.1484148552500102,0.18526765100000375,0.20365395175002732,0.23494450029998004,0.13815138500001467,0.24396416799999088,5.296216712697863e-07,3.724332085383262e-07,4.0820146500234266e-07,5.685369664812841e-07,6.178770665741446e-07,6.831022326704279e-07,3.661598067855141e-07,7.107826179508662e-07,7.513414323021685,5.840834574687764,6.592055345760418,7.360104065715737,8.116238258154592,9.63797683194778,5.551523935865311,10.465543700672319,0.0033082844632509644,0.0020520724911995136,0.002666108496189354,0.0031549291700224778,0.0038353740458788453,0.004974332997872366,0.0017293340993824152,0.005804187671864744,0.0077043085606855275,0.004471480109954576,0.00591986302646607,0.007214448247741226,0.008904530194706979,0.012397955374827819,0.003876525910246675,0.01447664749645405,0.27731964470850384,0.16734674162032628,0.2203164486068229,0.27069434698167255,0.3234204395981004,0.40840209181501885,0.14681827924725385,0.4628807129843798,0.7498389896029469,0.418492803765295,0.4450867976741836,0.4771321142806721,0.5190499061583839,1.8991368060097193,0.399160009772747,1.9298799595720402
webp,87,1280,79.603447973,72.06809393350001,76.3898325375,81.854813225,82.75149670500001,83.41402918,70.86002383,83.6750794,36.0877104,31.56233995,35.310049,36.686775,37.743832749999996,38.5953721,29.246311,38.804857,0.9572915,0.92761405,0.950832,0.9608369999999999,0.970506,0.9765680999999999,0.925306,0.97926,2.80251531601,1.739964479225,1.7770123184000002,2.2750997543,3.079952478425,5.218498086924999,1.7380509377,5.7403001785,243154.0,147715.9,191448.5,243621.0,279422.0,358822.29999999993,114820,396580,0.22618467827410454,0.12881292690653173,0.17575692200352527,0.2135267555393094,0.2591712827895605,0.3599881679145,0.09305303423236515,0.4376103460451977,0.5035406761000104,0.3906358473999916,0.44384914550002463,0.4620119980000368,0.5604054570000017,0.6741545023500094,0.35513276799997584,0.7054727010000192,4.6368765746230313e-07,3.2870381029564714e-07,3.998710581760586e-07,4.1841823360385906e-07,5.296472466333271e-07,6.431954573227796e-07,2.878085840248767e-07,7.016647951977374e-07,8.604269991190494,6.165060483724899,7.4599350185970374,8.514873806291149,9.168823409263076,11.842874149357899,5.496868223309295,13.995009580212507,0.0028753850021464274,0.001589874605384197,0.0023487849742233587,0.002587450265649739,0.0031048383629081527,0.004856089954868307,0.0011487413545341514,0.006175701367178015,0.006470771980190883,0.0034770153105226596,0.0048792789036292295,0.005611353097822094,0.007006300272912717,0.011698405428255119,0.002397973898792235,0.014962924590564523,0.23678516561320384,0.13517049336716336,0.18612358391942485,0.21965668897979007,0.2653274996238102,0.3837959875232431,0.09722617616575153,0.4729358137148119,0.6807669679086434,0.31909659239946836,0.39327745084710836,0.42027181449716133,0.5267360987578247,1.7873505964848615,0.27476334216209153,2.00457920560282
webp,87,2048,79.212628845,72.602246048,76.50959609750001,80.635672685,81.9611412,83.1044554825,70.77510869,83.24729914,37.1687116,32.43479105,36.5347705,37.7426045,38.750705249999996,39.990474049999996,29.451755,40.750232,0.9586108,0.9318342500000001,0.9540635000000001,0.964127,0.96769025,0.9744952,0.931598,0.976243,2.73121603727,1.765664166205,1.892821788775,2.5131661891999997,2.989119827775,4.5596816777999996,1.7244096994,4.6679058075,528246.0,280623.6,407325.0,502442.0,574656.0,885321.9999999997,206514,1018954,0.19489208523063953,0.09663410526337193,0.1472486118341142,0.1728330807341373,0.22096781049140712,0.3507869646085382,0.06590647977941176,0.44280785009039075,1.2022853305000012,0.8506741003999849,1.0279234534999802,1.1974915025000143,1.3484637102500443,1.6071633073499922,0.7481907709999973,1.7116481850000014,4.3498657300511784e-07,2.900872184311107e-07,3.7159590400687583e-07,4.294488175878088e-07,4.924083523600644e-07,5.994250619423189e-07,2.387761600668905e-07,6.429302113753222e-07,9.7382610697928,6.290392929238884,8.269885810084997,9.310728929128967,10.196883051045873,14.632589387614548,5.423789493932013,17.40163378753983,0.002502372843100496,0.001202648830470806,0.0018717684301883936,0.0022164496381574398,0.0026839750906397296,0.004759276323282631,0.0008194053148783823,0.006256547793235057,0.00549441614863015,0.002487541774049438,0.003958662854444078,0.0045152177997657625,0.005811412561247405,0.011241560863879972,0.001617327719248611,0.015035024231676204,0.20395456581617527,0.10247292023280577,0.1537624017014932,0.17938589664910293,0.22819783977910235,0.37234595094175665,0.06846110594785601,0.47505302421503465,0.5907173940932171,0.23128618364772602,0.33088027036492684,0.3545258953780704,0.49592166762934753,1.611648860081125,0.18347951753237937,2.0669853350435248
