format,quality,resolution,ssimulacra2_mean,ssimulacra2_p05,ssimulacra2_p25,ssimulacra2_p50,ssimulacra2_p75,ssimulacra2_p95,ssimulacra2_min,ssimulacra2_max,psnr_mean,psnr_p05,psnr_p25,psnr_p50,psnr_p75,psnr_p95,psnr_min,psnr_max,ssim_mean,ssim_p05,ssim_p25,ssim_p50,ssim_p75,ssim_p95,ssim_min,ssim_max,butteraugli_mean,butteraugli_p05,butteraugli_p25,butteraugli_p50,butteraugli_p75,butteraugli_p95,butteraugli_min,butteraugli_max,file_size_mean,file_size_p05,file_size_p25,file_size_p50,file_size_p75,file_size_p95,file_size_min,file_size_max,bits_per_pixel_mean,bits_per_pixel_p05,bits_per_pixel_p25,bits_per_pixel_p50,bits_per_pixel_p75,bits_per_pixel_p95,bits_per_pixel_min,bits_per_pixel_max,encoding_time_mean,encoding_time_p05,encoding_time_p25,encoding_time_p50,encoding_time_p75,encoding_time_p95,encoding_time_min,encoding_time_max,encoding_time_per_pixel_mean,encoding_time_per_pixel_p05,encoding_time_per_pixel_p25,encoding_time_per_pixel_p50,encoding_time_per_pixel_p75,encoding_time_per_pixel_p95,encoding_time_per_pixel_min,encoding_time_per_pixel_max,compression_ratio_mean,compression_ratio_p05,compression_ratio_p25,compression_ratio_p50,compression_ratio_p75,compression_ratio_p95,compression_ratio_min,compression_ratio_max,bits_per_ssimulacra2_per_pixel_mean,bits_per_ssimulacra2_per_pixel_p05,bits_per_ssimulacra2_per_pixel_p25,bits_per_ssimulacra2_per_pixel_p50,bits_per_ssimulacra2_per_pixel_p75,bits_per_ssimulacra2_per_pixel_p95,bits_per_ssimulacra2_per_pixel_min,bits_per_ssimulacra2_per_pixel_max,bits_per_psnr_per_pixel_mean,bits_per_psnr_per_pixel_p05,bits_per_psnr_per_pixel_p25,bits_per_psnr_per_pixel_p50,bits_per_psnr_per_pixel_p75,bits_per_psnr_per_pixel_p95,bits_per_psnr_per_pixel_min,bits_per_psnr_per_pixel_max,bits_per_ssim_per_pixel_mean,bits_per_ssim_per_pixel_p05,bits_per_ssim_per_pixel_p25,bits_per_ssim_per_pixel_p50,bits_per_ssim_per_pixel_p75,bits_per_ssim_per_pixel_p95,bits_per_ssim_per_pixel_min,bits_per_ssim_per_pixel_max,bits_per_butteraugli_per_pixel_mean,bits_per_butteraugli_per_pixel_p05,bits_per_butteraugli_per_pixel_p25,bits_per_butteraugli_per_pixel_p50,bits_per_butteraugli_per_pixel_p75,bits_per_butteraugli_per_pixel_p95,bits_per_butteraugli_per_pixel_min,bits_per_butteraugli_per_pixel_max
avif,65,120,76.4,70.39,74.11,76.46,79.17,82.32,55.53,85.92,36.41,34.38,35.33,36.32,37.33,38.35,33.99,41.13,0.982,0.967,0.979,0.9843,0.9887,0.9911,0.9218,0.9971,1.414,1.079,1.249,1.379,1.548,1.858,0.8952,2.072,3978,1922,3001,3844,4855,6490,1215,7318,3.243,1.669,2.501,3.176,3.955,5.003,1.012,6.098,0.1344,0.08702,0.1132,0.1342,0.1544,0.1841,0.04317,0.211,1.368e-05,9.165e-06,1.205e-05,1.371e-05,1.551e-05,1.777e-05,4.497e-06,1.911e-05,5.533,4.008,4.663,5.537,6.232,7.4,3.598,8.868,0.0428,0.02183,0.0317,0.04134,0.05396,0.06518,0.01337,0.0818,0.09015,0.04234,0.06744,0.08671,0.1122,0.1428,0.02462,0.1774,3.3,1.691,2.555,3.217,4.028,5.054,1.015,6.139,4.477,2.52,3.628,4.446,5.251,6.718,1.093,7.997
avif,65,160,78.99,72,75.28,77.9,82.58,87.29,62.07,88.33,36.68,34.48,35.63,36.61,37.59,38.61,34.2,41.5,0.9813,0.9672,0.9784,0.9836,0.9879,0.9908,0.9111,0.9968,1.477,1.122,1.341,1.463,1.643,1.818,0.8592,1.949,6376,3020,4835,6285,7728,1.054e+04,1613,12650,2.937,1.422,2.212,2.871,3.646,4.626,0.7608,5.967,0.2209,0.1369,0.1858,0.2244,0.2526,0.2882,0.06959,0.3529,1.271e-05,8.08e-06,1.103e-05,1.276e-05,1.45e-05,1.686e-05,4.103e-06,1.849e-05,6.006,4.185,4.926,5.825,6.828,8.525,3.673,10.58,0.03749,0.01871,0.02734,0.03539,0.04733,0.05832,0.009821,0.08044,0.08112,0.03704,0.05849,0.07874,0.1019,0.1339,0.01834,0.1705,2.991,1.447,2.262,2.928,3.703,4.702,0.7633,6.01,4.21,2.375,3.438,4.265,5.076,5.887,0.9285,7.04
avif,65,200,85.15,79.84,84.68,85.75,86.45,87.57,69.41,88.66,36.87,34.6,35.88,36.69,37.72,38.89,34.28,41.76,0.9806,0.9662,0.9765,0.9822,0.9869,0.9902,0.9155,0.997,1.54,1.197,1.399,1.552,1.667,1.944,0.9502,2.212,9125,4034,6915,9044,1.103e+04,1.554e+04,2065,18074,2.68,1.208,1.985,2.62,3.326,4.33,0.6211,5.436,0.2896,0.1732,0.2396,0.2924,0.3349,0.4225,0.09662,0.484,1.062e-05,6.937e-06,8.979e-06,1.07e-05,1.249e-05,1.433e-05,3.632e-06,1.571e-05,6.471,4.474,5.351,6.314,7.334,9.459,3.954,11.74,0.03147,0.01464,0.02328,0.03039,0.03876,0.05031,0.007005,0.06245,0.07371,0.03107,0.05303,0.07087,0.0938,0.1254,0.01487,0.1537,2.732,1.245,2.026,2.666,3.393,4.387,0.6229,5.472,4,2.031,3.17,4.075,4.825,5.764,0.8891,6.395
avif,65,240,85.09,82.12,84.24,85.47,86.24,87.38,78.73,88.66,37,34.8,35.99,36.87,37.84,39.13,34.36,42.23,0.9798,0.9656,0.9761,0.9808,0.9858,0.9903,0.9121,0.997,1.645,1.28,1.463,1.64,1.79,2.073,0.9351,2.205,1.227e+04,5387,9033,1.209e+04,1.505e+04,2.185e+04,2477,24598,2.5,1.073,1.82,2.451,3.099,4.173,0.516,5.125,0.4393,0.2663,0.3659,0.4396,0.5225,0.6173,0.1166,0.7083,1.118e-05,7.219e-06,9.475e-06,1.12e-05,1.331e-05,1.537e-05,3.037e-06,1.675e-05,6.877,4.721,5.658,6.69,7.782,10.92,4.158,12.82,0.02931,0.01341,0.02168,0.02871,0.03621,0.04821,0.005821,0.05847,0.06855,0.02775,0.04783,0.06572,0.08626,0.1201,0.01222,0.1482,2.55,1.121,1.862,2.488,3.144,4.232,0.5176,5.175,3.982,1.967,3.162,4.002,4.771,6.183,0.8324,6.847
avif,65,320,84.45,81.82,83.67,84.65,85.65,86.68,77.56,87.47,37.26,35.18,36.26,37.16,38.11,39.56,34.2,42.78,0.9788,0.9673,0.975,0.9798,0.9843,0.9899,0.9122,0.9967,1.742,1.3,1.576,1.746,1.891,2.247,1.063,2.548,1.986e+04,7862,1.436e+04,1.886e+04,2.422e+04,3.715e+04,3305,42307,2.279,0.8914,1.633,2.189,2.821,3.882,0.3879,4.966,0.7077,0.4091,0.5708,0.7106,0.8254,1.028,0.1627,1.257,1.013e-05,6.002e-06,8.375e-06,1.012e-05,1.204e-05,1.41e-05,2.387e-06,1.63e-05,7.44,4.972,6.044,7.037,8.449,12.56,4.223,14.65,0.02692,0.0105,0.01968,0.02598,0.03291,0.04569,0.004475,0.05702,0.06213,0.0224,0.04277,0.05935,0.07784,0.1103,0.009068,0.1425,2.327,0.9147,1.681,2.235,2.866,3.956,0.3892,5.016,3.815,1.874,3.052,3.803,4.637,5.853,0.7151,7.047
avif,65,480,83.67,80.5,82.71,83.74,85.08,86.42,76.88,87.67,37.59,35.5,36.53,37.51,38.46,40.01,34.28,43.8,0.977,0.9645,0.9735,0.9773,0.9827,0.9884,0.9163,0.9962,1.883,1.439,1.709,1.852,2.027,2.338,1.116,2.769,3.877e+04,1.274e+04,2.699e+04,3.79e+04,4.769e+04,7.301e+04,5047,87515,1.982,0.6644,1.41,1.953,2.48,3.584,0.2637,4.572,1.462,0.8329,1.169,1.454,1.735,2.149,0.3255,2.583,9.324e-06,5.951e-06,7.495e-06,9.401e-06,1.111e-05,1.345e-05,2.126e-06,1.491e-05,8.454,5.184,6.775,7.711,9.57,15.17,4.433,19.58,0.02362,0.008245,0.01703,0.02343,0.02931,0.04134,0.003008,0.05273,0.05365,0.01669,0.0366,0.05263,0.06852,0.1007,0.00602,0.1295,2.028,0.6853,1.438,1.999,2.534,3.636,0.2647,4.624,3.582,1.447,2.698,3.592,4.333,5.874,0.5847,7.346
avif,65,720,82.77,78.93,81.72,82.62,84.2,85.85,75.7,87.57,37.9,35.75,37.08,37.74,38.63,40.55,34.39,44.44,0.9746,0.9585,0.9718,0.9762,0.98,0.9873,0.9153,0.9952,1.968,1.583,1.802,1.972,2.143,2.355,1.166,2.54,7.798e+04,2.488e+04,5.29e+04,7.284e+04,9.683e+04,1.429e+05,8128,194674,1.772,0.5771,1.237,1.669,2.225,3.504,0.1885,4.478,3.042,1.645,2.435,3.068,3.677,4.603,0.6127,5.033,8.629e-06,4.769e-06,6.845e-06,8.8e-06,1.049e-05,1.237e-05,1.777e-06,1.368e-05,9.539,5.573,7.139,8.53,10.22,16.67,4.314,27.14,0.02132,0.007207,0.01514,0.02029,0.02679,0.04242,0.002162,0.05256,0.04764,0.01451,0.03207,0.04428,0.05999,0.09964,0.004243,0.1271,1.817,0.5993,1.275,1.72,2.272,3.582,0.1895,4.514,3.35,1.216,2.582,3.243,3.934,5.411,0.4172,8.083
avif,65,1280,81.23,76.21,79.99,81.45,82.79,85.32,73.95,87.13,38.42,36.13,37.63,38.34,39.01,40.84,35.02,44.49,0.9694,0.9429,0.9646,0.9727,0.9782,0.9862,0.9216,0.994,2.213,1.809,1.987,2.162,2.356,2.801,1.537,3.329,1.999e+05,5.77e+04,1.341e+05,1.813e+05,2.424e+05,4.376e+05,17663,539750,1.442,0.4238,0.982,1.318,1.776,3.272,0.1297,3.932,8.675,4.247,6.683,8.372,10.32,13.52,1.745,16.05,7.798e-06,3.898e-06,6.087e-06,7.632e-06,9.265e-06,1.22e-05,1.602e-06,1.461e-05,11.98,5.864,8.484,10.27,12.58,22.88,4.721,45.37,0.01764,0.005479,0.01231,0.01625,0.0209,0.03833,0.001509,0.04806,0.03827,0.01068,0.02553,0.0344,0.04654,0.08945,0.002916,0.11,1.484,0.4473,1.018,1.354,1.817,3.315,0.1308,4.007,3.049,0.9663,2.234,2.948,3.592,5.643,0.306,7.86
avif,65,2048,79.78,72.67,78.95,80.5,81.74,84.13,69.12,86.56,38.83,36.71,37.9,38.87,39.38,40.8,35.27,44.61,0.965,0.9251,0.9594,0.9709,0.9758,0.9832,0.8952,0.9938,2.342,1.943,2.136,2.311,2.565,2.759,1.6,3.574,4.15e+05,1.103e+05,2.718e+05,3.745e+05,5.072e+05,9.4e+05,40114,1105867,1.179,0.3194,0.7772,1.091,1.403,2.55,0.116,3.81,19.62,10.07,15.76,18.65,22.99,31.26,4.339,35.24,6.948e-06,3.64e-06,5.797e-06,6.64e-06,8.167e-06,1.096e-05,1.569e-06,1.311e-05,14.01,6.747,9.58,11.72,15.14,30.7,5.043,66.9,0.01467,0.004068,0.009615,0.01348,0.01757,0.03076,0.001379,0.04782,0.03096,0.007668,0.01956,0.02791,0.03688,0.06855,0.002631,0.108,1.219,0.3354,0.7995,1.128,1.441,2.615,0.1176,3.936,2.638,0.7961,1.834,2.472,3.164,5.024,0.3233,8.548
jpeg,85,120,51.83,33.48,42.78,51.41,61.44,71.64,-12.41,83.61,30.89,26.96,28.96,31.02,32.79,35.09,25.77,37.33,0.9473,0.8916,0.9382,0.9551,0.9677,0.9763,0.8181,0.9909,2.204,1.53,1.734,2.04,2.505,3.232,1.336,4.801,4383,2750,3770,4327,4937,6050,1873,6497,3.575,2.449,3.118,3.569,4.059,4.753,1.561,5.368,0.002725,0.002373,0.00253,0.002683,0.0028,0.002983,0.002118,0.005478,2.794e-07,2.329e-07,2.558e-07,2.76e-07,2.915e-07,3.36e-07,2.096e-07,5.072e-07,4.777,4.098,4.514,4.794,5.076,5.37,3.168,5.863,0.07378,0.04017,0.05211,0.06797,0.09202,0.1283,0.02591,0.1575,0.1181,0.07564,0.09435,0.1146,0.1363,0.1759,0.04181,0.2083,3.779,2.647,3.244,3.776,4.202,5.041,1.575,5.617,7.869,4.574,5.986,7.142,9.483,12.28,2.085,18.43
jpeg,85,160,59.51,34.87,47.8,57.82,75.12,82.37,26.07,83.57,31.27,27.31,29.28,31.2,32.88,35.5,26.22,37.9,0.9477,0.8954,0.9389,0.9539,0.9679,0.9749,0.8194,0.9916,2.388,1.711,1.87,2.159,2.791,3.662,1.566,5.319,7017,4056,5901,7057,7983,9890,2613,11266,3.233,2.051,2.769,3.218,3.765,4.347,1.233,5.314,0.003166,0.002666,0.002951,0.003111,0.00327,0.003494,0.002325,0.00648,1.831e-07,1.547e-07,1.704e-07,1.775e-07,1.895e-07,2.142e-07,1.347e-07,3.821e-07,5.158,4.395,4.875,5.163,5.487,6.022,3.614,6.662,0.06013,0.0293,0.04022,0.05198,0.07418,0.1217,0.02009,0.1763,0.1057,0.06329,0.08404,0.1043,0.1243,0.1552,0.03252,0.2027,3.416,2.188,2.89,3.42,3.951,4.518,1.243,5.55,7.706,4.72,5.774,6.663,9.251,13.44,1.971,18.07
jpeg,85,200,78.6,72.78,77.53,79.31,81.64,83.5,42.42,84.38,31.61,27.84,29.57,31.6,33.58,35.75,26.23,38.67,0.9483,0.8959,0.9406,0.9538,0.9664,0.9753,0.8247,0.9919,2.476,1.719,1.934,2.316,2.944,3.648,1.595,4.841,1.023e+04,5901,8503,1.029e+04,1.158e+04,1.486e+04,3480,17101,3.003,1.846,2.557,2.989,3.498,3.968,1.047,5.143,0.00368,0.003173,0.00348,0.003694,0.003896,0.004088,0.002811,0.004608,1.356e-07,1.184e-07,1.294e-07,1.356e-07,1.421e-07,1.508e-07,1.057e-07,1.782e-07,5.442,4.558,5.081,5.435,5.846,6.345,3.937,7.262,0.03866,0.02339,0.03144,0.03846,0.04444,0.05172,0.0124,0.08165,0.09716,0.05247,0.0759,0.09585,0.1151,0.1397,0.02707,0.1924,3.172,1.953,2.663,3.2,3.679,4.186,1.055,5.369,7.419,4.179,5.394,6.653,8.95,13.15,1.67,15.01
jpeg,85,240,79.07,73.63,77.54,79.57,81.59,83.18,58.05,84.38,31.88,27.98,29.86,31.83,33.85,36.34,26.45,39.37,0.9485,0.8983,0.9413,0.955,0.9661,0.9752,0.8272,0.9935,2.486,1.79,1.975,2.22,2.793,3.904,1.673,5.052,1.383e+04,7893,1.145e+04,1.39e+04,1.576e+04,2.084e+04,4359,24072,2.815,1.654,2.385,2.817,3.305,3.838,0.9081,4.984,0.004438,0.00365,0.00417,0.004427,0.004638,0.005246,0.003292,0.006869,1.134e-07,9.5e-08,1.07e-07,1.124e-07,1.185e-07,1.353e-07,8.66e-08,1.789e-07,5.723,4.735,5.302,5.691,6.157,6.83,4.284,7.832,0.03587,0.02078,0.02955,0.03636,0.04211,0.04982,0.01083,0.07676,0.09041,0.04743,0.06963,0.08989,0.1078,0.133,0.02307,0.1884,2.974,1.742,2.512,2.979,3.471,4.061,0.914,5.214,7.016,3.903,4.996,6.328,8.32,12.22,1.554,16.82
jpeg,85,320,78.94,72.94,77.58,79.2,81.44,82.89,64.31,85.19,32.33,28.21,30.47,32.11,34.23,36.94,27.09,40.31,0.949,0.902,0.9425,0.9538,0.9662,0.9755,0.8303,0.9941,2.644,1.82,2.127,2.349,3.113,4.074,1.71,5.51,2.301e+04,1.251e+04,1.897e+04,2.331e+04,2.661e+04,3.504e+04,6442,40981,2.639,1.475,2.215,2.63,3.119,3.658,0.7561,4.765,0.006221,0.005108,0.005786,0.006304,0.006583,0.007261,0.004119,0.008387,8.939e-08,7.707e-08,8.385e-08,9.011e-08,9.396e-08,1.011e-07,6.475e-08,1.23e-07,5.965,4.827,5.414,5.848,6.429,7.616,4.316,8.527,0.03368,0.01852,0.0279,0.03324,0.03954,0.04715,0.008876,0.0741,0.08361,0.04245,0.06498,0.08289,0.09994,0.1256,0.01876,0.1759,2.787,1.542,2.358,2.773,3.295,3.868,0.7606,4.959,6.975,3.948,4.946,6.256,8.187,12.04,1.293,15.8
jpeg,85,480,78.91,73.15,77.5,79.19,81.25,82.64,67.53,86.36,33.02,28.57,31.27,32.88,34.73,37.63,26.91,41.72,0.9502,0.904,0.9423,0.955,0.9665,0.9759,0.8329,0.9947,2.764,1.944,2.173,2.462,3.034,4.521,1.742,5.441,4.678e+04,2.43e+04,3.789e+04,4.733e+04,5.472e+04,7.295e+04,11459,88739,2.388,1.244,1.911,2.338,2.861,3.392,0.5987,4.593,0.01102,0.008726,0.01042,0.01107,0.01174,0.01282,0.007175,0.01448,7.044e-08,5.904e-08,6.751e-08,7.052e-08,7.447e-08,7.97e-08,4.94e-08,8.818e-08,6.399,5.158,5.738,6.186,6.869,8.601,4.63,9.984,0.0305,0.01486,0.02402,0.03016,0.03661,0.04535,0.006932,0.06802,0.07421,0.03249,0.05609,0.07363,0.09074,0.1156,0.01435,0.1641,2.52,1.282,2.022,2.465,3.042,3.624,0.6019,4.755,6.638,3.209,4.642,5.902,8.166,12.87,1.143,15.97
jpeg,85,720,78.79,72.37,77.49,79.1,81.02,82.54,67.24,86.11,33.69,29.82,32.01,33.44,35.36,38.36,26.3,42.85,0.9508,0.9073,0.9417,0.9544,0.9658,0.9755,0.8377,0.9942,2.898,2.017,2.265,2.697,3.277,4.595,1.903,6.041,9.729e+04,4.798e+04,7.572e+04,9.766e+04,1.158e+05,1.477e+05,21177,192758,2.207,1.111,1.745,2.155,2.686,3.284,0.4912,4.434,0.02148,0.01714,0.01991,0.02142,0.02302,0.02616,0.0128,0.03218,6.082e-08,5.057e-08,5.783e-08,6.178e-08,6.471e-08,6.724e-08,4.099e-08,7.067e-08,6.786,5.432,6.003,6.483,7.321,9.535,4.657,12.47,0.02823,0.01362,0.02168,0.02721,0.03421,0.044,0.005704,0.0618,0.06738,0.02846,0.04948,0.06552,0.0837,0.1136,0.01147,0.1547,2.327,1.152,1.836,2.257,2.822,3.563,0.4941,4.586,6.402,2.557,4.552,5.892,7.942,11.58,1.046,16.3
jpeg,85,1280,79.31,74.11,78.27,79.93,81.4,82.73,66.37,86.21,35.03,30.43,33.48,34.69,36.54,39.62,26.97,43.67,0.9525,0.9115,0.9447,0.9563,0.9654,0.9754,0.8659,0.9913,2.854,2.096,2.325,2.571,3.216,4.215,1.947,6.409,2.711e+05,1.258e+05,2.111e+05,2.666e+05,3.219e+05,4.37e+05,54999,552687,1.947,1.044,1.562,1.909,2.303,2.987,0.4039,4.026,0.06247,0.04733,0.05676,0.06218,0.06818,0.07941,0.03473,0.09239,5.587e-08,4.6e-08,5.29e-08,5.704e-08,5.984e-08,6.256e-08,3.529e-08,6.749e-08,7.391,5.79,6.425,7.046,7.901,10.54,4.918,14.74,0.02475,0.01261,0.01932,0.02373,0.02866,0.04324,0.004685,0.05295,0.0573,0.02676,0.04249,0.05406,0.06917,0.1047,0.009249,0.1344,2.049,1.095,1.632,1.989,2.425,3.216,0.4075,4.185,5.577,2.194,4.157,5.066,6.943,9.692,0.9169,16.76
jpeg,85,2048,79.99,73.42,78.86,80.4,81.66,83.8,66.43,85.84,36.34,31.78,34.67,36.51,37.92,41.05,28.12,43.69,0.9543,0.906,0.9474,0.9617,0.9679,0.9776,0.8678,0.9907,2.8,2.043,2.321,2.674,3.127,4.17,1.827,5.186,6.163e+05,3.325e+05,4.774e+05,6.004e+05,7.333e+05,1.004e+06,126726,1209635,1.743,0.918,1.381,1.681,2.015,2.895,0.3665,3.468,0.1527,0.1167,0.1394,0.1524,0.165,0.1943,0.08204,0.2293,5.381e-08,4.291e-08,5.089e-08,5.443e-08,5.76e-08,6.058e-08,3.381e-08,7.304e-08,7.718,5.889,6.837,7.386,8.228,10.36,5.353,14.12,0.02195,0.01087,0.01732,0.02082,0.02507,0.03725,0.00427,0.05112,0.04936,0.02229,0.03693,0.04609,0.05807,0.08967,0.008388,0.1208,1.83,0.9486,1.455,1.744,2.101,3.035,0.3712,3.759,4.904,1.961,3.596,4.514,6.09,8.466,0.8656,16.85
jxl,85,120,52,34.07,42.76,51.26,61.59,73.22,-3.5,82.45,31.1,27.05,29.1,31.11,33.1,35.56,24.26,37.76,0.9522,0.8899,0.9446,0.9592,0.9721,0.9797,0.8664,0.9933,1.519,1.427,1.477,1.511,1.549,1.636,1.366,1.719,3323,2136,2901,3314,3762,4427,1175,4915,2.71,1.78,2.401,2.681,3.088,3.602,0.9792,3.775,0.05487,0.04803,0.052,0.05428,0.05785,0.06239,0.03457,0.07111,5.604e-06,5.048e-06,5.399e-06,5.563e-06,5.819e-06,6.214e-06,4.065e-06,7.081e-06,6.295,5.304,5.936,6.292,6.718,7.259,4.322,7.997,0.05626,0.02929,0.03841,0.0526,0.07227,0.09709,0.01733,0.1175,0.08919,0.04992,0.07329,0.08621,0.1047,0.1303,0.0266,0.1525,2.853,1.908,2.508,2.823,3.222,3.756,0.9858,4.039,4.127,2.822,3.57,4.182,4.658,5.465,1.426,6.296
jxl,85,160,59.95,37.35,46.04,58.57,75.05,82.09,25.18,85.13,31.57,27.25,29.53,31.56,33.62,36.34,24.64,38.38,0.9526,0.8921,0.9439,0.9594,0.9718,0.9808,0.8659,0.995,1.541,1.445,1.504,1.539,1.58,1.657,1.164,1.932,5448,3431,4682,5462,6312,7396,1885,8244,2.512,1.673,2.193,2.489,2.879,3.395,0.8892,3.889,0.08257,0.07144,0.0782,0.08175,0.08595,0.09907,0.0509,0.1327,4.754e-06,4.328e-06,4.535e-06,4.762e-06,4.922e-06,5.312e-06,3.439e-06,5.839e-06,6.62,5.498,6.193,6.606,7.061,7.837,4.466,9.121,0.04654,0.02299,0.0305,0.03952,0.06095,0.08175,0.01466,0.1228,0.08157,0.04661,0.06457,0.08073,0.09628,0.1192,0.02317,0.1578,2.643,1.775,2.25,2.684,3.022,3.557,0.8936,4.123,3.886,2.331,3.398,3.924,4.4,5.173,1.218,7.215
jxl,85,200,79.64,72.14,78.19,80.73,82.28,85.5,45.26,87.19,31.93,27.24,30.02,31.88,33.98,36.64,25.26,38.68,0.9529,0.8985,0.9438,0.9602,0.9709,0.9812,0.8637,0.9948,1.562,1.429,1.521,1.561,1.6,1.691,1.371,1.757,7827,5003,6654,7942,8982,1.08e+04,2458,12234,2.3,1.512,2.009,2.315,2.667,3.091,0.7392,3.679,0.1271,0.1034,0.122,0.1279,0.1338,0.1434,0.07117,0.1734,4.667e-06,4.157e-06,4.5e-06,4.704e-06,4.875e-06,5.128e-06,3.149e-06,5.389e-06,7.069,5.849,6.595,7.07,7.519,8.383,4.566,9.46,0.02923,0.01769,0.02411,0.02983,0.03358,0.04035,0.008549,0.05999,0.07388,0.04164,0.05846,0.07308,0.08737,0.1063,0.01915,0.1457,2.42,1.541,2.052,2.487,2.814,3.232,0.7431,3.892,3.599,2.31,3.104,3.699,4.15,4.751,1.052,5.881
jxl,85,240,79.92,72.73,78.49,80.17,81.98,85.4,59.2,87.43,32.2,27.49,30.36,31.94,34.11,37.09,25.81,39.22,0.9533,0.8983,0.9445,0.9596,0.9706,0.982,0.8619,0.995,1.569,1.465,1.53,1.56,1.604,1.696,1.352,1.809,1.058e+04,6324,8900,1.073e+04,1.21e+04,1.52e+04,3113,17447,2.155,1.358,1.865,2.155,2.485,2.893,0.6485,3.635,0.1708,0.143,0.1622,0.1674,0.1835,0.2055,0.09899,0.2306,4.348e-06,3.885e-06,4.224e-06,4.336e-06,4.502e-06,4.901e-06,3.208e-06,5.108e-06,7.427,6.238,6.905,7.376,7.883,8.739,5.075,9.84,0.0272,0.01628,0.02276,0.02739,0.03166,0.03672,0.007548,0.04878,0.06871,0.03762,0.0531,0.06859,0.08244,0.09921,0.01654,0.1408,2.267,1.419,1.922,2.307,2.637,3.032,0.6518,3.839,3.384,2.128,2.969,3.495,3.852,4.668,0.9876,5.431
jxl,85,320,80,73.11,78.48,80.3,81.88,85.44,66.67,87.51,32.69,27.8,30.78,32.57,34.63,37.69,26.87,40.46,0.9536,0.8992,0.944,0.9592,0.9698,0.9824,0.8601,0.9957,1.605,1.484,1.553,1.587,1.645,1.782,1.394,1.887,1.742e+04,9399,1.45e+04,1.781e+04,2.001e+04,2.552e+04,4524,29529,1.999,1.176,1.704,2.021,2.337,2.717,0.531,3.466,0.2822,0.2384,0.2659,0.2827,0.2953,0.3345,0.1605,0.4057,4.043e-06,3.657e-06,3.896e-06,4.066e-06,4.199e-06,4.426e-06,3.022e-06,4.808e-06,7.825,6.455,7.193,7.703,8.321,9.841,5.581,10.76,0.02522,0.01415,0.02082,0.02572,0.02962,0.03487,0.006115,0.04652,0.06284,0.03165,0.04847,0.06133,0.07665,0.09305,0.01312,0.129,2.102,1.222,1.757,2.125,2.449,2.892,0.5333,3.652,3.21,1.869,2.712,3.297,3.745,4.378,0.8097,5.42
jxl,85,480,80.01,73.52,78.45,80.36,81.73,85.23,67.24,87.54,33.41,28.56,31.36,33.19,35.52,38.67,27.35,41.8,0.9548,0.9053,0.9468,0.959,0.9709,0.9815,0.8616,0.9942,1.647,1.53,1.591,1.637,1.704,1.768,1.419,2.007,3.46e+04,1.792e+04,2.837e+04,3.523e+04,4.041e+04,5.198e+04,7477,56462,1.768,0.9202,1.469,1.772,2.091,2.562,0.3906,2.94,0.6027,0.4819,0.5679,0.6008,0.6269,0.7163,0.3444,0.8355,3.842e-06,3.42e-06,3.711e-06,3.903e-06,3.992e-06,4.178e-06,2.8e-06,4.359e-06,8.604,6.953,7.724,8.353,9.126,10.96,6.335,13.44,0.02233,0.01088,0.01815,0.02227,0.0268,0.03312,0.0045,0.0419,0.05447,0.02348,0.042,0.05373,0.06596,0.08853,0.009345,0.1075,1.858,0.9477,1.512,1.846,2.209,2.749,0.3929,3.09,2.921,1.539,2.386,2.939,3.508,4.195,0.6087,4.993
jxl,85,720,79.96,74.14,78.29,80.31,81.74,84.92,69.66,87.73,34.08,29.68,31.9,33.67,36.17,39.32,27.99,43.12,0.9548,0.91,0.9488,0.958,0.9691,0.9794,0.8631,0.9938,1.685,1.554,1.628,1.677,1.737,1.834,1.439,1.966,7.108e+04,3.516e+04,5.631e+04,7.241e+04,8.516e+04,1.074e+05,13067,125384,1.613,0.8156,1.312,1.592,1.97,2.42,0.3031,2.854,1.27,1.071,1.215,1.254,1.327,1.542,0.7533,1.819,3.595e-06,3.376e-06,3.509e-06,3.596e-06,3.717e-06,3.872e-06,2.594e-06,4.008e-06,9.286,7.352,8.116,8.954,9.939,12.47,6.852,17.26,0.02039,0.009739,0.01625,0.0199,0.02513,0.03209,0.003455,0.03885,0.04883,0.02042,0.03643,0.04805,0.06155,0.08154,0.007029,0.102,1.695,0.8422,1.362,1.695,2.06,2.565,0.305,3.002,2.727,1.357,2.187,2.758,3.289,4.251,0.479,4.739
jxl,85,1280,80.24,75.2,78.56,80.68,82.06,85,69.74,87.79,35.28,30.36,33.48,34.83,36.91,40.29,27.66,44.05,0.9544,0.9086,0.9494,0.957,0.9668,0.9798,0.8794,0.9911,1.749,1.572,1.707,1.736,1.812,1.905,1.512,2.036,1.928e+05,9.169e+04,1.484e+05,1.931e+05,2.318e+05,3.208e+05,31413,368658,1.385,0.6723,1.085,1.378,1.648,2.337,0.2307,2.61,3.515,3.014,3.36,3.492,3.665,4.119,2.153,5.074,3.151e-06,2.94e-06,3.073e-06,3.162e-06,3.243e-06,3.372e-06,2.27e-06,3.561e-06,10.54,7.836,8.978,9.75,11.11,15.71,7.027,24.33,0.01744,0.007993,0.01327,0.01723,0.02085,0.03066,0.002628,0.03552,0.04058,0.01687,0.03031,0.03922,0.04942,0.07802,0.005238,0.09237,1.455,0.7091,1.136,1.435,1.727,2.456,0.2328,2.879,2.433,1.1,1.914,2.422,3.006,3.961,0.4006,4.649
jxl,85,2048,80.61,75.01,79.08,81.05,82.73,84.87,70.53,86.6,36.42,31.74,34.58,36.36,38.32,41.03,27.85,44.52,0.9545,0.9105,0.9456,0.9605,0.9698,0.978,0.8887,0.9908,1.787,1.637,1.73,1.772,1.84,1.965,1.391,2.17,4.276e+05,2.083e+05,3.431e+05,4.165e+05,5.101e+05,7.164e+05,67866,793657,1.209,0.6038,0.9813,1.189,1.371,1.992,0.1963,2.591,8.394,7.17,8.008,8.268,8.758,9.949,4.999,12.25,2.962e-06,2.799e-06,2.902e-06,2.967e-06,3.041e-06,3.172e-06,2.118e-06,3.53e-06,11.32,8.681,9.702,10.76,11.93,16.55,7.416,27.1,0.01515,0.00719,0.01215,0.01459,0.01728,0.02599,0.002266,0.03673,0.03428,0.01477,0.02621,0.03218,0.03942,0.0611,0.00447,0.09301,1.27,0.6388,1.04,1.237,1.451,2.085,0.1988,2.901,2.175,1.021,1.725,2.131,2.487,3.638,0.3435,4.943
webp,87,120,59.44,40.67,51.04,59,69.66,77.81,10.72,84.94,32.96,28.25,30.65,33.03,35.6,37.28,27.13,39.68,0.965,0.9203,0.9597,0.9718,0.9806,0.9881,0.8656,0.996,1.784,1.097,1.294,1.482,2.137,3.068,0.8984,4.065,3946,2074,3178,3976,4647,5903,1126,6362,3.216,1.819,2.657,3.24,3.871,4.655,0.9383,5.302,0.01165,0.008829,0.01091,0.01166,0.01249,0.01396,0.007864,0.01915,1.191e-06,9.496e-07,1.107e-06,1.204e-06,1.279e-06,1.392e-06,8.192e-07,1.995e-06,5.447,4.395,4.861,5.324,5.916,6.814,4.004,8.467,0.05949,0.02736,0.0389,0.05436,0.07179,0.1051,0.01345,0.2544,0.1,0.04789,0.07568,0.09682,0.1227,0.1595,0.02365,0.1954,3.336,1.85,2.712,3.41,4.05,4.824,0.9421,5.486,5.77,2.597,3.868,4.665,7.416,11.6,1.03,13.99
webp,87,160,65.89,44.32,56.7,66.04,77.8,84.75,29.95,86.52,33.34,28.46,31.11,33.42,35.83,37.78,27.22,40.13,0.965,0.925,0.96,0.9706,0.9801,0.9873,0.8645,0.9961,1.899,1.152,1.372,1.577,2.395,3.454,1.057,4.144,6445,3177,5156,6426,7639,1e+04,1592,11094,2.968,1.55,2.407,3.001,3.595,4.17,0.7509,5.233,0.0161,0.01189,0.01467,0.0166,0.01754,0.01992,0.009306,0.02073,9.285e-07,7.023e-07,8.603e-07,9.575e-07,1.019e-06,1.083e-06,5.487e-07,1.175e-06,5.78,4.666,5.117,5.583,6.335,7.419,4.195,9.127,0.04876,0.02103,0.03264,0.04421,0.06023,0.09804,0.01081,0.1668,0.09134,0.04193,0.0677,0.09019,0.1143,0.1409,0.01871,0.189,3.079,1.622,2.48,3.106,3.743,4.333,0.7539,5.405,5.652,2.505,3.701,4.766,7.415,11.1,0.9864,13.44
webp,87,200,81.55,75.67,80.64,82.37,84.62,85.79,52.18,87.04,33.63,28.96,31.53,33.73,35.98,37.9,27.16,40.74,0.9646,0.9228,0.9596,0.97,0.9795,0.9861,0.8688,0.9964,1.999,1.213,1.421,1.703,2.405,3.839,1.08,4.23,9546,4635,7543,9587,1.144e+04,1.518e+04,2164,16668,2.803,1.449,2.271,2.845,3.436,4.042,0.6508,5.013,0.02228,0.01505,0.01969,0.02286,0.0253,0.0272,0.01084,0.02868,8.195e-07,6.105e-07,7.396e-07,8.408e-07,9.192e-07,9.789e-07,4.076e-07,1.031e-06,6.005,4.704,5.334,5.75,6.494,8.005,4.294,9.738,0.03465,0.01817,0.02721,0.03469,0.04132,0.05038,0.007477,0.07339,0.08549,0.03875,0.06343,0.08378,0.1055,0.1331,0.01598,0.1827,2.909,1.517,2.336,2.961,3.536,4.225,0.6532,5.173,5.633,2.46,3.732,4.546,7.124,11.27,0.8305,17.29
webp,87,240,81.94,76.22,80.74,82.51,84.31,85.84,64.39,86.92,33.91,29.3,31.91,33.91,36.09,37.94,27.42,41.13,0.965,0.9228,0.9591,0.9698,0.9793,0.987,0.8723,0.9963,2.044,1.24,1.457,1.744,2.61,3.79,1.047,4.447,1.295e+04,6322,1.004e+04,1.334e+04,1.572e+04,2.112e+04,2690,22666,2.638,1.325,2.061,2.683,3.23,3.835,0.5604,4.722,0.02814,0.01908,0.02507,0.02867,0.03134,0.03691,0.01332,0.03908,7.167e-07,4.995e-07,6.398e-07,7.487e-07,7.986e-07,8.673e-07,3.469e-07,9.318e-07,6.31,4.958,5.526,6.025,6.938,8.88,4.452,10.52,0.03235,0.01629,0.02542,0.03314,0.03911,0.04707,0.006447,0.07157,0.07978,0.03623,0.05903,0.07905,0.09874,0.1244,0.01363,0.1694,2.737,1.371,2.122,2.759,3.376,4.021,0.5625,4.879,5.415,2.51,3.486,4.469,7.385,11.66,0.7213,15.31
webp,87,320,81.65,75.53,80.65,82.18,83.9,85.15,65.24,86.41,34.32,29.93,32.38,34.41,36.28,38.19,28.29,41.93,0.9647,0.9235,0.9591,0.9693,0.9788,0.9855,0.8707,0.9961,2.14,1.288,1.521,1.756,2.614,4.112,1.144,4.706,2.152e+04,9955,1.698e+04,2.192e+04,2.602e+04,3.632e+04,3882,39312,2.468,1.159,1.847,2.421,3.064,3.753,0.4556,4.571,0.04528,0.02825,0.03921,0.04724,0.05247,0.06007,0.01868,0.06287,6.489e-07,4.29e-07,5.714e-07,6.695e-07,7.329e-07,8.125e-07,2.74e-07,8.725e-07,6.616,5.03,5.668,6.225,7.259,9.632,4.583,11.62,0.03036,0.01429,0.02353,0.0297,0.03753,0.04582,0.005273,0.07006,0.07375,0.03155,0.05356,0.07225,0.09231,0.1207,0.01087,0.1616,2.562,1.213,1.95,2.536,3.196,3.916,0.4574,4.72,5.288,2.204,3.263,4.275,7.442,10.55,0.7157,15.91
webp,87,480,81.19,75.26,80.14,81.87,83.05,84.68,69.88,86.52,34.95,30.77,33.16,34.88,36.95,38.87,27.94,42.93,0.9648,0.9215,0.9609,0.9691,0.9775,0.9843,0.8706,0.9957,2.295,1.385,1.606,1.95,2.581,4.728,1.234,5.341,4.341e+04,1.712e+04,3.191e+04,4.334e+04,5.378e+04,7.329e+04,6450,84528,2.217,0.8919,1.656,2.169,2.814,3.47,0.337,4.375,0.08931,0.05466,0.07702,0.08898,0.103,0.1231,0.03151,0.135,5.7e-07,3.677e-07,5.039e-07,5.788e-07,6.698e-07,7.339e-07,2.058e-07,8.113e-07,7.219,5.351,5.977,6.719,7.92,10.83,4.787,14.9,0.02738,0.01109,0.02037,0.0266,0.03417,0.04311,0.003895,0.0625,0.06508,0.02345,0.04502,0.06439,0.08298,0.1102,0.007849,0.1478,2.3,0.9231,1.733,2.242,2.894,3.572,0.3385,4.486,5.063,1.879,3.076,4.094,6.608,11.04,0.5916,15.44
webp,87,720,80.65,74.1,79.66,81.29,82.78,84.26,66.42,86.52,35.56,31.45,33.91,35.61,37.53,39.31,27.16,43.74,0.9643,0.9266,0.9583,0.9699,0.9752,0.9832,0.8714,0.9945,2.374,1.489,1.727,2.011,2.835,4.169,1.327,6.043,8.91e+04,3.482e+04,6.466e+04,8.678e+04,1.123e+05,1.501e+05,11302,183918,2.022,0.8075,1.515,1.919,2.568,3.249,0.2622,4.231,0.1855,0.109,0.155,0.1896,0.2184,0.2663,0.06243,0.2955,5.252e-07,3.162e-07,4.495e-07,5.164e-07,6.206e-07,6.923e-07,1.81e-07,7.749e-07,7.853,5.496,6.194,7.23,8.363,13.08,4.881,19.03,0.02512,0.01009,0.01914,0.02377,0.03168,0.04223,0.00303,0.05647,0.05843,0.02031,0.04153,0.05448,0.0747,0.1094,0.005994,0.1379,2.099,0.8361,1.553,2.003,2.65,3.421,0.2636,4.324,4.759,1.648,2.975,4.144,5.609,10.44,0.4984,15.44
webp,87,1280,80.16,74.06,79.25,80.78,82.12,83.72,64.78,85.99,36.71,33.02,35.48,36.66,38.34,39.82,27.87,44.33,0.9631,0.9302,0.9544,0.9684,0.9745,0.9813,0.8899,0.9929,2.39,1.623,1.831,2.081,2.603,3.968,1.394,5.933,2.398e+05,7.85e+04,1.764e+05,2.259e+05,2.98e+05,4.414e+05,28294,538904,1.724,0.6679,1.285,1.635,2.09,3.092,0.2078,3.839,0.534,0.3108,0.4554,0.5324,0.6039,0.756,0.1719,0.8837,4.788e-07,2.871e-07,4.109e-07,4.819e-07,5.474e-07,6.798e-07,1.578e-07,7.233e-07,9.083,5.619,7.146,8.031,9.535,15.77,5.157,28.48,0.02151,0.008359,0.0159,0.02034,0.02579,0.03975,0.002417,0.04941,0.04831,0.01683,0.03414,0.04419,0.05773,0.1007,0.004688,0.1197,1.79,0.6995,1.338,1.705,2.179,3.235,0.2096,3.921,4.098,1.394,2.799,3.551,4.98,8.387,0.431,16.04
webp,87,2048,79.82,74.35,78.82,80.39,81.84,83.4,69.21,84.18,37.79,34.4,36.88,37.88,38.98,40.58,29.45,43.88,0.9627,0.9258,0.9555,0.9689,0.9749,0.9809,0.8944,0.9932,2.365,1.713,1.949,2.205,2.565,3.472,1.633,4.952,5.314e+05,2.033e+05,3.848e+05,4.91e+05,6.484e+05,1.017e+06,62560,1197998,1.504,0.5251,1.108,1.405,1.829,2.902,0.1809,3.542,1.271,0.7508,1.075,1.254,1.461,1.856,0.4033,2.455,4.478e-07,2.588e-07,3.869e-07,4.353e-07,5.026e-07,6.527e-07,1.458e-07,6.944e-07,9.804,5.94,7.697,8.872,10.45,16.61,5.424,34.74,0.01881,0.006529,0.01367,0.01787,0.02255,0.03561,0.00215,0.05005,0.04084,0.01287,0.02838,0.03695,0.049,0.08297,0.004123,0.1203,1.562,0.5453,1.15,1.471,1.909,2.99,0.1834,3.8,3.529,1.406,2.466,3.042,4.216,6.469,0.4334,16.54
