quality,crop,ssimulacra2_mean,ssimulacra2_p05,ssimulacra2_p25,ssimulacra2_p50,ssimulacra2_p75,ssimulacra2_p95,ssimulacra2_min,ssimulacra2_max,psnr_mean,psnr_p05,psnr_p25,psnr_p50,psnr_p75,psnr_p95,psnr_min,psnr_max,ssim_mean,ssim_p05,ssim_p25,ssim_p50,ssim_p75,ssim_p95,ssim_min,ssim_max,butteraugli_mean,butteraugli_p05,butteraugli_p25,butteraugli_p50,butteraugli_p75,butteraugli_p95,butteraugli_min,butteraugli_max,file_size_mean,file_size_p05,file_size_p25,file_size_p50,file_size_p75,file_size_p95,file_size_min,file_size_max,bits_per_pixel_mean,bits_per_pixel_p05,bits_per_pixel_p25,bits_per_pixel_p50,bits_per_pixel_p75,bits_per_pixel_p95,bits_per_pixel_min,bits_per_pixel_max,encoding_time_mean,encoding_time_p05,encoding_time_p25,encoding_time_p50,encoding_time_p75,encoding_time_p95,encoding_time_min,encoding_time_max,encoding_time_per_pixel_mean,encoding_time_per_pixel_p05,encoding_time_per_pixel_p25,encoding_time_per_pixel_p50,encoding_time_per_pixel_p75,encoding_time_per_pixel_p95,encoding_time_per_pixel_min,encoding_time_per_pixel_max,compression_ratio_mean,compression_ratio_p05,compression_ratio_p25,compression_ratio_p50,compression_ratio_p75,compression_ratio_p95,compression_ratio_min,compression_ratio_max,bits_per_ssimulacra2_per_pixel_mean,bits_per_ssimulacra2_per_pixel_p05,bits_per_ssimulacra2_per_pixel_p25,bits_per_ssimulacra2_per_pixel_p50,bits_per_ssimulacra2_per_pixel_p75,bits_per_ssimulacra2_per_pixel_p95,bits_per_ssimulacra2_per_pixel_min,bits_per_ssimulacra2_per_pixel_max,bits_per_psnr_per_pixel_mean,bits_per_psnr_per_pixel_p05,bits_per_psnr_per_pixel_p25,bits_per_psnr_per_pixel_p50,bits_per_psnr_per_pixel_p75,bits_per_psnr_per_pixel_p95,bits_per_psnr_per_pixel_min,bits_per_psnr_per_pixel_max,bits_per_ssim_per_pixel_mean,bits_per_ssim_per_pixel_p05,bits_per_ssim_per_pixel_p25,bits_per_ssim_per_pixel_p50,bits_per_ssim_per_pixel_p75,bits_per_ssim_per_pixel_p95,bits_per_ssim_per_pixel_min,bits_per_ssim_per_pixel_max,bits_per_butteraugli_per_pixel_mean,bits_per_butteraugli_per_pixel_p05,bits_per_butteraugli_per_pixel_p25,bits_per_butteraugli_per_pixel_p50,bits_per_butteraugli_per_pixel_p75,bits_per_butteraugli_per_pixel_p95,bits_per_butteraugli_per_pixel_min,bits_per_butteraugli_per_pixel_max
30,400,51.72,38.61,46.77,52.02,56.08,67.76,14.86,79.85,28.69,23.19,25.52,28.02,30.9,38.4,19.57,44.03,0.8362,0.7118,0.806,0.8451,0.874,0.9749,0.4711,0.9957,4.777,3.563,3.939,4.21,5.125,7.587,3.384,9.527,1.153e+04,3825,7892,1.191e+04,1.491e+04,1.958e+04,2364,23851,0.8488,0.2827,0.5776,0.8145,1.126,1.429,0.1699,1.793,0.007651,0.006015,0.007054,0.007606,0.008195,0.00955,0.003988,0.01172,6.998e-08,5.47e-08,6.672e-08,7.061e-08,7.428e-08,8.16e-08,3.748e-08,1.061e-07,19.46,13.47,15.44,16.99,21.35,31.79,9.721,49.53,0.01753,0.004249,0.0119,0.01617,0.02359,0.03303,0.002128,0.08092,0.03204,0.006988,0.01874,0.03001,0.04246,0.06171,0.003859,0.08768,1.027,0.2875,0.716,0.9692,1.314,1.777,0.1706,2.023,4.097,1.018,2.593,4.298,5.363,7.341,0.6457,11.1
30,800,51.85,38.81,47.14,52.71,56.51,67.71,15.14,80.73,28.69,23.27,25.5,27.97,30.87,38.42,19.62,44.06,0.8357,0.7117,0.8058,0.8454,0.8729,0.9764,0.4709,0.9952,4.685,3.499,3.829,4.192,4.965,7.372,3.354,9.128,4.045e+04,1.72e+04,2.944e+04,3.819e+04,5.083e+04,6.516e+04,7555,89499,0.743,0.3371,0.5534,0.7136,0.9238,1.225,0.142,1.573,0.02333,0.01704,0.02182,0.02321,0.02511,0.02851,0.01396,0.04208,5.326e-08,3.969e-08,5.126e-08,5.434e-08,5.731e-08,6.074e-08,3.319e-08,8.738e-08,20.6,14.14,16.83,19.04,23.16,31.52,11.31,52.5,0.01524,0.00534,0.01036,0.01405,0.01948,0.02656,0.002045,0.06815,0.02772,0.008949,0.01711,0.02594,0.03543,0.05549,0.003556,0.07066,0.8996,0.3799,0.664,0.8887,1.129,1.559,0.1436,1.791,3.506,1.184,2.316,3.237,4.485,6.632,0.598,8.543
30,1200,51.75,37.92,47.15,52.29,56.21,67.74,18.28,80.73,28.69,23.2,25.49,27.93,30.94,38.4,19.6,44.06,0.8356,0.7117,0.8056,0.844,0.8734,0.9739,0.4669,0.9952,4.828,3.648,3.833,4.277,5.201,7.958,3.457,9.678,8.596e+04,4.072e+04,6.249e+04,8.609e+04,1.038e+05,1.381e+05,18571,187560,0.7005,0.3401,0.5221,0.683,0.8162,1.154,0.1551,1.383,0.04954,0.03729,0.04632,0.05037,0.05251,0.05986,0.0295,0.06822,5.033e-08,3.994e-08,4.779e-08,5.204e-08,5.407e-08,5.66e-08,3.08e-08,6.112e-08,20.96,15.1,17.49,19.69,22.89,30.18,12.08,51.51,0.01436,0.005639,0.01059,0.01314,0.0175,0.02496,0.002234,0.06269,0.02587,0.009543,0.01738,0.02418,0.03027,0.05442,0.003884,0.05853,0.8499,0.376,0.6401,0.8205,0.9975,1.468,0.1569,1.889,3.397,1.295,2.318,3.054,4.117,6.235,0.6533,9.5
30,1600,51.59,38.64,46.76,52,56.75,67.56,16.15,80.73,28.69,23.2,25.51,27.97,30.94,38.46,19.61,44.06,0.8357,0.7089,0.8051,0.8452,0.8743,0.9762,0.4669,0.9952,4.801,3.543,3.921,4.204,5.152,7.484,3.41,11.3,1.454e+05,6.714e+04,1.086e+05,1.478e+05,1.689e+05,2.345e+05,43518,320718,0.6658,0.3167,0.5093,0.6564,0.7712,1.102,0.2045,1.338,0.08619,0.06312,0.07847,0.0868,0.09384,0.106,0.0597,0.115,4.921e-08,3.708e-08,4.703e-08,5.02e-08,5.257e-08,5.533e-08,3.507e-08,6.391e-08,21.47,16.01,17.84,19.83,23.08,31.71,12.25,52.39,0.01381,0.005829,0.009702,0.01265,0.01657,0.02412,0.002945,0.06976,0.02448,0.009123,0.01657,0.0225,0.02915,0.04749,0.00512,0.05744,0.8086,0.3725,0.6093,0.7662,0.9637,1.373,0.2068,1.852,3.195,1.178,2.235,2.986,3.914,5.623,0.829,8.312
30,2048,51.49,38.62,46.34,52.02,55.97,67.72,11.3,80.73,28.67,23.17,25.46,27.95,30.89,38.46,19.58,44.06,0.8352,0.7073,0.8049,0.8443,0.8729,0.9739,0.4669,0.9952,4.816,3.574,3.93,4.249,4.962,8.374,3.437,10.99,2.197e+05,9.453e+04,1.69e+05,2.186e+05,2.554e+05,3.689e+05,64915,460862,0.619,0.2886,0.4855,0.5964,0.7239,1.038,0.1877,1.317,0.138,0.1042,0.1258,0.1397,0.1476,0.1724,0.08605,0.2055,4.841e-08,3.878e-08,4.598e-08,4.965e-08,5.141e-08,5.384e-08,3.111e-08,6.502e-08,22.29,16,19.09,20.25,24.14,35.11,12.88,53.78,0.01323,0.005003,0.00895,0.01186,0.01459,0.02302,0.003137,0.104,0.02275,0.009071,0.01585,0.02091,0.0271,0.0452,0.005695,0.06004,0.7532,0.339,0.5734,0.7071,0.8812,1.323,0.2282,1.935,2.997,1.092,1.993,2.671,3.489,5.937,0.7456,9.885
40,400,58.78,46.77,54.13,58.67,62.54,71.62,22.87,88.48,29.66,24.09,26.37,28.66,31.77,40.11,20.11,46.43,0.8587,0.7495,0.8327,0.869,0.8946,0.984,0.5242,0.9983,4.163,2.977,3.36,3.719,4.555,6.832,2.401,10.62,1.37e+04,4115,9706,1.401e+04,1.766e+04,2.318e+04,2382,27536,1.009,0.3041,0.6863,0.9681,1.334,1.717,0.1697,2.072,0.007679,0.00589,0.007327,0.007671,0.008238,0.009363,0.003929,0.0103,7.028e-08,5.445e-08,6.756e-08,7.1e-08,7.559e-08,8.006e-08,3.77e-08,8.785e-08,16.4,11.39,13.19,14.55,18.07,27.86,8.818,37.1,0.01808,0.003785,0.01257,0.01659,0.02415,0.03366,0.001918,0.06428,0.03692,0.006636,0.02146,0.03414,0.04954,0.07314,0.003769,0.09752,1.187,0.3078,0.8435,1.117,1.523,2.049,0.17,2.308,4.273,0.7427,2.677,4.449,5.67,7.495,0.4602,11.05
40,800,58.85,46.47,54.23,58.8,62.91,73.02,24.01,88.73,29.65,24.15,26.3,28.67,31.8,40.14,20.17,46.43,0.8583,0.7476,0.8327,0.8671,0.8941,0.984,0.5243,0.9983,4.158,2.984,3.458,3.705,4.592,6.758,2.401,8.674,4.817e+04,1.99e+04,3.503e+04,4.627e+04,6.015e+04,7.803e+04,7590,106246,0.8849,0.3899,0.6585,0.8466,1.1,1.467,0.1427,1.884,0.02368,0.01769,0.02204,0.0239,0.02559,0.02891,0.01192,0.03281,5.411e-08,4.027e-08,5.087e-08,5.587e-08,5.811e-08,6.295e-08,2.801e-08,6.56e-08,17.29,11.9,14.28,16.07,19.63,26.9,9.784,42.81,0.01575,0.00575,0.0108,0.01478,0.0201,0.02691,0.001831,0.05313,0.03201,0.0099,0.02,0.03006,0.04128,0.0636,0.003348,0.08127,1.042,0.4352,0.7776,1.017,1.314,1.78,0.1443,2.087,3.727,1.304,2.429,3.455,4.86,7.134,0.3537,9.742
40,1200,58.76,46.93,54.1,58.55,62.7,72.22,27.28,88.73,29.65,24.11,26.31,28.66,31.81,40.1,20.13,46.43,0.8582,0.7495,0.8323,0.8675,0.8955,0.9833,0.5232,0.9983,4.163,2.975,3.357,3.777,4.54,6.622,2.401,10.09,1.024e+05,4.936e+04,7.703e+04,1.024e+05,1.236e+05,1.636e+05,19399,222230,0.8344,0.4042,0.6435,0.825,0.9668,1.382,0.1621,1.639,0.05023,0.03716,0.04709,0.05091,0.05392,0.06344,0.02419,0.06866,5.098e-08,4.007e-08,4.776e-08,5.279e-08,5.443e-08,5.841e-08,2.526e-08,5.962e-08,17.6,12.62,14.8,16.45,19.61,25.45,10.43,42.49,0.01484,0.006046,0.01069,0.0138,0.01818,0.02616,0.00208,0.05137,0.02987,0.01125,0.02006,0.0279,0.03486,0.06239,0.003804,0.06963,0.9837,0.4259,0.7453,0.968,1.16,1.69,0.1639,2.16,3.488,1.229,2.386,3.186,4.318,6.121,0.4018,9.627
40,1600,58.69,46.64,54.19,58.93,62.73,71.99,25.11,88.73,29.66,24.12,26.35,28.65,31.8,40.12,20.13,46.43,0.8584,0.7481,0.834,0.8683,0.8957,0.9833,0.5232,0.9983,4.199,2.975,3.379,3.779,4.706,6.722,2.401,9.727,1.73e+05,8.072e+04,1.289e+05,1.752e+05,2.022e+05,2.764e+05,48061,379634,0.7921,0.3819,0.606,0.785,0.9153,1.294,0.2259,1.588,0.08705,0.06624,0.08111,0.08782,0.09321,0.1061,0.05792,0.1289,4.97e-08,3.891e-08,4.728e-08,5.101e-08,5.323e-08,5.52e-08,3.378e-08,5.649e-08,18.06,13.46,15.06,16.88,19.44,25.87,10.61,43.24,0.01415,0.006169,0.009971,0.01317,0.01682,0.02499,0.002899,0.05462,0.02822,0.01059,0.01842,0.02631,0.03414,0.05554,0.005301,0.06813,0.9343,0.4406,0.7033,0.8955,1.113,1.591,0.2284,2.117,3.333,1.257,2.304,3.077,4.373,5.746,0.5599,9.986
40,2048,58.55,46.78,53.83,58.4,62.58,71.97,21.89,88.73,29.65,24.08,26.33,28.65,31.78,40.11,20.13,46.43,0.858,0.7457,0.8327,0.8682,0.8951,0.9832,0.5232,0.9983,4.153,3.024,3.377,3.802,4.415,6.51,2.401,9.205,2.609e+05,1.062e+05,2.024e+05,2.628e+05,3.072e+05,4.401e+05,70628,544697,0.7352,0.3418,0.5812,0.7114,0.8566,1.232,0.2043,1.561,0.1387,0.1068,0.1283,0.1406,0.1496,0.1687,0.08247,0.2031,4.873e-08,3.983e-08,4.66e-08,4.958e-08,5.202e-08,5.476e-08,2.981e-08,5.836e-08,18.82,13.41,16,17.13,20.1,30.22,11.15,44.3,0.01328,0.00533,0.009212,0.01262,0.01525,0.02384,0.003127,0.06506,0.02619,0.01001,0.0182,0.02434,0.03144,0.05161,0.006032,0.07075,0.8685,0.3887,0.6631,0.8078,1.016,1.536,0.2425,2.192,3.069,1.175,2.143,2.783,3.714,5.466,0.6371,8.408
50,400,63.46,52.14,59.18,63.21,66.82,78.84,29.72,92.59,30.39,24.66,27.09,29.41,32.53,41.9,20.65,46.54,0.8753,0.7685,0.854,0.8841,0.9097,0.9846,0.5711,0.9988,3.776,2.586,3.11,3.425,4.29,5.889,2.062,9.339,1.577e+04,4402,1.133e+04,1.627e+04,2.021e+04,2.664e+04,2393,31486,1.161,0.3251,0.8068,1.111,1.533,1.977,0.1693,2.388,0.007755,0.005838,0.007105,0.007772,0.008355,0.009564,0.003945,0.01114,7.095e-08,5.442e-08,6.698e-08,7.248e-08,7.605e-08,8.3e-08,4.364e-08,9.868e-08,14.26,9.93,11.48,12.75,15.63,25.01,7.801,34.85,0.01912,0.004028,0.01326,0.01772,0.02561,0.03507,0.001828,0.0585,0.04143,0.007168,0.02443,0.03776,0.05594,0.08166,0.003703,0.1064,1.338,0.3294,0.9643,1.26,1.718,2.299,0.1695,2.599,4.49,0.7661,2.918,4.471,6.004,7.712,0.3832,12.46
50,800,63.51,52.52,59.14,63.47,67.02,78.13,31.96,92.64,30.38,24.61,27.06,29.39,32.49,41.85,20.68,46.52,0.8748,0.766,0.8536,0.8826,0.9091,0.9845,0.5711,0.9988,3.792,2.541,3.1,3.438,4.171,6.14,1.996,7.979,5.558e+04,2.282e+04,4.064e+04,5.441e+04,6.88e+04,9.042e+04,7656,121782,1.021,0.4455,0.7648,0.9768,1.265,1.7,0.1439,2.173,0.02387,0.01813,0.02233,0.02387,0.02578,0.0294,0.01257,0.03423,5.454e-08,4.21e-08,5.216e-08,5.551e-08,5.823e-08,6.249e-08,2.953e-08,6.478e-08,14.96,10.53,12.4,14.03,16.82,22.74,8.681,34.1,0.01669,0.006204,0.01167,0.01607,0.02113,0.02927,0.001723,0.0472,0.03603,0.0112,0.02338,0.03372,0.04626,0.07111,0.003093,0.09065,1.177,0.4988,0.8794,1.167,1.482,1.986,0.1452,2.364,3.925,1.296,2.565,3.585,4.892,7.615,0.3126,9.888
50,1200,63.5,52.59,59.81,63.4,67.02,78.9,33.92,92.64,30.39,24.63,27.07,29.41,32.5,41.86,20.68,46.52,0.875,0.7674,0.8533,0.8828,0.9098,0.9842,0.5738,0.9988,3.768,2.64,3.085,3.49,4.081,6.302,1.958,7.49,1.182e+05,5.852e+04,8.927e+04,1.183e+05,1.436e+05,1.861e+05,20389,254345,0.9628,0.472,0.755,0.9491,1.109,1.593,0.1703,1.876,0.05053,0.03731,0.04615,0.05115,0.05349,0.06297,0.02997,0.07136,5.128e-08,3.999e-08,4.77e-08,5.303e-08,5.492e-08,5.794e-08,3.13e-08,6.51e-08,15.22,10.94,12.89,14.3,16.99,21.1,9.262,34.27,0.01571,0.006642,0.01151,0.01473,0.01877,0.02824,0.002039,0.04843,0.03362,0.012,0.02254,0.03139,0.03927,0.06927,0.003661,0.07946,1.111,0.5129,0.8466,1.096,1.303,1.898,0.1719,2.396,3.68,1.172,2.456,3.246,4.651,7.145,0.37,11.11
50,1600,63.43,52.54,59.46,63.31,67.41,78.53,30.36,92.64,30.39,24.63,27.06,29.43,32.5,41.86,20.64,46.52,0.875,0.7676,0.8541,0.8831,0.9092,0.9849,0.5738,0.9988,3.786,2.648,3.121,3.481,4.202,6.454,2.02,7.96,1.995e+05,9.607e+04,1.486e+05,2.031e+05,2.362e+05,3.184e+05,52744,433477,0.9137,0.4536,0.6984,0.9067,1.058,1.495,0.2479,1.822,0.08769,0.06506,0.08188,0.08916,0.09455,0.107,0.05718,0.1241,5.005e-08,3.92e-08,4.777e-08,5.178e-08,5.382e-08,5.636e-08,3.359e-08,5.8e-08,15.63,11.67,13.21,14.75,16.67,21.96,9.452,34.95,0.01496,0.00678,0.01089,0.0143,0.01779,0.02621,0.002967,0.05284,0.03176,0.01238,0.02069,0.03048,0.03863,0.06277,0.005328,0.07771,1.055,0.5186,0.7866,1.02,1.25,1.796,0.2502,2.352,3.481,1.204,2.386,3.132,4.257,6.412,0.5385,10.73
50,2048,63.33,52.78,59.01,62.87,66.82,78.29,28.51,92.64,30.38,24.63,27.06,29.38,32.49,41.9,20.64,46.52,0.8748,0.7676,0.8534,0.8834,0.9092,0.9844,0.5738,0.9988,3.759,2.62,3.046,3.481,4.117,5.52,1.902,8.26,3.008e+05,1.279e+05,2.34e+05,3.007e+05,3.572e+05,5.07e+05,76454,624778,0.8476,0.3974,0.6725,0.8182,0.9884,1.428,0.2211,1.791,0.1402,0.1091,0.1264,0.1418,0.149,0.1748,0.08505,0.2421,4.919e-08,3.967e-08,4.703e-08,5.027e-08,5.237e-08,5.517e-08,3.075e-08,7.725e-08,16.3,11.65,13.81,14.92,17.28,26.23,9.911,37.22,0.01397,0.005902,0.01012,0.01335,0.01603,0.02523,0.003177,0.05814,0.02945,0.01138,0.02059,0.02741,0.03561,0.05735,0.006172,0.08034,0.9802,0.4456,0.7506,0.9187,1.142,1.732,0.2586,2.426,3.215,1.067,2.296,2.92,4.061,5.752,0.6238,8.976
60,400,67.1,56.46,63.65,67.29,70.22,78.35,37.57,88.61,30.97,25.1,27.87,30.12,33.15,41.2,21.23,46.84,0.89,0.7828,0.8722,0.8996,0.9217,0.9845,0.6267,0.9983,3.431,2.367,2.884,3.127,3.802,5.377,2.095,7.639,1.802e+04,4865,1.306e+04,1.851e+04,2.305e+04,3.052e+04,2405,35776,1.327,0.3463,0.9289,1.26,1.743,2.25,0.1698,2.721,0.007728,0.00593,0.007157,0.007771,0.00834,0.009214,0.004037,0.01035,7.072e-08,5.568e-08,6.669e-08,7.212e-08,7.596e-08,8.31e-08,4.263e-08,8.985e-08,12.51,8.785,10.02,11.27,13.7,19.58,6.947,34.24,0.02045,0.004297,0.01459,0.01914,0.02728,0.03656,0.001916,0.05411,0.04619,0.007973,0.02891,0.04167,0.06267,0.08982,0.003861,0.1154,1.501,0.3506,1.091,1.441,1.931,2.565,0.1701,2.916,4.64,0.7633,3.063,4.5,6.002,8.029,0.3788,11.36
60,800,67.06,57.22,63.61,67.19,70.18,77.91,37.25,88.33,30.97,25.1,27.87,30.14,33.13,41.1,21.27,46.89,0.8897,0.7829,0.8714,0.8973,0.9211,0.9848,0.6266,0.998,3.475,2.421,2.859,3.155,3.813,5.597,1.997,6.337,6.363e+04,2.677e+04,4.652e+04,6.281e+04,7.856e+04,1.044e+05,7692,138413,1.169,0.5015,0.8801,1.119,1.445,1.962,0.1446,2.484,0.02436,0.01849,0.0227,0.02432,0.02602,0.0297,0.01373,0.03713,5.567e-08,4.369e-08,5.302e-08,5.657e-08,5.924e-08,6.417e-08,3.601e-08,8.349e-08,13.05,9.507,10.8,12.24,14.51,19.41,7.748,26.75,0.01795,0.006715,0.01275,0.01718,0.02254,0.03137,0.001718,0.04742,0.04026,0.01408,0.02695,0.03725,0.05124,0.07882,0.003083,0.09999,1.324,0.5528,0.9948,1.305,1.666,2.205,0.1459,2.66,4.089,1.446,2.783,3.752,5.336,7.429,0.2887,10.68
60,1200,67.1,57.9,63.67,67.17,70.5,78.11,40.19,88.33,30.97,25.09,27.87,30.22,33.18,41.09,21.23,46.89,0.8898,0.7824,0.8721,0.8977,0.922,0.9842,0.6267,0.998,3.426,2.371,2.854,3.115,3.794,5.494,1.997,7.941,1.353e+05,6.868e+04,1.027e+05,1.356e+05,1.654e+05,2.123e+05,21325,288518,1.103,0.5372,0.866,1.081,1.263,1.815,0.1782,2.128,0.05062,0.03684,0.04727,0.05146,0.05416,0.06367,0.02985,0.07077,5.135e-08,3.847e-08,4.85e-08,5.337e-08,5.547e-08,5.809e-08,3.118e-08,5.915e-08,13.26,9.558,11.31,12.44,14.76,18.19,8.27,27.19,0.01688,0.007583,0.0123,0.01601,0.02019,0.02978,0.002117,0.04743,0.03761,0.01387,0.02522,0.0351,0.04401,0.07567,0.003799,0.08981,1.25,0.6171,0.9564,1.232,1.457,2.125,0.1797,2.655,3.792,1.39,2.597,3.458,4.584,6.669,0.3558,9.242
60,1600,67,57,63.82,67.2,70.51,78,38.26,88.33,30.97,25.09,27.85,30.2,33.18,41.09,21.22,46.89,0.8899,0.7824,0.8719,0.8981,0.9221,0.9849,0.6267,0.998,3.465,2.36,2.903,3.189,3.773,5.452,1.997,7.262,2.286e+05,1.099e+05,1.698e+05,2.318e+05,2.699e+05,3.639e+05,57585,491001,1.046,0.5146,0.798,1.036,1.214,1.711,0.2706,2.076,0.08841,0.06758,0.0821,0.08982,0.09355,0.108,0.05585,0.1242,5.049e-08,4.024e-08,4.83e-08,5.209e-08,5.409e-08,5.577e-08,3.281e-08,6.451e-08,13.61,10.2,11.64,12.88,14.55,19.38,8.447,27.72,0.01606,0.007618,0.01187,0.01537,0.01908,0.02796,0.003216,0.04855,0.03554,0.01452,0.0241,0.0342,0.04343,0.07003,0.005771,0.08751,1.186,0.6064,0.878,1.157,1.394,2.015,0.273,2.587,3.653,1.415,2.54,3.277,4.473,6.638,0.5404,9.847
60,2048,66.88,57.55,63.37,66.92,70.23,77.92,35.4,88.41,30.96,25.09,27.84,30.14,33.15,41.18,21.21,46.89,0.8895,0.7824,0.8714,0.8981,0.9203,0.9845,0.6267,0.9978,3.455,2.418,2.89,3.131,3.72,5.57,1.997,6.42,3.445e+05,1.586e+05,2.678e+05,3.399e+05,4.079e+05,5.791e+05,83207,711036,0.9705,0.453,0.7712,0.9374,1.137,1.641,0.2406,2.038,0.1394,0.1047,0.1275,0.1416,0.1489,0.1714,0.08556,0.2079,4.893e-08,3.863e-08,4.686e-08,5.018e-08,5.214e-08,5.451e-08,3.093e-08,5.622e-08,14.19,10.17,12.09,13.08,15.1,22.11,8.85,33.07,0.01498,0.006701,0.01116,0.01421,0.01736,0.0269,0.003331,0.05405,0.03296,0.01287,0.0231,0.03077,0.03999,0.06316,0.006807,0.09022,1.102,0.5222,0.8587,1.028,1.275,1.93,0.2778,2.672,3.375,1.283,2.361,3.025,3.964,6.128,0.6374,11.64
70,400,71.62,62.03,68.77,71.92,74.48,81.13,45.89,93.06,32.1,25.93,28.9,31.22,33.98,42.44,22,57.41,0.9073,0.8141,0.8922,0.9176,0.9361,0.9867,0.7032,0.9988,3.036,2.021,2.544,2.809,3.348,4.792,1.16,5.86,2.145e+04,6299,1.582e+04,2.202e+04,2.73e+04,3.632e+04,2428,42132,1.579,0.4227,1.158,1.486,2.061,2.648,0.1716,3.202,0.007752,0.00595,0.007351,0.007815,0.008278,0.009356,0.003984,0.01091,7.087e-08,5.588e-08,6.855e-08,7.144e-08,7.559e-08,8.097e-08,4.408e-08,8.76e-08,10.53,7.46,8.454,9.579,11.47,17,5.999,33.28,0.02266,0.005295,0.01613,0.02124,0.02982,0.04061,0.001844,0.05371,0.05309,0.00998,0.03393,0.0477,0.07169,0.1014,0.002988,0.1282,1.75,0.4463,1.278,1.694,2.246,2.965,0.1718,3.375,4.921,0.8403,3.243,4.94,6.425,8.57,0.199,11.75
70,800,71.58,62.56,68.42,71.96,74.12,81.22,46.61,93.24,32.1,25.94,28.91,31.22,34.01,42.37,22.03,57.47,0.9073,0.8147,0.8916,0.9179,0.9354,0.9868,0.7029,0.9987,2.978,2.031,2.517,2.721,3.168,4.748,1.178,6.15,7.601e+04,3.394e+04,5.614e+04,7.491e+04,9.461e+04,1.245e+05,7786,162706,1.396,0.6293,1.069,1.337,1.719,2.339,0.1464,2.937,0.02414,0.01816,0.02258,0.02421,0.0259,0.03013,0.0137,0.03374,5.516e-08,4.267e-08,5.236e-08,5.599e-08,5.925e-08,6.308e-08,3.484e-08,7.073e-08,10.9,7.93,9.085,10.33,12.06,15.58,6.661,22.78,0.01997,0.007555,0.01442,0.0191,0.02477,0.03533,0.001707,0.04617,0.04644,0.01529,0.03198,0.04277,0.05893,0.08976,0.003095,0.1131,1.548,0.6386,1.18,1.518,1.951,2.541,0.1476,3.095,4.213,1.372,2.919,3.883,5.317,7.776,0.3036,10.57
70,1200,71.64,62.32,68.83,71.99,74.39,81.15,48.51,93.24,32.1,25.94,28.89,31.25,34.01,42.43,22.03,57.47,0.9073,0.8134,0.892,0.9181,0.9364,0.9868,0.707,0.9987,3.006,2.028,2.517,2.778,3.219,4.863,1.178,6.069,1.618e+05,8.254e+04,1.241e+05,1.627e+05,1.958e+05,2.522e+05,23019,339052,1.318,0.648,1.043,1.301,1.499,2.152,0.1923,2.5,0.05104,0.03838,0.04654,0.05151,0.05507,0.06211,0.03361,0.07294,5.179e-08,4.164e-08,4.867e-08,5.345e-08,5.536e-08,5.916e-08,3.51e-08,6.086e-08,11.04,8.086,9.499,10.43,12.29,15.14,7.107,19.87,0.0188,0.008576,0.01395,0.0182,0.02229,0.03281,0.002243,0.04752,0.04341,0.01674,0.02969,0.04109,0.05106,0.0846,0.004067,0.1047,1.463,0.729,1.121,1.459,1.691,2.468,0.1939,3.051,3.991,1.476,2.88,3.644,4.907,7.033,0.3989,11.18
70,1600,71.6,61.65,68.55,71.53,74.56,81.01,46.74,93.24,32.1,25.95,28.89,31.23,34,42.43,22.04,57.47,0.9074,0.8148,0.892,0.9178,0.9355,0.9867,0.707,0.9987,3.041,2.022,2.538,2.658,3.48,4.683,1.178,6.75,2.733e+05,1.387e+05,2.041e+05,2.772e+05,3.217e+05,4.344e+05,65843,576777,1.251,0.6267,0.9591,1.234,1.44,2.045,0.3094,2.452,0.08833,0.06272,0.08095,0.09026,0.09534,0.1085,0.04869,0.1275,5.039e-08,3.684e-08,4.833e-08,5.207e-08,5.4e-08,5.634e-08,2.86e-08,5.759e-08,11.31,8.582,9.869,10.74,12.16,15.85,7.275,22.34,0.01786,0.00881,0.01338,0.01729,0.02101,0.03117,0.003608,0.04787,0.04103,0.0174,0.02832,0.03963,0.05008,0.0783,0.006543,0.1015,1.389,0.7181,1.042,1.36,1.615,2.342,0.312,2.96,3.826,1.391,2.591,3.516,4.577,7.027,0.6418,10.33
70,2048,71.46,62.19,68.38,71.47,74.35,80.97,45.32,93.02,32.09,25.92,28.9,31.23,34.01,42.47,22.03,57.46,0.9072,0.8151,0.8915,0.9178,0.9352,0.9869,0.707,0.9987,3.009,2.025,2.532,2.721,3.293,4.752,1.178,6.89,4.123e+05,1.99e+05,3.208e+05,4.02e+05,4.988e+05,6.872e+05,93980,839581,1.161,0.5837,0.923,1.118,1.355,1.964,0.2718,2.407,0.1411,0.1088,0.1281,0.1423,0.1516,0.1722,0.08815,0.2078,4.954e-08,3.959e-08,4.688e-08,5.087e-08,5.288e-08,5.665e-08,3.187e-08,5.955e-08,11.77,8.544,10.26,11.01,12.56,17.39,7.605,26.47,0.01663,0.007731,0.01257,0.01568,0.01925,0.02921,0.003589,0.05063,0.03806,0.01494,0.02681,0.03582,0.0465,0.07187,0.007832,0.1042,1.29,0.6335,1.007,1.203,1.495,2.226,0.3092,3.04,3.522,1.278,2.473,3.084,4.409,7.075,0.6858,9.925
80,400,76.83,68.6,74.63,76.87,79.36,85.7,54.72,93.48,33.49,27.6,30.55,32.67,34.97,44.59,22.98,58.71,0.9283,0.8431,0.9162,0.9362,0.9523,0.9872,0.7922,0.9988,2.498,1.658,2.111,2.335,2.715,3.876,1.101,4.766,2.698e+04,8918,1.976e+04,2.773e+04,3.447e+04,4.521e+04,2540,51889,1.986,0.5974,1.466,1.878,2.572,3.305,0.1777,3.938,0.007941,0.006123,0.007376,0.007972,0.008562,0.00969,0.004109,0.01178,7.26e-08,5.62e-08,6.853e-08,7.306e-08,7.818e-08,8.385e-08,4.439e-08,1.107e-07,8.393,5.997,6.761,7.57,9.239,11.84,4.932,30.61,0.02637,0.007094,0.01933,0.02501,0.03423,0.04642,0.001901,0.05721,0.06357,0.01386,0.04187,0.05793,0.08498,0.1183,0.003026,0.1487,2.147,0.6253,1.585,2.086,2.759,3.586,0.1779,4.078,5.041,1.047,3.554,4.923,6.441,8.421,0.1956,11.81
80,800,76.74,67.95,74.39,76.7,79.12,85.25,55.94,93.6,33.49,27.56,30.49,32.71,34.93,44.58,22.96,58.8,0.9282,0.8431,0.9158,0.936,0.9526,0.9875,0.7938,0.9988,2.498,1.612,2.098,2.265,2.765,3.855,1.159,5.422,9.603e+04,4.3e+04,7.133e+04,9.388e+04,1.199e+05,1.525e+05,8200,200199,1.764,0.7628,1.36,1.728,2.17,2.866,0.1541,3.626,0.0244,0.01776,0.02294,0.02472,0.02618,0.02929,0.01364,0.0371,5.576e-08,4.144e-08,5.285e-08,5.711e-08,6.008e-08,6.366e-08,3.204e-08,6.919e-08,8.598,6.218,7.235,8.108,9.523,11.71,5.455,18.17,0.02337,0.009004,0.01743,0.02221,0.02874,0.04112,0.001752,0.04925,0.05591,0.018,0.03987,0.05223,0.07034,0.1053,0.003187,0.1311,1.908,0.7845,1.467,1.882,2.416,3.12,0.1553,3.757,4.468,1.27,3.14,4.084,5.621,8.33,0.2281,12.08
80,1200,76.84,68.57,74.41,76.97,79.34,85.62,57.95,93.6,33.49,27.61,30.52,32.66,34.94,44.63,22.95,58.8,0.9282,0.8422,0.9159,0.9366,0.9521,0.9873,0.7905,0.9988,2.488,1.647,2.123,2.294,2.669,3.943,1.159,5.249,2.046e+05,1.1e+05,1.579e+05,2.053e+05,2.45e+05,3.169e+05,26377,417581,1.667,0.8663,1.304,1.632,1.895,2.684,0.2204,3.08,0.05134,0.03867,0.04707,0.05211,0.05527,0.06466,0.02557,0.07368,5.211e-08,4.044e-08,4.902e-08,5.401e-08,5.617e-08,5.897e-08,2.671e-08,6.136e-08,8.685,6.466,7.598,8.319,9.481,11.92,5.822,15.7,0.02202,0.01067,0.01664,0.02146,0.02617,0.03682,0.002505,0.05049,0.05236,0.02166,0.03683,0.04945,0.06156,0.09857,0.004557,0.1275,1.805,0.9225,1.386,1.803,2.078,3.002,0.2221,3.686,4.177,1.495,3.056,3.983,5,7.641,0.3261,11.55
80,1600,76.79,67.87,74.8,76.61,78.94,85.51,55.34,93.6,33.48,27.63,30.49,32.64,34.94,44.64,22.97,58.8,0.9282,0.8437,0.916,0.9373,0.9519,0.9875,0.7926,0.9988,2.504,1.567,2.146,2.297,2.834,3.826,1.159,4.846,3.461e+05,1.804e+05,2.625e+05,3.469e+05,4.087e+05,5.483e+05,80406,711219,1.584,0.8479,1.234,1.55,1.823,2.579,0.3778,3.048,0.08875,0.06539,0.08142,0.09044,0.09603,0.1065,0.05689,0.1247,5.068e-08,3.712e-08,4.833e-08,5.228e-08,5.411e-08,5.676e-08,3.342e-08,6.09e-08,8.87,6.855,7.849,8.451,9.587,11.8,5.964,15.98,0.02094,0.01057,0.01589,0.02016,0.02444,0.03527,0.004296,0.05114,0.04956,0.02185,0.03523,0.04792,0.05942,0.09132,0.007813,0.1232,1.715,0.9014,1.341,1.689,1.986,2.855,0.3808,3.571,3.983,1.565,2.781,3.727,4.902,6.924,0.5592,10.7
80,2048,76.63,68.06,74.63,76.6,79.08,85.43,53.62,93.65,33.48,27.58,30.44,32.71,34.92,44.66,22.98,58.8,0.9281,0.8435,0.9155,0.9349,0.952,0.9875,0.7936,0.9988,2.517,1.592,2.132,2.356,2.784,3.822,1.159,6.098,5.231e+05,2.736e+05,4.081e+05,5.09e+05,6.325e+05,8.604e+05,111267,1043604,1.473,0.7604,1.163,1.423,1.712,2.479,0.3218,2.992,0.1423,0.1049,0.1328,0.144,0.1523,0.1744,0.08787,0.1988,4.998e-08,3.935e-08,4.848e-08,5.137e-08,5.33e-08,5.561e-08,3.176e-08,5.823e-08,9.192,6.84,8.114,8.709,9.801,12.96,6.205,18.39,0.01953,0.009385,0.01505,0.01823,0.02278,0.03368,0.004027,0.0541,0.04606,0.01866,0.03308,0.04335,0.05599,0.08531,0.009085,0.1262,1.596,0.8036,1.249,1.5,1.847,2.7,0.3601,3.655,3.731,1.399,2.752,3.392,4.592,6.511,0.6925,11.02
90,400,83.61,78.18,82.72,83.99,85.66,88.88,62.83,94.32,36.02,30.36,33.39,35.69,37.38,46.74,23.94,59.22,0.9557,0.891,0.9479,0.9638,0.9754,0.9878,0.8295,0.9988,1.77,1.184,1.428,1.629,1.922,3.002,0.9757,4.435,3.963e+04,1.438e+04,3.058e+04,4.04e+04,4.988e+04,6.41e+04,3627,72444,2.916,1.002,2.228,2.843,3.721,4.754,0.2484,5.433,0.007924,0.005991,0.007451,0.007936,0.008604,0.009517,0.004227,0.01068,7.25e-08,5.674e-08,6.919e-08,7.347e-08,7.781e-08,8.398e-08,4.058e-08,9.075e-08,5.6,4.142,4.694,5.154,6.007,7.302,3.615,18.63,0.0353,0.01127,0.02733,0.03416,0.04395,0.06061,0.002633,0.07237,0.0858,0.02143,0.06054,0.08091,0.1108,0.1538,0.004194,0.193,3.057,1.007,2.376,2.978,3.828,5.026,0.2487,5.534,5.2,1.231,3.764,4.975,5.934,8.934,0.2423,16.33
90,800,83.59,78.06,82.54,83.9,85.64,88.94,63.15,94.45,36.02,30.39,33.39,35.71,37.4,46.7,23.93,59.29,0.9557,0.8914,0.9481,0.9639,0.9754,0.9875,0.8295,0.9988,1.77,1.182,1.431,1.605,1.876,3.093,0.7603,5.048,1.423e+05,6.572e+04,1.094e+05,1.393e+05,1.758e+05,2.177e+05,12140,279943,2.613,1.127,2.071,2.572,3.186,4.07,0.2282,5.044,0.0249,0.0187,0.02295,0.02525,0.0273,0.0302,0.01292,0.03341,5.691e-08,4.368e-08,5.376e-08,5.745e-08,6.214e-08,6.516e-08,3.036e-08,6.701e-08,5.713,4.394,4.956,5.453,6.207,7.267,3.948,12.27,0.03158,0.01275,0.02476,0.03005,0.03932,0.05369,0.002513,0.06426,0.07626,0.02493,0.05768,0.07175,0.09501,0.136,0.004524,0.1776,2.741,1.141,2.185,2.693,3.413,4.403,0.2299,5.137,4.652,1.577,3.436,4.393,5.257,7.448,0.289,16.55
90,1200,83.65,77.06,82.48,83.89,85.67,89.1,66.92,94.45,36.02,30.42,33.39,35.68,37.39,46.76,23.93,59.29,0.9557,0.8914,0.948,0.9639,0.9754,0.9877,0.829,0.9988,1.769,1.143,1.413,1.603,1.95,2.942,0.7603,4.903,3.044e+05,1.68e+05,2.383e+05,3.067e+05,3.633e+05,4.593e+05,39916,585787,2.479,1.347,1.974,2.431,2.814,3.92,0.3335,4.373,0.05256,0.03892,0.04918,0.0536,0.05694,0.06351,0.03157,0.07397,5.338e-08,4.064e-08,5.073e-08,5.508e-08,5.713e-08,6.091e-08,3.297e-08,6.251e-08,5.768,4.56,5.166,5.626,6.28,7.271,4.19,10.38,0.02988,0.01572,0.02351,0.02906,0.03458,0.04787,0.003672,0.06352,0.07182,0.03132,0.05355,0.06856,0.08434,0.1298,0.006612,0.1776,2.601,1.393,2.08,2.594,2.966,4.166,0.3359,5.127,4.414,1.844,3.223,4.039,4.937,8.132,0.4224,14.45
90,1600,83.57,77.35,82.63,83.86,85.55,89.01,62.83,94.45,36.02,30.39,33.37,35.71,37.39,46.76,23.94,59.29,0.9557,0.8922,0.9481,0.9633,0.9753,0.9876,0.8292,0.9988,1.794,1.154,1.43,1.595,1.946,3.141,0.7603,4.813,5.166e+05,2.756e+05,4.074e+05,5.112e+05,6.004e+05,8.009e+05,123763,1002366,2.364,1.295,1.916,2.369,2.705,3.767,0.5816,4.335,0.09148,0.06767,0.08386,0.09222,0.098,0.1134,0.05948,0.131,5.221e-08,4.192e-08,4.952e-08,5.331e-08,5.605e-08,5.791e-08,3.494e-08,6.162e-08,5.866,4.666,5.321,5.682,6.372,7.476,4.277,9.132,0.02853,0.01543,0.02288,0.02775,0.03234,0.0467,0.006405,0.06542,0.06824,0.03189,0.05,0.06603,0.07964,0.1209,0.01153,0.1717,2.481,1.355,2.031,2.449,2.824,3.979,0.5859,4.957,4.248,1.772,2.969,3.894,4.999,7.783,0.7367,12.87
90,2048,83.52,77.18,82.38,83.9,85.55,89.14,63.28,94.44,36.01,30.41,33.37,35.73,37.4,46.72,23.93,59.31,0.9557,0.8909,0.9479,0.9637,0.9753,0.9877,0.8294,0.9988,1.793,1.18,1.425,1.581,1.933,3.123,0.7603,4.828,7.851e+05,4.24e+05,6.344e+05,7.589e+05,9.306e+05,1.25e+06,155667,1486250,2.21,1.191,1.814,2.116,2.516,3.592,0.4502,4.261,0.1451,0.1076,0.1338,0.1477,0.1553,0.1756,0.08493,0.2131,5.095e-08,4.111e-08,4.845e-08,5.254e-08,5.442e-08,5.75e-08,3.07e-08,6.03e-08,6.032,4.791,5.409,5.815,6.357,7.853,4.357,9.969,0.0267,0.01387,0.02159,0.02529,0.03054,0.04415,0.005331,0.06644,0.06378,0.02796,0.04772,0.06038,0.07639,0.1116,0.01229,0.1757,2.32,1.234,1.894,2.199,2.695,3.762,0.4918,5.069,3.995,1.586,2.901,3.535,4.506,7.575,0.7056,13.87
