quality,speed,ssimulacra2_mean,ssimulacra2_p05,ssimulacra2_p25,ssimulacra2_p50,ssimulacra2_p75,ssimulacra2_p95,ssimulacra2_min,ssimulacra2_max,psnr_mean,psnr_p05,psnr_p25,psnr_p50,psnr_p75,psnr_p95,psnr_min,psnr_max,ssim_mean,ssim_p05,ssim_p25,ssim_p50,ssim_p75,ssim_p95,ssim_min,ssim_max,butteraugli_mean,butteraugli_p05,butteraugli_p25,butteraugli_p50,butteraugli_p75,butteraugli_p95,butteraugli_min,butteraugli_max,file_size_mean,file_size_p05,file_size_p25,file_size_p50,file_size_p75,file_size_p95,file_size_min,file_size_max,bits_per_pixel_mean,bits_per_pixel_p05,bits_per_pixel_p25,bits_per_pixel_p50,bits_per_pixel_p75,bits_per_pixel_p95,bits_per_pixel_min,bits_per_pixel_max,encoding_time_mean,encoding_time_p05,encoding_time_p25,encoding_time_p50,encoding_time_p75,encoding_time_p95,encoding_time_min,encoding_time_max,encoding_time_per_pixel_mean,encoding_time_per_pixel_p05,encoding_time_per_pixel_p25,encoding_time_per_pixel_p50,encoding_time_per_pixel_p75,encoding_time_per_pixel_p95,encoding_time_per_pixel_min,encoding_time_per_pixel_max,compression_ratio_mean,compression_ratio_p05,compression_ratio_p25,compression_ratio_p50,compression_ratio_p75,compression_ratio_p95,compression_ratio_min,compression_ratio_max,bits_per_ssimulacra2_per_pixel_mean,bits_per_ssimulacra2_per_pixel_p05,bits_per_ssimulacra2_per_pixel_p25,bits_per_ssimulacra2_per_pixel_p50,bits_per_ssimulacra2_per_pixel_p75,bits_per_ssimulacra2_per_pixel_p95,bits_per_ssimulacra2_per_pixel_min,bits_per_ssimulacra2_per_pixel_max,bits_per_psnr_per_pixel_mean,bits_per_psnr_per_pixel_p05,bits_per_psnr_per_pixel_p25,bits_per_psnr_per_pixel_p50,bits_per_psnr_per_pixel_p75,bits_per_psnr_per_pixel_p95,bits_per_psnr_per_pixel_min,bits_per_psnr_per_pixel_max,bits_per_ssim_per_pixel_mean,bits_per_ssim_per_pixel_p05,bits_per_ssim_per_pixel_p25,bits_per_ssim_per_pixel_p50,bits_per_ssim_per_pixel_p75,bits_per_ssim_per_pixel_p95,bits_per_ssim_per_pixel_min,bits_per_ssim_per_pixel_max,bits_per_butteraugli_per_pixel_mean,bits_per_butteraugli_per_pixel_p05,bits_per_butteraugli_per_pixel_p25,bits_per_butteraugli_per_pixel_p50,bits_per_butteraugli_per_pixel_p75,bits_per_butteraugli_per_pixel_p95,bits_per_butteraugli_per_pixel_min,bits_per_butteraugli_per_pixel_max
35,0,51.84,41.29,47.73,51.76,56.11,63.85,26.29,68.85,32.93,29.99,31.77,32.71,33.62,36.82,27.9,40.48,0.9037,0.8578,0.8933,0.9109,0.9231,0.9549,0.6285,0.9773,5.964,4.916,5.461,5.877,6.479,6.994,4.786,8.191,1.166e+05,3.096e+04,8.194e+04,1.055e+05,1.301e+05,2.571e+05,9388,388606,0.3342,0.08288,0.237,0.3018,0.3905,0.6496,0.02715,1.351,111.9,49.57,87.47,111.2,130.2,181.4,21.11,246.4,3.984e-05,1.675e-05,3.28e-05,3.867e-05,4.718e-05,6.556e-05,7.631e-06,0.0001011,47.77,23.73,33.92,41.61,48.67,97.06,14.09,149.3,0.006562,0.001653,0.004408,0.006037,0.007573,0.01376,0.0003944,0.0292,0.01052,0.002301,0.007142,0.009423,0.01216,0.02128,0.0006707,0.04843,0.3717,0.09246,0.2546,0.3328,0.4409,0.7132,0.02778,1.552,1.913,0.5217,1.384,1.741,2.223,3.58,0.1719,6.668
35,1,51.13,40.54,46.51,51.09,55.33,62.92,25.23,68.71,32.85,29.88,31.68,32.63,33.58,36.78,27.82,40.39,0.9023,0.8578,0.89,0.9091,0.9211,0.9536,0.627,0.9771,6.132,5.226,5.622,6.003,6.419,7.94,4.838,8.335,1.157e+05,3.074e+04,8.151e+04,1.04e+05,1.292e+05,2.516e+05,9376,384159,0.3317,0.08224,0.2357,0.2998,0.3857,0.6369,0.02712,1.336,43.15,21.57,34.83,41.66,49.43,70.09,8.418,85.08,1.536e-05,7.434e-06,1.229e-05,1.49e-05,1.751e-05,2.534e-05,3.043e-06,3.523e-05,48.04,24.12,34.18,41.49,49.04,97.7,14.25,152.2,0.006628,0.001658,0.004446,0.006099,0.007646,0.01398,0.0003946,0.02969,0.01047,0.002285,0.00712,0.00942,0.01205,0.02094,0.0006713,0.04801,0.3697,0.09176,0.2534,0.3323,0.4336,0.7018,0.02775,1.54,1.945,0.563,1.423,1.84,2.307,3.504,0.2024,6.981
35,2,50.99,40.58,46.2,51.17,55.24,62.89,25.74,68.42,32.83,29.84,31.67,32.62,33.55,36.79,27.79,40.38,0.902,0.8569,0.8893,0.9084,0.921,0.9532,0.6275,0.9771,6.119,5.185,5.612,6.03,6.558,7.399,5.035,7.745,1.155e+05,3.066e+04,8.138e+04,1.039e+05,1.291e+05,2.515e+05,9366,382534,0.331,0.08203,0.2353,0.3004,0.3848,0.6361,0.02709,1.33,36.15,18.76,29.74,35.27,41.28,59.52,8.021,70.66,1.286e-05,6.403e-06,1.015e-05,1.228e-05,1.467e-05,2.142e-05,2.9e-06,2.852e-05,48.14,24.16,34.19,41.53,49.13,97.89,14.31,151.9,0.006632,0.001653,0.004436,0.006108,0.007637,0.01387,0.0003959,0.0297,0.01045,0.00228,0.00711,0.009402,0.01203,0.02093,0.0006708,0.04786,0.369,0.09153,0.2532,0.3323,0.4325,0.7015,0.02772,1.534,1.956,0.529,1.473,1.748,2.293,3.537,0.1839,7.146
35,3,50.44,40.01,45.73,50.65,54.93,62.43,24.9,68.33,32.75,29.76,31.55,32.45,33.46,36.72,27.74,40.3,0.9008,0.8556,0.8881,0.9076,0.9205,0.9521,0.6239,0.977,6.33,5.258,5.787,6.151,6.635,7.571,4.955,9.511,1.149e+05,3.033e+04,8.088e+04,1.032e+05,1.279e+05,2.505e+05,9338,380995,0.3292,0.08114,0.2339,0.2955,0.3797,0.6337,0.02701,1.325,23.2,10.97,18.18,23.32,26.89,39.48,4.524,46.28,8.248e-06,3.709e-06,6.34e-06,8.365e-06,9.452e-06,1.285e-05,1.635e-06,1.878e-05,48.5,24.23,34.35,41.51,49.43,99.13,14.37,154.2,0.006672,0.001658,0.004439,0.006124,0.007686,0.01406,0.0003952,0.02984,0.01042,0.002259,0.007085,0.009346,0.01191,0.0209,0.0006702,0.04774,0.3676,0.09061,0.2527,0.3309,0.4313,0.6996,0.02764,1.53,1.986,0.5563,1.522,1.799,2.303,3.662,0.1985,6.563
35,4,50.2,40.08,45.41,50.47,55.07,62.29,25.37,68.1,32.72,29.65,31.52,32.44,33.42,36.71,27.67,40.33,0.9002,0.854,0.8865,0.9067,0.9197,0.9517,0.6237,0.977,6.175,5.325,5.747,6.177,6.534,7.21,4.9,7.769,1.157e+05,3.027e+04,8.149e+04,1.043e+05,1.295e+05,2.508e+05,9463,380465,0.3317,0.08101,0.2357,0.2982,0.3832,0.6339,0.02737,1.323,13,7.662,10.07,12.22,14.92,22.61,2.752,23.8,4.62e-06,2.712e-06,3.684e-06,4.418e-06,5.406e-06,7.25e-06,9.949e-07,1.034e-05,48.12,24.19,34.03,40.57,49.33,98.23,14.39,154,0.006761,0.001645,0.004534,0.006155,0.00777,0.01409,0.0004019,0.03006,0.01051,0.002255,0.007145,0.00938,0.01204,0.02097,0.0006786,0.04781,0.3707,0.09045,0.2566,0.3345,0.4339,0.7014,0.02801,1.531,1.991,0.5367,1.448,1.885,2.242,3.581,0.1691,7.552
35,5,49.9,39.75,44.97,50.17,54.91,61.84,25.17,67.98,32.58,29.49,31.37,32.39,33.28,36.56,27.54,40.2,0.8985,0.8525,0.8848,0.9054,0.9178,0.9505,0.6235,0.9764,6.141,5.453,5.649,6.025,6.519,7.109,5.275,7.704,1.156e+05,3.025e+04,8.134e+04,1.037e+05,1.296e+05,2.495e+05,9586,381979,0.3312,0.08094,0.2355,0.2981,0.3845,0.6302,0.02772,1.328,9.055,5.483,7.561,8.918,10.46,15.3,2.227,15.92,3.218e-06,1.92e-06,2.634e-06,3.165e-06,3.677e-06,4.891e-06,8.05e-07,6.808e-06,48.19,24.3,34.17,40.43,49.58,97.82,14.33,154.1,0.0068,0.001646,0.004555,0.006181,0.007806,0.01421,0.0004078,0.03052,0.01055,0.002258,0.007164,0.009371,0.01211,0.02096,0.0006897,0.04822,0.371,0.09044,0.2577,0.3344,0.4321,0.6996,0.02839,1.541,1.972,0.5192,1.432,1.773,2.259,3.599,0.1808,7.236
35,6,47.6,37.34,42.36,48.22,52.56,59.39,23.68,67.65,32.32,29.04,31.17,32.09,33.05,36.38,27.08,40.03,0.8932,0.8428,0.8799,0.8992,0.9155,0.9471,0.6217,0.9758,6.598,5.646,6.107,6.474,6.837,8.278,5.133,9.695,1.161e+05,3.182e+04,8.196e+04,1.047e+05,1.307e+05,2.461e+05,10484,364226,0.3326,0.08514,0.237,0.3027,0.3823,0.6191,0.03032,1.266,2.071,1.132,1.607,1.972,2.571,3.186,0.5953,4.122,7.347e-07,4.121e-07,5.798e-07,6.906e-07,8.919e-07,1.106e-06,2.152e-07,1.49e-06,47.1,24.67,33.94,39.85,49.4,93.32,15.03,146.9,0.007209,0.001789,0.004799,0.0064,0.008348,0.01493,0.0004482,0.03187,0.01069,0.002387,0.007326,0.009541,0.01225,0.02082,0.0007574,0.04676,0.375,0.09536,0.2671,0.3396,0.4334,0.6957,0.03107,1.488,2.14,0.5413,1.634,2.007,2.504,4.335,0.197,7.139
35,7,43.71,34.14,39.22,44.51,48.18,54.57,19.38,63.63,31.66,28.71,30.48,31.4,32.3,35.6,26.82,39.09,0.883,0.8339,0.87,0.8876,0.9052,0.9385,0.6138,0.9736,7.702,6.304,6.878,7.427,8.242,9.872,6.055,11.15,1.116e+05,3.229e+04,7.831e+04,1.042e+05,1.244e+05,2.369e+05,10644,350214,0.3194,0.08688,0.2267,0.2915,0.3664,0.5964,0.03078,1.218,1.45,0.8703,1.206,1.498,1.642,2.102,0.4963,2.347,5.14e-07,3.055e-07,4.431e-07,5.076e-07,5.998e-07,6.876e-07,1.794e-07,8.234e-07,47.92,25.82,36.04,42.08,51.83,93.72,15.63,130.9,0.007518,0.002026,0.005018,0.00702,0.008746,0.01497,0.0004838,0.03255,0.01045,0.002493,0.007118,0.009277,0.01187,0.02033,0.0007875,0.0454,0.3646,0.09827,0.2589,0.3229,0.4148,0.6736,0.03162,1.448,2.375,0.7806,1.741,2.253,2.67,4.302,0.2549,7.802
35,8,41.19,30.68,36.56,42.46,46.5,51.88,15.97,62.95,31.54,28.53,30.35,31.28,32.22,35.56,26.61,39.06,0.8781,0.8264,0.8672,0.8828,0.9001,0.9359,0.6148,0.973,8.399,6.71,7.724,8.449,8.933,10.38,6.316,11.26,1.116e+05,3.201e+04,7.729e+04,1.032e+05,1.246e+05,2.339e+05,10980,351311,0.3194,0.0864,0.2244,0.287,0.3651,0.592,0.03175,1.221,0.8011,0.4257,0.6218,0.7904,0.9624,1.282,0.2981,1.333,2.839e-07,1.442e-07,2.287e-07,2.612e-07,3.466e-07,4.346e-07,1.077e-07,4.826e-07,47.9,25.96,36.17,42.73,51.92,92.85,15.58,134.2,0.008101,0.002087,0.005475,0.007543,0.009369,0.01704,0.0005044,0.03619,0.0105,0.002484,0.007132,0.009323,0.01185,0.02026,0.000813,0.0459,0.367,0.0999,0.26,0.3227,0.4199,0.6736,0.03264,1.471,2.674,0.6887,1.953,2.422,2.838,4.593,0.2743,12.66
35,9,40.9,30.24,36.01,42.46,46.25,51.07,16.97,63.71,31.23,28.01,29.87,31.02,31.88,35.54,26.03,38.96,0.8748,0.8209,0.866,0.8784,0.8966,0.9352,0.6171,0.9732,8.028,6.574,7.453,8.026,8.521,9.822,6.255,11,1.236e+05,3.343e+04,8.086e+04,1.088e+05,1.386e+05,3.135e+05,13041,362702,0.3538,0.09003,0.2395,0.3105,0.3962,0.8393,0.03771,1.261,0.3531,0.2677,0.3247,0.3465,0.3881,0.4448,0.2181,0.4906,1.251e-07,9.803e-08,1.111e-07,1.248e-07,1.333e-07,1.564e-07,7.934e-08,1.772e-07,43.95,20.74,33.15,41.15,49.66,79.28,12.68,134.1,0.008997,0.00227,0.005726,0.00791,0.0102,0.02014,0.0005919,0.0403,0.01178,0.002592,0.007465,0.009988,0.01304,0.03012,0.0009681,0.04844,0.4084,0.1043,0.2848,0.3434,0.4621,0.9661,0.03875,1.535,2.842,0.7029,1.958,2.442,3.156,6.169,0.2706,12.29
35,10,40.9,30.24,36.01,42.46,46.25,51.07,16.97,63.71,31.23,28.01,29.87,31.02,31.88,35.54,26.03,38.96,0.8748,0.8209,0.866,0.8784,0.8966,0.9352,0.6171,0.9732,8.028,6.574,7.453,8.026,8.521,9.822,6.255,11,1.236e+05,3.343e+04,8.086e+04,1.088e+05,1.386e+05,3.135e+05,13041,362702,0.3538,0.09003,0.2395,0.3105,0.3962,0.8393,0.03771,1.261,0.3558,0.2679,0.3257,0.3488,0.3871,0.4571,0.2195,0.485,1.262e-07,1.002e-07,1.141e-07,1.25e-07,1.348e-07,1.613e-07,7.934e-08,1.787e-07,43.95,20.74,33.15,41.15,49.66,79.28,12.68,134.1,0.008997,0.00227,0.005726,0.00791,0.0102,0.02014,0.0005919,0.0403,0.01178,0.002592,0.007465,0.009988,0.01304,0.03012,0.0009681,0.04844,0.4084,0.1043,0.2848,0.3434,0.4621,0.9661,0.03875,1.535,2.842,0.7029,1.958,2.442,3.156,6.169,0.2706,12.29
50,0,69.09,60.68,66.9,69.5,71.96,76.66,54.81,77.78,35.93,33.43,35.16,35.78,36.48,38.89,31.57,42.5,0.9426,0.9004,0.9333,0.9502,0.9571,0.9741,0.8614,0.982,3.675,3.126,3.352,3.653,3.885,4.324,2.875,5.411,2.178e+05,5.84e+04,1.558e+05,1.986e+05,2.576e+05,4.755e+05,17566,682793,0.6237,0.1579,0.4506,0.5528,0.7285,1.271,0.0508,2.374,108.9,60.68,91.87,104.4,124.6,176.3,23.52,218,3.866e-05,1.93e-05,3.296e-05,3.751e-05,4.595e-05,6.053e-05,8.502e-06,7.818e-05,25.26,13.64,17.67,21.26,25.37,53.04,8.017,71.51,0.009044,0.002399,0.006336,0.007838,0.01042,0.02049,0.0006531,0.03532,0.01783,0.004069,0.0122,0.01533,0.02104,0.03869,0.001203,0.0752,0.6626,0.1693,0.4691,0.5852,0.7942,1.398,0.05173,2.537,2.204,0.6354,1.663,2.126,2.599,4.329,0.223,7.372
50,1,68.59,60.16,66.05,68.88,71.61,76.05,53.65,77.7,35.86,33.32,35.11,35.7,36.4,38.86,31.47,42.46,0.9415,0.8993,0.9318,0.9483,0.9566,0.9735,0.8561,0.9819,3.717,3.253,3.383,3.721,3.914,4.218,2.977,6.112,2.15e+05,5.821e+04,1.543e+05,1.968e+05,2.514e+05,4.687e+05,17386,671391,0.6157,0.1573,0.4462,0.5432,0.716,1.242,0.05028,2.334,59.68,29.98,49.45,54.56,66.64,95.19,12.36,116.5,2.122e-05,1.005e-05,1.757e-05,1.951e-05,2.379e-05,3.441e-05,4.467e-06,4.541e-05,25.56,13.82,17.92,21.85,25.67,53.28,8.153,72.12,0.009009,0.002391,0.006286,0.007886,0.01051,0.02043,0.0006471,0.03542,0.01764,0.004056,0.01209,0.01523,0.02054,0.03794,0.001191,0.07417,0.6549,0.1687,0.4648,0.5761,0.7815,1.372,0.05121,2.501,2.211,0.6046,1.725,2.001,2.583,4.063,0.2094,8.086
50,2,68.51,60.09,65.9,68.82,71.43,75.92,53.51,77.78,35.85,33.3,35.1,35.67,36.39,38.85,31.45,42.47,0.9414,0.8991,0.9317,0.9481,0.9565,0.9734,0.8559,0.9819,3.787,3.28,3.546,3.716,4,4.32,3.051,5.992,2.148e+05,5.806e+04,1.542e+05,1.967e+05,2.508e+05,4.679e+05,17523,671534,0.6153,0.157,0.446,0.5408,0.7147,1.242,0.05068,2.335,49.74,27.17,41.16,46.88,55.7,77.64,10.4,92.48,1.766e-05,8.954e-06,1.472e-05,1.664e-05,2.031e-05,2.804e-05,3.761e-06,3.321e-05,25.58,13.83,17.95,21.88,25.67,53.26,8.152,71.94,0.009014,0.00239,0.006291,0.007907,0.01053,0.02047,0.0006516,0.03546,0.01764,0.004046,0.01209,0.01524,0.02049,0.03795,0.0012,0.07424,0.6546,0.1684,0.4648,0.5737,0.7813,1.371,0.05161,2.502,2.256,0.6097,1.652,2.122,2.698,4.252,0.2021,7.794
50,3,68.21,59.81,65.65,68.64,71.15,75.73,53.1,77.54,35.78,33.24,35.05,35.61,36.33,38.8,31.4,42.36,0.9407,0.8989,0.9307,0.9476,0.9554,0.9729,0.8539,0.9819,3.828,3.269,3.526,3.737,3.975,4.712,3.079,6.21,2.143e+05,5.776e+04,1.542e+05,1.959e+05,2.498e+05,4.675e+05,17522,670414,0.6137,0.1561,0.446,0.5423,0.7132,1.238,0.05067,2.331,32.61,16.33,26.37,31.4,37.35,49.79,6.081,65.17,1.158e-05,5.521e-06,9.531e-06,1.124e-05,1.35e-05,1.756e-05,2.198e-06,2.315e-05,25.68,13.83,18.11,21.92,25.71,53.26,8.165,72.8,0.009032,0.002385,0.006302,0.007886,0.01063,0.02056,0.0006535,0.03545,0.01763,0.004028,0.01212,0.01522,0.02045,0.0379,0.001201,0.07423,0.6535,0.1675,0.4648,0.5755,0.7786,1.369,0.05161,2.5,2.289,0.5954,1.67,2.128,2.637,4.418,0.1973,7.656
50,4,67.9,59.5,65.2,68.24,70.84,75.49,52.8,77.58,35.74,33.16,34.99,35.54,36.27,38.79,31.33,42.36,0.9401,0.8987,0.9302,0.9472,0.9552,0.9726,0.8524,0.9818,3.776,3.22,3.421,3.766,4,4.5,3.036,4.898,2.153e+05,5.811e+04,1.549e+05,1.976e+05,2.503e+05,4.684e+05,17699,668878,0.6166,0.1567,0.4479,0.5462,0.7161,1.234,0.05119,2.325,17.64,10.22,14.18,16.81,19.89,29.4,3.562,31.6,6.267e-06,3.527e-06,5.133e-06,6.077e-06,7.07e-06,9.611e-06,1.288e-06,1.327e-05,25.55,13.79,17.96,21.59,25.48,52.68,8.184,72.86,0.009123,0.002398,0.006384,0.00792,0.01081,0.02064,0.0006597,0.03568,0.01774,0.004051,0.01225,0.0153,0.02053,0.03788,0.001213,0.07422,0.6571,0.1684,0.4671,0.5804,0.7828,1.367,0.05213,2.497,2.254,0.6626,1.706,2.169,2.583,4.52,0.2316,8.118
50,5,67.71,59.27,64.83,68.1,70.85,75.37,51.81,77.43,35.59,33.04,34.81,35.41,36.09,38.62,31.22,42.18,0.939,0.8985,0.929,0.9458,0.9541,0.972,0.8536,0.9815,3.859,3.408,3.609,3.837,4.041,4.433,2.964,4.898,2.153e+05,5.792e+04,1.552e+05,1.977e+05,2.484e+05,4.682e+05,17737,669781,0.6167,0.1564,0.4489,0.5451,0.7142,1.228,0.0513,2.329,11.84,7.133,9.929,11.48,13.7,19.46,2.765,20.82,4.205e-06,2.449e-06,3.588e-06,4.063e-06,4.778e-06,6.628e-06,9.996e-07,8.362e-06,25.55,13.78,17.88,21.77,25.53,52.67,8.173,73.31,0.009157,0.002399,0.00642,0.007928,0.01085,0.02085,0.0006625,0.03602,0.01781,0.004054,0.01235,0.0154,0.02055,0.03788,0.001219,0.07458,0.6579,0.1681,0.4685,0.5803,0.7824,1.361,0.05226,2.504,2.345,0.6053,1.652,2.208,2.687,5.004,0.2243,8.934
50,6,65.9,57.46,63.19,66.64,69.08,72.97,50.53,76.64,35.31,32.74,34.57,35.17,35.83,38.36,30.78,41.94,0.935,0.895,0.9235,0.9407,0.9496,0.9697,0.8467,0.981,4.037,3.518,3.719,3.957,4.166,5.004,3.281,6.295,2.17e+05,5.988e+04,1.574e+05,1.99e+05,2.487e+05,4.635e+05,18957,655778,0.6213,0.1616,0.4552,0.5624,0.7161,1.207,0.05482,2.28,2.569,1.375,1.982,2.497,3.131,3.911,0.6877,4.776,9.133e-07,4.661e-07,7.108e-07,8.784e-07,1.108e-06,1.426e-06,2.486e-07,1.727e-06,25.05,13.81,17.77,21.67,25.14,50.44,8.348,72.23,0.009488,0.00252,0.006763,0.008439,0.0116,0.02102,0.0007154,0.03649,0.01811,0.004205,0.01268,0.01568,0.02082,0.03753,0.001307,0.07407,0.666,0.1738,0.4762,0.598,0.7907,1.346,0.05588,2.469,2.44,0.6738,1.867,2.25,2.87,4.591,0.2312,8.153
50,7,63.8,55.91,61.08,64.76,66.75,70.88,48.03,74.54,34.72,32.43,33.94,34.45,35.18,37.74,30.53,41.26,0.9295,0.8894,0.9183,0.9366,0.9442,0.9658,0.835,0.9795,4.999,3.918,4.399,4.847,5.492,6.511,3.767,7.282,2.087e+05,6.028e+04,1.507e+05,1.931e+05,2.392e+05,4.479e+05,18313,633768,0.5976,0.1628,0.4359,0.5286,0.6828,1.191,0.05296,2.203,1.719,1.04,1.42,1.775,1.947,2.479,0.5437,2.618,6.097e-07,3.65e-07,5.164e-07,6.193e-07,7.021e-07,7.9e-07,1.965e-07,9.651e-07,25.58,14.37,18.98,21.94,26.08,50.86,8.637,65.86,0.009408,0.002748,0.0067,0.008374,0.0112,0.02099,0.0007105,0.03602,0.01768,0.004413,0.01231,0.01526,0.0199,0.03723,0.001284,0.07217,0.6444,0.1797,0.4646,0.5599,0.7452,1.334,0.05407,2.398,2.999,0.7871,2.054,2.512,3.519,5.373,0.2733,13.8
50,8,62.81,54.92,59.67,63.39,66.14,70.02,46.31,73.7,34.62,32.31,33.82,34.38,35.08,37.72,30.4,41.19,0.9265,0.887,0.9149,0.9323,0.9416,0.9634,0.8302,0.979,5.176,3.936,4.636,5.117,5.59,6.561,3.857,7.11,2.11e+05,6.163e+04,1.523e+05,2.019e+05,2.38e+05,4.45e+05,19034,643333,0.6041,0.1661,0.4405,0.5539,0.6874,1.179,0.05505,2.237,0.993,0.4656,0.7725,0.9989,1.157,1.534,0.2923,1.757,3.521e-07,1.576e-07,2.793e-07,3.407e-07,4.315e-07,5.264e-07,1.057e-07,6.35e-07,25.2,14.22,18.69,21.72,25.65,49.36,8.509,66.85,0.009673,0.002829,0.006935,0.00878,0.01146,0.02118,0.0007469,0.03766,0.01793,0.004503,0.01256,0.01583,0.02008,0.03702,0.001337,0.07358,0.6539,0.1834,0.4676,0.5959,0.7552,1.33,0.05622,2.45,3.121,0.7938,2.211,2.669,3.597,5.291,0.3071,14.57
50,9,62.42,54.66,59.19,63.39,65.43,69.56,46.53,74.08,34.29,31.62,33.39,34.07,34.81,37.66,29.84,41.04,0.9242,0.8855,0.9135,0.9274,0.9396,0.9613,0.8299,0.979,5.056,3.92,4.412,4.987,5.64,6.411,3.813,7.507,2.339e+05,6.854e+04,1.575e+05,2.163e+05,2.696e+05,5.639e+05,22759,683638,0.6695,0.1834,0.4659,0.5833,0.7673,1.499,0.06582,2.377,0.4083,0.285,0.3701,0.4018,0.4527,0.5446,0.2277,0.5923,1.446e-07,1.077e-07,1.307e-07,1.426e-07,1.547e-07,1.884e-07,8.232e-08,2.021e-07,22.91,11.16,17.27,20.31,24.86,43.69,8.007,67.91,0.01078,0.003108,0.007302,0.00984,0.01251,0.02329,0.0008885,0.04116,0.02009,0.004982,0.01329,0.01705,0.02324,0.04656,0.001604,0.07966,0.7271,0.2023,0.5089,0.631,0.8472,1.635,0.06723,2.62,3.4,0.8442,2.302,2.946,3.838,7.023,0.2885,13.48
50,10,62.42,54.66,59.19,63.39,65.43,69.56,46.53,74.08,34.29,31.62,33.39,34.07,34.81,37.66,29.84,41.04,0.9242,0.8855,0.9135,0.9274,0.9396,0.9613,0.8299,0.979,5.056,3.92,4.412,4.987,5.64,6.411,3.813,7.507,2.339e+05,6.854e+04,1.575e+05,2.163e+05,2.696e+05,5.639e+05,22759,683638,0.6695,0.1834,0.4659,0.5833,0.7673,1.499,0.06582,2.377,0.4077,0.2738,0.3673,0.4079,0.455,0.5277,0.2087,0.6043,1.444e-07,1.06e-07,1.325e-07,1.447e-07,1.55e-07,1.861e-07,7.546e-08,2.208e-07,22.91,11.16,17.27,20.31,24.86,43.69,8.007,67.91,0.01078,0.003108,0.007302,0.00984,0.01251,0.02329,0.0008885,0.04116,0.02009,0.004982,0.01329,0.01705,0.02324,0.04656,0.001604,0.07966,0.7271,0.2023,0.5089,0.631,0.8472,1.635,0.06723,2.62,3.4,0.8442,2.302,2.946,3.838,7.023,0.2885,13.48
65,0,80.46,74.3,78.49,80.72,82.28,84.56,72.17,85.48,39.19,37.22,38.75,39.15,39.58,41.48,35.51,44.71,0.9676,0.9458,0.9614,0.9715,0.9764,0.9835,0.9179,0.987,2.374,2.011,2.099,2.324,2.493,3.225,1.857,3.443,3.901e+05,1.196e+05,2.849e+05,3.738e+05,4.541e+05,8.087e+05,40060,1113730,1.115,0.326,0.8181,0.9899,1.313,2.267,0.1159,3.872,134.3,87.4,116,131.8,156.3,202.9,36.1,234.3,4.755e-05,2.962e-05,4.192e-05,4.566e-05,5.564e-05,6.905e-05,1.305e-05,8.109e-05,13.47,7.57,9.978,11.51,14.3,26.35,4.915,41.55,0.01381,0.004301,0.01038,0.01259,0.01584,0.02879,0.001371,0.04797,0.02894,0.008025,0.02082,0.02555,0.03372,0.06115,0.002622,0.1091,1.151,0.3444,0.853,1.032,1.354,2.343,0.1174,3.991,2.55,0.8075,1.977,2.431,2.997,4.617,0.2919,7.94
65,1,80.16,73.76,78.24,80.62,82.07,84.38,72.04,85.43,39.14,37.13,38.7,39.09,39.53,41.45,35.42,44.72,0.967,0.9436,0.9604,0.971,0.9759,0.9833,0.9183,0.9869,2.435,2.008,2.154,2.348,2.554,3.387,1.992,4.111,3.856e+05,1.182e+05,2.815e+05,3.716e+05,4.552e+05,8.024e+05,39625,1100575,1.102,0.3222,0.7992,0.978,1.316,2.237,0.1146,3.826,77.74,49.04,65.93,73.47,86.37,119.2,17.7,138.6,2.757e-05,1.607e-05,2.357e-05,2.584e-05,3.128e-05,4.205e-05,6.398e-06,5.032e-05,13.62,7.67,10.02,11.62,14.45,26.61,4.974,41.32,0.01371,0.004262,0.01023,0.01256,0.01591,0.02864,0.001359,0.04775,0.02867,0.007939,0.02039,0.02525,0.03383,0.06052,0.002597,0.108,1.139,0.3404,0.8341,1.018,1.355,2.316,0.1161,3.948,2.585,0.8235,1.942,2.437,3.09,4.745,0.2919,8.582
65,2,80.13,74,78.19,80.55,82,84.38,72.06,85.34,39.12,37.11,38.69,39.07,39.52,41.44,35.38,44.7,0.9669,0.9436,0.9602,0.9708,0.9758,0.9832,0.9185,0.9869,2.364,2.007,2.169,2.336,2.476,2.917,1.918,3.347,3.858e+05,1.182e+05,2.816e+05,3.726e+05,4.565e+05,8.017e+05,39594,1099929,1.103,0.322,0.7982,0.9784,1.32,2.236,0.1145,3.824,64.85,38.65,54.66,61.61,73.51,101.7,15.88,109.4,2.297e-05,1.369e-05,1.931e-05,2.233e-05,2.674e-05,3.529e-05,5.741e-06,3.703e-05,13.62,7.675,10,11.59,14.42,26.64,4.977,41.43,0.01372,0.00426,0.01025,0.01257,0.01597,0.02867,0.001357,0.04776,0.02869,0.007936,0.02037,0.02528,0.03394,0.06053,0.002594,0.1081,1.139,0.3403,0.8333,1.019,1.358,2.315,0.116,3.947,2.526,0.8044,1.99,2.359,2.965,4.678,0.3113,8.374
65,3,79.98,73.95,77.88,80.31,81.92,84.34,71.95,85.35,39.06,37.04,38.62,38.98,39.46,41.39,35.34,44.6,0.9665,0.9429,0.9597,0.9703,0.9754,0.9829,0.9181,0.9869,2.404,2.035,2.157,2.336,2.518,3,1.997,4.011,3.851e+05,1.173e+05,2.81e+05,3.719e+05,4.581e+05,8.017e+05,39844,1099174,1.101,0.3196,0.7952,0.9787,1.325,2.234,0.1152,3.821,43.11,26.18,35.82,42.52,48.34,64.43,9.988,76.77,1.528e-05,8.715e-06,1.256e-05,1.494e-05,1.747e-05,2.253e-05,3.611e-06,2.613e-05,13.66,7.684,9.982,11.63,14.48,26.78,4.98,42.12,0.01372,0.004233,0.01022,0.01252,0.01597,0.02867,0.001367,0.0478,0.02869,0.007879,0.02032,0.02525,0.03414,0.06054,0.002612,0.1081,1.138,0.3378,0.8307,1.018,1.36,2.313,0.1168,3.945,2.583,0.8169,1.889,2.338,3.02,4.631,0.2966,8.613
65,4,79.72,73.73,77.65,80.02,81.64,84.09,71.84,85.11,39,36.97,38.59,38.89,39.42,41.38,35.27,44.61,0.966,0.9413,0.9588,0.9698,0.9748,0.9826,0.917,0.9868,2.371,2.019,2.174,2.336,2.567,2.768,1.923,3.574,3.86e+05,1.177e+05,2.816e+05,3.722e+05,4.621e+05,8.009e+05,40114,1095902,1.103,0.3207,0.7949,0.9821,1.337,2.224,0.116,3.81,21.35,12.24,17.76,20.24,24.23,32.58,4.91,37.74,7.577e-06,4.227e-06,6.474e-06,7.233e-06,8.75e-06,1.164e-05,1.775e-06,1.406e-05,13.61,7.718,9.99,11.65,14.4,26.62,4.995,41.51,0.0138,0.004251,0.01023,0.01264,0.01613,0.02869,0.001379,0.04782,0.02881,0.007907,0.02033,0.02544,0.03444,0.06044,0.002631,0.108,1.141,0.3389,0.8298,1.024,1.368,2.305,0.1176,3.936,2.536,0.8592,1.922,2.367,2.97,4.638,0.3233,8.548
65,5,79.57,73.31,77.48,80.02,81.48,84.11,71.81,85.07,38.86,36.81,38.35,38.81,39.3,41.22,35.16,44.46,0.9652,0.9396,0.9571,0.9689,0.9739,0.9821,0.9168,0.9866,2.386,2.043,2.179,2.368,2.527,2.739,1.889,3.576,3.851e+05,1.172e+05,2.808e+05,3.724e+05,4.618e+05,8e+05,39842,1095598,1.101,0.3191,0.7898,0.9833,1.336,2.218,0.1152,3.809,14.88,8.48,12.46,15,16.57,22.46,3.179,26.54,5.279e-06,2.878e-06,4.505e-06,5.179e-06,6.001e-06,8.012e-06,1.149e-06,1.026e-05,13.65,7.741,10.02,11.68,14.46,26.74,4.997,41.54,0.0138,0.004234,0.01017,0.01263,0.01613,0.02879,0.001368,0.048,0.02885,0.007893,0.02021,0.02551,0.03456,0.06054,0.002617,0.1083,1.14,0.3376,0.8229,1.023,1.37,2.302,0.1168,3.938,2.558,0.8745,1.928,2.481,2.998,4.534,0.2988,9.055
65,6,78.24,72.03,76.49,78.83,80.11,82.8,70.39,83.67,38.55,36.59,38.09,38.48,38.89,41.01,34.7,44.11,0.9623,0.9341,0.9542,0.9663,0.9716,0.9806,0.9148,0.9861,2.554,2.217,2.37,2.512,2.662,3.158,2.099,3.341,3.878e+05,1.192e+05,2.828e+05,3.701e+05,4.673e+05,7.998e+05,40778,1085737,1.109,0.3239,0.7965,0.9989,1.36,2.184,0.1179,3.775,3.06,1.463,2.354,2.891,3.701,4.755,0.818,5.75,1.086e-06,5.289e-07,8.515e-07,1.064e-06,1.312e-06,1.803e-06,2.957e-07,2.079e-06,13.48,7.859,9.909,11.64,14.26,26.16,5.042,38.86,0.01415,0.004334,0.01036,0.01297,0.01677,0.02884,0.001412,0.04861,0.02931,0.008036,0.02037,0.02598,0.03559,0.06013,0.002689,0.1088,1.151,0.3429,0.8272,1.037,1.4,2.273,0.1196,3.921,2.801,0.8448,2.074,2.648,3.252,5.197,0.335,10.69
65,7,77.24,71.12,75.38,77.86,79.2,81.8,69.09,82.87,38.04,36.3,37.51,37.92,38.36,40.19,34.46,43.55,0.9595,0.9294,0.9511,0.9635,0.9696,0.9792,0.9118,0.9849,2.949,2.442,2.67,2.905,3.223,3.693,2.234,3.835,3.754e+05,1.269e+05,2.656e+05,3.642e+05,4.455e+05,7.807e+05,37026,1057014,1.073,0.3445,0.7636,0.9555,1.294,2.167,0.1071,3.675,1.94,1.056,1.641,2.02,2.293,2.724,0.6186,2.953,6.878e-07,3.816e-07,5.829e-07,6.921e-07,8.286e-07,8.891e-07,2.236e-07,1.125e-06,13.77,7.918,10.48,11.94,14.64,25.65,5.179,34.22,0.01386,0.004655,0.00986,0.01252,0.01643,0.02877,0.001301,0.04769,0.02872,0.008642,0.01978,0.02547,0.03463,0.05991,0.002473,0.1066,1.118,0.3657,0.8,1.006,1.347,2.259,0.1087,3.824,3.092,1.012,2.361,3,3.597,5.06,0.32,9.357
65,8,76.88,70.88,75.11,77.66,78.84,81.39,68.49,82.4,37.96,36.2,37.43,37.84,38.28,40.15,34.38,43.38,0.9582,0.9287,0.9497,0.963,0.9678,0.9779,0.9111,0.9847,3.096,2.389,2.737,3.023,3.404,3.968,2.33,5.112,3.812e+05,1.292e+05,2.766e+05,3.672e+05,4.482e+05,7.815e+05,38084,1075784,1.09,0.3504,0.7999,0.9933,1.31,2.172,0.1101,3.74,1.162,0.5362,0.959,1.151,1.364,1.749,0.3655,2.1,4.124e-07,1.809e-07,3.467e-07,3.968e-07,4.931e-07,6.052e-07,1.321e-07,7.474e-07,13.5,7.909,10.23,11.76,14.34,24.99,5.089,32.85,0.01414,0.004752,0.01015,0.01273,0.01667,0.02901,0.001339,0.04879,0.02922,0.008792,0.02082,0.02648,0.03523,0.06024,0.002546,0.1088,1.137,0.3721,0.8376,1.034,1.369,2.269,0.1119,3.902,3.311,1.047,2.47,2.982,3.885,5.762,0.3482,10.63
65,9,76.64,70.69,74.95,77.49,78.59,80.95,68.38,82.24,37.72,35.84,37.13,37.59,38.06,40.13,33.98,43.3,0.9573,0.9276,0.9487,0.9627,0.9669,0.9775,0.9118,0.9847,3.087,2.348,2.692,2.977,3.379,4.043,2.303,5.112,4.195e+05,1.444e+05,2.976e+05,3.892e+05,5.051e+05,9.019e+05,44387,1158661,1.199,0.389,0.8671,1.055,1.429,2.429,0.1284,4.028,0.4575,0.2832,0.416,0.4499,0.5204,0.594,0.2376,0.6628,1.621e-07,1.024e-07,1.468e-07,1.632e-07,1.817e-07,2.025e-07,8.633e-08,2.642e-07,12.31,6.62,9.413,10.93,13.46,22.01,4.725,30.93,0.01561,0.005248,0.01103,0.01413,0.01825,0.03109,0.001561,0.05317,0.03241,0.009731,0.02274,0.02816,0.03837,0.06722,0.002971,0.1186,1.253,0.4119,0.901,1.109,1.482,2.549,0.1304,4.215,3.689,1.132,2.686,3.42,4.293,7.683,0.3659,11.52
65,10,76.64,70.69,74.95,77.49,78.59,80.95,68.38,82.24,37.72,35.84,37.13,37.59,38.06,40.13,33.98,43.3,0.9573,0.9276,0.9487,0.9627,0.9669,0.9775,0.9118,0.9847,3.087,2.348,2.692,2.977,3.379,4.043,2.303,5.112,4.195e+05,1.444e+05,2.976e+05,3.892e+05,5.051e+05,9.019e+05,44387,1158661,1.199,0.389,0.8671,1.055,1.429,2.429,0.1284,4.028,0.4644,0.2861,0.4204,0.4615,0.51,0.6164,0.2371,0.7239,1.645e-07,1.178e-07,1.52e-07,1.631e-07,1.801e-07,2.152e-07,8.646e-08,2.69e-07,12.31,6.62,9.413,10.93,13.46,22.01,4.725,30.93,0.01561,0.005248,0.01103,0.01413,0.01825,0.03109,0.001561,0.05317,0.03241,0.009731,0.02274,0.02816,0.03837,0.06722,0.002971,0.1186,1.253,0.4119,0.901,1.109,1.482,2.549,0.1304,4.215,3.689,1.132,2.686,3.42,4.293,7.683,0.3659,11.52
80,0,86.3,83.31,85.15,86.37,87.7,88.89,79.39,89.64,41.9,40.51,41.3,41.82,42.3,43.74,38.77,46.57,0.9804,0.9655,0.9776,0.9827,0.9857,0.9895,0.9443,0.9921,1.638,1.288,1.479,1.672,1.743,1.965,1.256,2.368,5.966e+05,2.417e+05,4.486e+05,5.635e+05,6.701e+05,1.122e+06,86377,1559326,1.702,0.6649,1.313,1.606,1.938,3.227,0.2498,5.421,156.5,96.95,134.6,154.3,186,220.4,44.81,249,5.54e-05,3.52e-05,4.887e-05,5.506e-05,6.643e-05,7.398e-05,1.62e-05,8.426e-05,8.327,5.321,6.787,7.574,9.063,12.55,3.511,25.98,0.01966,0.008009,0.01537,0.01825,0.02184,0.03715,0.002989,0.06224,0.04112,0.01565,0.03116,0.0381,0.04642,0.07974,0.005404,0.1398,1.735,0.6899,1.347,1.631,1.98,3.277,0.2535,5.508,2.685,1.206,2.193,2.636,3.09,4.105,0.472,8.236
80,1,86.07,83.1,84.87,86.12,87.48,88.83,78.91,89.55,41.84,40.45,41.23,41.78,42.23,43.7,38.69,46.5,0.9799,0.965,0.9767,0.9823,0.9855,0.9894,0.9434,0.9919,1.684,1.4,1.519,1.67,1.808,2.028,1.303,2.319,5.894e+05,2.359e+05,4.408e+05,5.557e+05,6.707e+05,1.117e+06,86187,1545676,1.682,0.6488,1.294,1.584,1.932,3.205,0.2493,5.374,92.14,58.99,77.17,88.18,104.4,141.5,23.44,147.6,3.263e-05,2.142e-05,2.719e-05,3.188e-05,3.773e-05,5.019e-05,8.474e-06,5.283e-05,8.444,5.355,6.799,7.654,9.244,12.9,3.542,26.03,0.01948,0.007828,0.01526,0.01817,0.02189,0.03701,0.002959,0.06189,0.0407,0.0153,0.03068,0.03793,0.04608,0.07944,0.005393,0.1389,1.715,0.6736,1.322,1.624,1.96,3.257,0.2529,5.464,2.75,1.189,2.177,2.682,3.066,4.558,0.4777,8.259
80,2,86.03,83.06,84.83,86.14,87.4,88.79,78.92,89.56,41.81,40.43,41.19,41.76,42.2,43.69,38.65,46.51,0.9798,0.965,0.9766,0.9822,0.9855,0.9893,0.943,0.9919,1.686,1.385,1.521,1.672,1.815,2.039,1.279,2.32,5.895e+05,2.358e+05,4.415e+05,5.565e+05,6.722e+05,1.117e+06,86189,1545189,1.682,0.6486,1.294,1.584,1.933,3.205,0.2493,5.372,77.67,50.37,64.51,73.86,86.62,116.4,19.65,132.3,2.749e-05,1.88e-05,2.318e-05,2.666e-05,3.131e-05,4.194e-05,7.102e-06,4.338e-05,8.442,5.356,6.785,7.641,9.242,12.91,3.543,26.03,0.0195,0.007819,0.01527,0.0182,0.02195,0.03702,0.002968,0.06193,0.04073,0.01529,0.03071,0.038,0.04615,0.07952,0.005394,0.139,1.716,0.6734,1.322,1.623,1.961,3.256,0.2529,5.463,2.76,1.157,2.156,2.721,3.124,4.342,0.4781,8.958
80,3,85.95,82.93,84.76,86.1,87.36,88.77,78.87,89.58,41.76,40.39,41.15,41.66,42.12,43.63,38.58,46.46,0.9796,0.9648,0.9764,0.982,0.9852,0.9889,0.9427,0.9919,1.724,1.365,1.552,1.696,1.889,2.067,1.32,2.529,5.894e+05,2.346e+05,4.408e+05,5.571e+05,6.749e+05,1.117e+06,84674,1544568,1.682,0.6451,1.289,1.582,1.937,3.204,0.2449,5.37,48.94,28.84,40.46,48.59,54.1,73.79,11.83,79.37,1.732e-05,1.047e-05,1.465e-05,1.712e-05,2.005e-05,2.484e-05,4.276e-06,2.826e-05,8.456,5.357,6.767,7.639,9.254,12.99,3.544,26.5,0.01951,0.007791,0.01526,0.01823,0.02203,0.03706,0.002941,0.06199,0.04078,0.01522,0.03062,0.03808,0.0463,0.07966,0.00531,0.1392,1.716,0.6699,1.316,1.614,1.965,3.257,0.2485,5.462,2.819,1.195,2.21,2.742,3.256,4.258,0.467,9.655
80,4,85.68,82.53,84.43,85.81,87.14,88.61,78.83,89.39,41.68,40.29,41.07,41.61,42.02,43.6,38.53,46.42,0.9791,0.9641,0.9759,0.9816,0.9849,0.9887,0.9416,0.9918,1.724,1.425,1.555,1.683,1.85,2.158,1.352,2.634,5.892e+05,2.355e+05,4.41e+05,5.561e+05,6.746e+05,1.114e+06,85812,1540294,1.682,0.6474,1.296,1.59,1.944,3.188,0.2482,5.355,24.13,13.96,20.29,23.69,26.8,35.28,5.598,42.36,8.552e-06,4.783e-06,7.257e-06,8.501e-06,9.687e-06,1.295e-05,2.024e-06,1.401e-05,8.445,5.386,6.74,7.638,9.234,13,3.554,26.15,0.01956,0.007832,0.01533,0.01822,0.02224,0.03705,0.002971,0.06193,0.04085,0.01529,0.03085,0.03807,0.04659,0.0796,0.005383,0.139,1.716,0.6726,1.325,1.625,1.974,3.242,0.2519,5.448,2.812,1.219,2.201,2.759,3.176,4.439,0.4597,8.753
80,5,85.56,82.28,84.25,85.68,86.96,88.52,78.76,89.38,41.53,40.16,40.9,41.4,41.88,43.46,38.42,46.3,0.9784,0.963,0.9752,0.9809,0.9845,0.9885,0.9413,0.9916,1.738,1.441,1.571,1.69,1.827,2.187,1.349,2.653,5.882e+05,2.334e+05,4.378e+05,5.563e+05,6.728e+05,1.115e+06,85547,1539712,1.679,0.6415,1.29,1.586,1.942,3.192,0.2474,5.353,17.92,9.721,15.31,18.03,19.97,26.29,4.124,31.78,6.352e-06,3.44e-06,5.535e-06,6.171e-06,7.279e-06,9.328e-06,1.491e-06,1.108e-05,8.472,5.381,6.747,7.643,9.297,13.16,3.555,26.23,0.01956,0.007777,0.01535,0.01828,0.02227,0.03712,0.002955,0.06202,0.04093,0.01522,0.03093,0.03821,0.0467,0.08,0.005383,0.1393,1.714,0.6672,1.325,1.625,1.974,3.247,0.2512,5.449,2.825,1.2,2.24,2.691,3.248,4.683,0.4794,8.883
80,6,84.63,80.93,83.28,84.74,86.13,87.75,77.64,88.4,41.17,39.76,40.65,41.08,41.52,43.26,37.95,46.07,0.9762,0.9594,0.9719,0.9785,0.9825,0.9872,0.9406,0.9911,1.855,1.568,1.734,1.84,1.949,2.185,1.472,2.341,5.928e+05,2.357e+05,4.398e+05,5.528e+05,6.86e+05,1.117e+06,90602,1538639,1.692,0.6461,1.28,1.599,1.963,3.137,0.262,5.349,2.911,1.675,2.302,2.77,3.2,5.008,0.8101,6.857,1.033e-06,5.559e-07,8.303e-07,9.6e-07,1.142e-06,1.803e-06,2.929e-07,2.382e-06,8.363,5.476,6.6,7.661,9.288,13.37,3.558,24.77,0.01994,0.007898,0.01548,0.01829,0.02276,0.03711,0.002993,0.06278,0.04164,0.01539,0.03101,0.03833,0.04784,0.0794,0.00572,0.141,1.732,0.673,1.318,1.63,1.997,3.198,0.2659,5.462,3.086,1.246,2.427,2.937,3.728,4.924,0.4772,9.903
80,7,84.14,80.26,82.83,84.27,85.72,87.18,77.24,88.06,40.76,39.41,40.14,40.65,41.11,42.59,37.76,45.38,0.9749,0.9583,0.9705,0.9771,0.9815,0.9865,0.9377,0.9899,2.047,1.597,1.838,1.999,2.219,2.584,1.487,3.306,5.718e+05,2.363e+05,4.262e+05,5.421e+05,6.521e+05,1.094e+06,77820,1504450,1.633,0.6472,1.243,1.519,1.875,3.11,0.2251,5.23,2.202,1.378,1.863,2.264,2.538,2.896,0.7043,3.602,7.8e-07,4.985e-07,6.761e-07,7.976e-07,8.909e-07,1.03e-06,2.546e-07,1.2e-06,8.635,5.518,6.853,7.934,9.491,13.92,3.639,22.21,0.01934,0.007949,0.01489,0.01789,0.02201,0.03687,0.002583,0.06158,0.04055,0.01543,0.03034,0.03743,0.04651,0.07899,0.004959,0.1385,1.673,0.6731,1.279,1.55,1.924,3.172,0.2273,5.343,3.26,1.319,2.616,2.944,4.037,5.068,0.5017,9.929
80,8,84.02,80.2,82.62,84.09,85.74,87.11,77.28,87.87,40.7,39.35,40.1,40.61,41.03,42.56,37.7,45.34,0.9743,0.9573,0.9698,0.9766,0.9811,0.986,0.9386,0.9898,2.108,1.652,1.866,2.113,2.289,2.584,1.528,3.166,5.814e+05,2.436e+05,4.319e+05,5.553e+05,6.63e+05,1.097e+06,79899,1530718,1.66,0.6672,1.278,1.531,1.905,3.126,0.2311,5.322,1.306,0.5721,1.065,1.316,1.544,1.984,0.3986,2.394,4.632e-07,2.077e-07,3.849e-07,4.661e-07,5.583e-07,6.597e-07,1.441e-07,8.558e-07,8.449,5.495,6.753,7.757,9.25,13.55,3.576,20.97,0.0197,0.008205,0.01533,0.01803,0.02241,0.03715,0.002651,0.06276,0.04129,0.01587,0.03109,0.03774,0.04733,0.07959,0.005096,0.1412,1.703,0.6921,1.311,1.562,1.956,3.192,0.2335,5.444,3.44,1.307,2.644,3.149,3.928,5.416,0.527,10.02
80,9,83.92,80.18,82.55,83.87,85.57,86.99,77.8,87.53,40.58,39.08,39.95,40.48,40.86,42.59,37.43,45.37,0.974,0.9565,0.969,0.9761,0.9806,0.9856,0.9419,0.9899,2.104,1.634,1.863,2.082,2.266,2.773,1.522,3.166,6.35e+05,2.625e+05,4.633e+05,5.838e+05,7.415e+05,1.237e+06,89192,1646410,1.814,0.7154,1.364,1.676,2.119,3.429,0.2579,5.724,0.5172,0.325,0.4645,0.5215,0.5778,0.6746,0.2352,0.8237,1.832e-07,1.175e-07,1.701e-07,1.851e-07,2.066e-07,2.214e-07,8.503e-08,3.077e-07,7.767,4.643,6.288,6.962,8.547,13.34,3.325,18.8,0.02154,0.008779,0.01641,0.02011,0.02472,0.04024,0.002956,0.06785,0.04528,0.01713,0.03347,0.04167,0.05241,0.08727,0.005685,0.1529,1.861,0.7457,1.401,1.731,2.169,3.538,0.2606,5.863,3.785,1.395,2.799,3.45,4.567,7.179,0.5371,11.08
80,10,83.92,80.18,82.55,83.87,85.57,86.99,77.8,87.53,40.58,39.08,39.95,40.48,40.86,42.59,37.43,45.37,0.974,0.9565,0.969,0.9761,0.9806,0.9856,0.9419,0.9899,2.104,1.634,1.863,2.082,2.266,2.773,1.522,3.166,6.35e+05,2.625e+05,4.633e+05,5.838e+05,7.415e+05,1.237e+06,89192,1646410,1.814,0.7154,1.364,1.676,2.119,3.429,0.2579,5.724,0.5128,0.3073,0.4582,0.5166,0.5753,0.6703,0.2594,0.8247,1.816e-07,1.111e-07,1.651e-07,1.833e-07,2.049e-07,2.291e-07,9.376e-08,3.081e-07,7.767,4.643,6.288,6.962,8.547,13.34,3.325,18.8,0.02154,0.008779,0.01641,0.02011,0.02472,0.04024,0.002956,0.06785,0.04528,0.01713,0.03347,0.04167,0.05241,0.08727,0.005685,0.1529,1.861,0.7457,1.401,1.731,2.169,3.538,0.2606,5.863,3.785,1.395,2.799,3.45,4.567,7.179,0.5371,11.08
