quality,speed,ssimulacra2_mean,ssimulacra2_p05,ssimulacra2_p25,ssimulacra2_p50,ssimulacra2_p75,ssimulacra2_p95,ssimulacra2_min,ssimulacra2_max,psnr_mean,psnr_p05,psnr_p25,psnr_p50,psnr_p75,psnr_p95,psnr_min,psnr_max,ssim_mean,ssim_p05,ssim_p25,ssim_p50,ssim_p75,ssim_p95,ssim_min,ssim_max,butteraugli_mean,butteraugli_p05,butteraugli_p25,butteraugli_p50,butteraugli_p75,butteraugli_p95,butteraugli_min,butteraugli_max,file_size_mean,file_size_p05,file_size_p25,file_size_p50,file_size_p75,file_size_p95,file_size_min,file_size_max,bytes_per_pixel_mean,bytes_per_pixel_p05,bytes_per_pixel_p25,bytes_per_pixel_p50,bytes_per_pixel_p75,bytes_per_pixel_p95,bytes_per_pixel_min,bytes_per_pixel_max,encoding_time_mean,encoding_time_p05,encoding_time_p25,encoding_time_p50,encoding_time_p75,encoding_time_p95,encoding_time_min,encoding_time_max,encoding_time_per_pixel_mean,encoding_time_per_pixel_p05,encoding_time_per_pixel_p25,encoding_time_per_pixel_p50,encoding_time_per_pixel_p75,encoding_time_per_pixel_p95,encoding_time_per_pixel_min,encoding_time_per_pixel_max,compression_ratio_mean,compression_ratio_p05,compression_ratio_p25,compression_ratio_p50,compression_ratio_p75,compression_ratio_p95,compression_ratio_min,compression_ratio_max,bytes_per_ssimulacra2_per_pixel_mean,bytes_per_ssimulacra2_per_pixel_p05,bytes_per_ssimulacra2_per_pixel_p25,bytes_per_ssimulacra2_per_pixel_p50,bytes_per_ssimulacra2_per_pixel_p75,bytes_per_ssimulacra2_per_pixel_p95,bytes_per_ssimulacra2_per_pixel_min,bytes_per_ssimulacra2_per_pixel_max,bytes_per_psnr_per_pixel_mean,bytes_per_psnr_per_pixel_p05,bytes_per_psnr_per_pixel_p25,bytes_per_psnr_per_pixel_p50,bytes_per_psnr_per_pixel_p75,bytes_per_psnr_per_pixel_p95,bytes_per_psnr_per_pixel_min,bytes_per_psnr_per_pixel_max,bytes_per_ssim_per_pixel_mean,bytes_per_ssim_per_pixel_p05,bytes_per_ssim_per_pixel_p25,bytes_per_ssim_per_pixel_p50,bytes_per_ssim_per_pixel_p75,bytes_per_ssim_per_pixel_p95,bytes_per_ssim_per_pixel_min,bytes_per_ssim_per_pixel_max,bytes_per_butteraugli_per_pixel_mean,bytes_per_butteraugli_per_pixel_p05,bytes_per_butteraugli_per_pixel_p25,bytes_per_butteraugli_per_pixel_p50,bytes_per_butteraugli_per_pixel_p75,bytes_per_butteraugli_per_pixel_p95,bytes_per_butteraugli_per_pixel_min,bytes_per_butteraugli_per_pixel_max
50,0,68.862012937,65.41815853850001,67.284940065,68.89566864,70.84878253,71.834694604,64.1176817,71.86219072,35.5005311,32.72912845,34.41205525,35.528369,36.334616499999996,38.47417115,31.565284,39.866855,0.9402818999999999,0.9163555,0.935031,0.9408565,0.949843,0.9588249999999999,0.91105,0.959086,3.59672358037,3.1239012598950002,3.363605439675,3.6751201153,3.702015817175,4.08952372073,3.1054370403,4.2296352386,238713.9,97471.45,167309.75,211570.5,244023.75,493273.24999999953,64999,682793,0.09019119047204255,0.033721608149735745,0.06048273107177975,0.07207914528159162,0.08327268156640422,0.2090070435266303,0.020743655535130717,0.29672203101098593,121.99275793739999,78.67724719020005,106.50504770849992,115.8731230935,135.38630570875003,175.87701158369998,64.870778841,177.11485042200002,4.450705710771144e-05,2.6589206324008103e-05,3.5707068771690114e-05,4.1888311604741456e-05,5.037800332190718e-05,6.737373672847078e-05,2.0702735281671262e-05,7.696897616030455e-05,24.668447807498254,12.173318997259127,19.98611589087046,22.12389987077588,25.983447558443164,44.01700768912493,8.017305391238633,55.43985292081417,0.0013226830757253757,0.00047284270152356223,0.0008717295680054796,0.001065029157601958,0.0012379516682274874,0.0030801956824876627,0.00028865882499957713,0.004415092836602567,0.002650162472601726,0.0008929600785910965,0.001665155410211208,0.002036222634904397,0.0024178103610731022,0.006510823953211708,0.0005203233496881236,0.00940026489262653,0.09616486216962634,0.03608109636090716,0.06381646356235664,0.07631976009789146,0.0902678094290626,0.22339261818556944,0.0216416543403283,0.31706457722090176,0.3085897089372378,0.13907780483291707,0.22344947663480816,0.2555006452269954,0.2992612215003825,0.6509378691889337,0.08127937406610306,0.921451585774561
50,1,68.334211462,64.567120318,66.4257672675,68.561798815,70.419802095,71.629587929,63.47713255,71.89384142,35.4356918,32.63564355,34.335732750000005,35.477367,36.2691775,38.43607,31.46874,39.842878,0.9391077000000001,0.91466525,0.933226,0.9397690000000001,0.9492480000000001,0.9581967,0.908633,0.958311,3.7626375198299997,3.40014562604,3.5615609287999996,3.72935831545,3.93996155265,4.17605969907,3.3477554321,4.3046746254,235322.4,96493.35,165677.5,210552.5,240024.5,483853.49999999953,65064,671391,0.08888857238035607,0.03336650900681069,0.05989267019492163,0.07170041876563495,0.08147243711793807,0.20548015096996225,0.02076439950980392,0.2917670525657071,63.96538633330003,42.138518469299996,52.08863514650022,57.995304858500134,70.66371419649997,97.4929986646,34.481403837000016,104.66988116199991,2.3466393947416235e-05,1.348981883386954e-05,1.8751181887327174e-05,2.0965391599608182e-05,2.7284953497333015e-05,3.7759020105568817e-05,1.100432873678769e-05,4.54864940385551e-05,24.917207839118134,12.386487451886323,20.229977075198775,22.600295878551005,26.12006695545213,44.21242006616551,8.153460502151503,55.38446760113119,0.0013186712274883131,0.0004693599880767618,0.0008683516541360246,0.0010646105153100931,0.0012236012987428776,0.0030813673561052484,0.00028882028139933994,0.004427466307106626,0.0026174193542498063,0.0008843515242172311,0.0016518399736776144,0.0020282116214556645,0.0023671730040711082,0.006419739464940461,0.0005211571189662535,0.009271647119195339,0.09493643937763746,0.03571895632617397,0.06324464462382183,0.07597808858597165,0.08835573552119545,0.22018382475750833,0.021667704440211915,0.31265724648993193,0.32426826781510504,0.1393341682691378,0.2363127873031463,0.26112209020667465,0.29953889578884035,0.7153728387657579,0.08156980842577435,1.0107330295106958
50,2,68.20972271299999,64.605576724,66.209495145,68.426738575,70.2241391475,71.42831347250001,63.59022061,71.72913827,35.4180261,32.61248055,34.3186715,35.4643025,36.23983425,38.42316159999999,31.446198,39.835681,0.9388792,0.91430115,0.93298775,0.9397065,0.9488417499999999,0.9580200000000001,0.908223,0.958173,3.77308120729,3.434444046035,3.5697814226249998,3.8337123394,3.97808074955,4.026200509085,3.33852911,4.0290498734,235155.4,96199.55,165075.75,210866.5,239665.25,483729.19999999955,64628,671534,0.08882860584655275,0.033270458614400776,0.05967513664757938,0.07180208965961016,0.0813982255132418,0.20543491821373921,0.020625255310457516,0.2918291962174941,52.337675136099996,34.85141381434995,43.02255082649981,50.81723497200002,58.21881034150003,75.51235691409997,29.362401130999984,76.67813316999991,1.9120998251345707e-05,1.1122413007541217e-05,1.5552718067304286e-05,1.837050833333334e-05,2.199768247686934e-05,2.8967017420472124e-05,9.370660083167377e-06,3.3322092359372785e-05,24.97191005742478,12.399499453854057,20.228382317296166,22.625648016091333,26.19799768088066,44.430164646897694,8.151724261169203,55.7581079408306,0.001319580416639475,0.0004696070681880375,0.0008682345458405988,0.0010675844357455845,0.001224784950693447,0.0030822047783269114,0.00028754360930450244,0.004431957612437966,0.0026173056590178415,0.0008822741797991772,0.0016471962876719588,0.002031545278333452,0.0023652669143007536,0.006422859586670385,0.0005177583210001484,0.00928026962806423,0.09489658581843906,0.03562757736460962,0.06304052430623365,0.07609394319045512,0.08825883194656842,0.2201921975257225,0.021525606868965746,0.3128106583131932,0.3228425554045606,0.1328691872336417,0.22770487948441928,0.2766655823527353,0.30817879456796815,0.6956421689201775,0.08296958481639846,0.9742802667200059
50,3,67.926551506,64.2989025015,65.96753082250001,68.162325495,69.9533260175,71.176310499,63.27695643,71.36983929,35.350761,32.54846485,34.280448750000005,35.331483500000004,36.1754495,38.38545565,31.399582,39.797845,0.9380528,0.91280065,0.9320222499999999,0.938898,0.9482152500000001,0.95767765,0.905971,0.958084,3.7897353887500005,3.39156630037,3.569029331175,3.7834497690499997,4.01406788825,4.164918804175,3.2848188877,4.2027993202,234343.3,95634.75,164526.0,210202.5,238925.25,482350.89999999956,64641,670414,0.08853707959462873,0.03306597964994903,0.059476401179941005,0.0715901819798716,0.08089569460712014,0.20506887689472933,0.020629404105392157,0.29134247670699487,33.765673529700024,21.25576403754997,27.367083797500186,32.72318951750009,37.98225453924999,50.34808459289992,19.600877518000004,54.256822887,1.241134239767278e-05,6.783523551607808e-06,9.893242740145535e-06,1.1829483167584912e-05,1.4065879563509882e-05,2.0136149727973758e-05,6.255386258552902e-06,2.3578441318575302e-05,25.06157352796914,12.424355143410725,20.260020604484033,22.709054617322288,26.322058542871765,44.555015451005715,8.165342609193722,55.74689438591606,0.0013199527892337314,0.0004684402066792807,0.0008691572373400029,0.0010637800017836048,0.0012258796841995356,0.003084278290971739,0.00028904932826831584,0.004430856448035207,0.002613684887581898,0.0008775741430282508,0.001644626646087959,0.0020314734711091385,0.0023558422981376833,0.006420465973496605,0.0005183548030148908,0.00927854634201802,0.09466839311780763,0.035421628946615005,0.06288013794642633,0.0759179016354522,0.0878643534064091,0.21995739670871395,0.021531936766914127,0.3124547303843339,0.3203836300033383,0.1380145682166855,0.2333440681026936,0.27301294283166644,0.2977385523677898,0.6842486566666048,0.08496468449960545,0.9570072702764341
50,4,67.519300988,63.766555303000004,65.4073304725,67.76519996,69.63517012,70.9593685315,62.74346953,71.40172993,35.2952911,32.4814061,34.21267425,35.283356999999995,36.091054,38.3578851,31.329137,39.787275,0.9373982,0.91179985,0.931168,0.938562,0.9473885,0.95739245,0.904666,0.958067,3.8707755565600004,3.29344182014,3.5491206049999997,3.9155236483,4.1389019489,4.40512728688,3.1804847717,4.43983078,234619.7,96178.15,164524.0,211041.0,239678.5,481289.19999999955,65395,668878,0.08862401717876435,0.03324485145563111,0.05947567817687547,0.07187006465680852,0.08097463609222265,0.2048598395563897,0.02087003421160131,0.29067497566402445,17.95459094819995,12.079764082799944,15.408592291750097,16.042520367500032,19.960130813500015,27.23241928899968,12.024580022999999,31.27832867199959,6.619197098886256e-06,3.855112618336378e-06,5.57022973124172e-06,5.799395702289039e-06,6.96250679231721e-06,1.1264409632820005e-05,3.8375012838924625e-06,1.3592654303990921e-05,24.958749156509448,12.406790333821196,20.209097597177646,22.651653993771504,26.337731752171905,44.17179984128285,8.184093362317194,55.10413640186559,0.001330699565943629,0.0004722704932602009,0.0008789518549609848,0.001071235398396065,0.0012350538766362981,0.003105877214180958,0.00029229031610384835,0.0044602091858802415,0.002620744199556686,0.0008830294801429708,0.0016484553142797295,0.0020422480548297037,0.0023577855434455657,0.006427643193643544,0.0005245404268475614,0.009278103500394042,0.094846118306315,0.035626632451719153,0.06293672555284197,0.07625075503604789,0.087887522407879,0.22000058618429147,0.021783480916889225,0.3121566605748005,0.32978156425542904,0.14195561373649057,0.23409193096702968,0.2769336149144447,0.3102573737610825,0.7098346695313917,0.08544613667739992,1.014790813837601
50,5,67.193938838,63.443403697,65.023557745,67.528926535,69.291305885,70.5207538745,62.4581779,70.91015642,35.1556092,32.37534925,34.076449499999995,35.160008,35.957367250000004,38.136473499999994,31.221925,39.510067,0.9360137,0.9105475,0.92986325,0.937357,0.94635925,0.95536195,0.903748,0.955654,3.89806952477,3.53774992228,3.828603386875,3.87880539895,3.9339730143500002,4.308136177065,3.3766503334,4.3736782074,234146.5,95503.5,163914.5,211136.5,239191.0,480489.39999999956,65304,669781,0.0884715198593559,0.03300308473776679,0.05925534299265429,0.07191267947421409,0.08060406242431062,0.20498798541579732,0.020840992647058822,0.2910673932693645,11.75143215529999,8.713647409150024,10.268756489749762,10.917896404000146,12.16445967374996,17.030375861299895,7.966745973999991,19.303639549999843,4.312393455027544e-06,2.780856633332703e-06,3.7121712106504724e-06,3.946836284631899e-06,4.457411038765609e-06,6.886031095986686e-06,2.5424919494229957e-06,8.388801779133571e-06,25.04022283817158,12.41615990525538,20.181208252106963,22.74492361599542,26.472407359801288,44.35936427328639,8.173059552301424,55.18092306749969,0.0013358511446598098,0.0004715760194358121,0.0008789772037089842,0.0010735060381045118,0.0012357016185680508,0.0031302705692053882,0.00029390701839124246,0.004502371856402026,0.0026260038291285393,0.0008809545886412889,0.0016484892959662818,0.002049268815000294,0.0023441037892021417,0.0064552266482072445,0.0005274856316254494,0.009322531947321137,0.09480778885402824,0.035437180592529524,0.06279932019601538,0.07637914423018426,0.08717783036852994,0.22042481066180453,0.02180809440138253,0.3129719898682537,0.3386356226262559,0.141207515502825,0.23109595356806234,0.27553490958184274,0.31038333187401157,0.7658026151192724,0.09115179536102481,1.1167052938376434
50,6,65.611262602,61.178206768500004,63.2723404525,66.4456418,67.70723801999999,69.417813577,60.10990446,69.87848665,34.9024543,32.0055701,33.836914,34.9535235,35.738502749999995,37.88510735,30.779654,39.277568,0.9323191,0.90483345,0.9239040000000001,0.9339029999999999,0.9449482499999999,0.9533089499999999,0.897381,0.953979,4.17002375126,3.646992754925,3.964808642875,4.076676130299999,4.165171980849999,5.035304975519999,3.5759363174,5.518784523,233731.3,97112.05,165409.0,213804.5,239577.5,471690.64999999956,68470,655778,0.08820489123423583,0.03351081053388354,0.05979560703337382,0.0728093204810501,0.08040656538184503,0.20173647615074378,0.02185138378267974,0.2849820956751495,2.290704723800019,1.6819908187000094,1.9738955259999784,2.232832935000175,2.4438024442500677,3.186759068649916,1.4690462799999864,3.7379707569998573,8.420951859436704e-07,5.429520968647701e-07,7.046480169833528e-07,7.923457198684709e-07,8.415428423600468e-07,1.355386316016512e-06,4.6882859732434203e-07,1.6244136581316305e-06,24.719371643769538,12.495352103882315,20.0342032052976,22.699232963573465,26.227880605506044,42.98730814740544,8.347581041145022,52.62939973711114,0.001368910689542699,0.00048824664566673634,0.0009043383787956373,0.0010975430101844083,0.0012866193542641882,0.003183659345442591,0.0003127054524252457,0.004560887715655333,0.002640453717496323,0.0008999751417342108,0.001674445803973593,0.002084409399458517,0.0023424240328102338,0.006435346912360107,0.0005563324028279892,0.009258781650864219,0.09497747508967239,0.036114351891180875,0.0635708863601264,0.07749551501912375,0.08705062581515906,0.21836530772484652,0.022905518656783575,0.3086235884187944,0.3471369940133642,0.16184736900774618,0.24330264267084245,0.2917984293314342,0.31275972979643274,0.7458063968400084,0.12059307862598613,1.0190778257335285
50,7,64.061804742,59.085620097,61.430206569999996,65.27157537,66.43685451500001,67.724249194,57.38868933,68.10486202,34.4019383,31.6599778,33.48530875,34.352757499999996,35.33212475,37.178869899999995,30.527983,38.325388,0.9263880999999999,0.8973518500000001,0.91896925,0.926467,0.941188,0.94803985,0.89065,0.948187,5.15090656279,4.310695648195001,4.613704204525,4.87218022345,5.3930505513750004,6.686319160475,4.2382974625,7.0321464539,231395.7,105389.0,167670.25,211091.0,232528.0,457180.7999999996,74438,633768,0.08710849096122143,0.036363886821552,0.060613052374342065,0.07163340824322909,0.08092108444133553,0.19453533583646204,0.023755999795751635,0.2754171881518565,1.7780671015000564,1.3381075929501065,1.6005289547500752,1.8121892555002148,1.9110492559999415,2.2017992299000184,1.304031077000218,2.2644894129998647,6.455628661539609e-07,4.543172403905287e-07,5.598283311632239e-07,6.551091935263082e-07,6.950836535721453e-07,8.775054022401791e-07,4.403328827103664e-07,9.84081409487495e-07,24.21254487796518,13.011023352655638,20.83661309105485,23.259830094342234,25.10188780509832,39.57842540525028,8.637482485704549,48.40988473629061,0.0013808750265606733,0.0005456940560359003,0.000942259764063498,0.0011439864259279384,0.0012610507735238909,0.0031352893393915672,0.0003532015062415391,0.004502598981397026,0.0026347267154886752,0.0009921101624404385,0.0017408867945866127,0.002082286813242353,0.0023759691658084303,0.006264992001470531,0.0006198502098857195,0.009021794468106737,0.09433846482305028,0.039512830507421694,0.06526723057755338,0.07664295175593755,0.08665490431794003,0.21169159818197408,0.025062772767868287,0.29973890186596663,0.4705320346844196,0.1788979403163419,0.27214365094743403,0.3431103174257908,0.4361478468432061,1.1792189511275406,0.1308522923311039,1.7251144902467856
50,8,63.091494847,57.968279277,60.3201817175,64.426137545,65.4174117975,67.20422566,56.8068783,67.42432993,34.3087537,31.54802005,33.383463750000004,34.280640500000004,35.302479,37.0326872,30.396529,38.306657,0.9233229999999999,0.89033975,0.913948,0.9238519999999999,0.9404355,0.9476548499999999,0.886004,0.947838,5.1704411745000005,4.054194581485,4.3927901983,4.7862174511,6.124752521525,6.7395979404399995,3.867847681,6.9224357605,232915.1,107791.15,168740.0,212024.5,233918.0,460898.9499999996,78277,643333,0.08773687098252578,0.037142819399030816,0.06099976863901903,0.07198222333158005,0.0806502943752169,0.19716157870949777,0.02498117085375817,0.27957385968571824,0.9621998792999762,0.6933203723500071,0.8097223400002349,0.932478607999883,1.098594459750018,1.2876839100498043,0.6110141650000287,1.399800127999697,3.5067485174420005e-07,2.3639980623390943e-07,2.927158670253611e-07,3.376726169451229e-07,3.771052541200862e-07,5.217551579433979e-07,1.9499788251890213e-07,6.083125295506957e-07,23.937358761948207,12.875658856943314,20.77367170491137,23.454450406837893,25.13832240354156,38.21444985963451,8.509061403658759,46.03568097908709,0.00141846943614839,0.0005641279456067311,0.000955624378734886,0.0011543038958549874,0.0012861459730193919,0.0032638908957852526,0.00037321420376229016,0.004707599943533529,0.0026625531388165162,0.0010184546601574103,0.0017414603253253832,0.002096029062081991,0.002371042001532547,0.006375466016661622,0.0006521365425794835,0.009197558697761782,0.09540614646512899,0.04062591576829214,0.06559582308201946,0.0771483629860466,0.08651434136770113,0.21575034450829597,0.026355949913126685,0.306189370737035,0.4760336006102303,0.19051930334421766,0.2742658862036354,0.32279051920785384,0.4333308224853447,1.2314741036459371,0.15919757241581525,1.8217394727656542
50,9,62.433734630000004,57.029328068000005,59.62786781,63.967847045,64.646779845,66.8821087805,56.44605596,67.12328705,34.0298009,31.1259488,33.10433975,33.9923515,35.0430725,36.926472249999996,29.835833,38.26558,0.9211085000000001,0.8873591,0.90887625,0.9219014999999999,0.9392670000000001,0.94711745,0.883679,0.948539,4.890208363539999,3.91690083746,4.4531183243,4.7375895976999995,5.4035423994250005,5.992483305914999,3.9073979855,6.2551374435,244861.3,124348.55,172431.75,218223.0,232359.25,491880.39999999956,99824,683638,0.0923552368421999,0.042626301857394876,0.062334341922609754,0.07326500587214052,0.08101014373300944,0.2107354809831732,0.03185763888888889,0.297089243498818,0.40945416460000955,0.36413063699996256,0.3742694509998046,0.39653720199999043,0.4364172130000554,0.4776557443001479,0.36185798399992564,0.5033284720002484,1.4830103667990675e-07,1.2326742543295512e-07,1.352989802041054e-07,1.3995602608793115e-07,1.527203930117803e-07,1.948169367247853e-07,1.170944150837443e-07,2.1873195313597223e-07,22.25015226236373,11.917507127916593,20.286427302238643,22.22645222625559,25.38376275492994,31.875284919227703,8.007395726978313,36.09888403590319,0.0015166641310632146,0.000650350852487611,0.0009828721847969218,0.0011869302862065009,0.0013260920434471802,0.0035704195550422934,0.00047461380824747446,0.005145095963580594,0.002834956999282171,0.0011707455922873476,0.001784714178537988,0.002173232581420238,0.002390997857115238,0.006924079594391324,0.0008325403375275871,0.009957464351634426,0.10078119584649484,0.0466209882130394,0.06689391201725897,0.0795660692742444,0.0866195885796959,0.23191358912085414,0.03358600847080498,0.3275323972235558,0.4678383150012162,0.19980647870842191,0.26650561147789104,0.34240304801037436,0.44983078495431367,1.1455714752755568,0.1686678953049045,1.6849302309884073
50,10,62.433734630000004,57.029328068000005,59.62786781,63.967847045,64.646779845,66.8821087805,56.44605596,67.12328705,34.0298009,31.1259488,33.10433975,33.9923515,35.0430725,36.926472249999996,29.835833,38.26558,0.9211085000000001,0.8873591,0.90887625,0.9219014999999999,0.9392670000000001,0.94711745,0.883679,0.948539,4.890208363539999,3.91690083746,4.4531183243,4.7375895976999995,5.4035423994250005,5.992483305914999,3.9073979855,6.2551374435,244861.3,124348.55,172431.75,218223.0,232359.25,491880.39999999956,99824,683638,0.0923552368421999,0.042626301857394876,0.062334341922609754,0.07326500587214052,0.08101014373300944,0.2107354809831732,0.03185763888888889,0.297089243498818,0.40418640529998695,0.3655492572500322,0.3736492242498457,0.3878097574998378,0.42510267749997865,0.47199192000019813,0.3638615390000268,0.5010885690003306,1.463902249745879e-07,1.2371687272819998e-07,1.348533733663226e-07,1.3753841851468102e-07,1.5072465078948605e-07,1.9063769785937726e-07,1.1731899254494699e-07,2.1775855626839567e-07,22.25015226236373,11.917507127916593,20.286427302238643,22.22645222625559,25.38376275492994,31.875284919227703,8.007395726978313,36.09888403590319,0.0015166641310632146,0.000650350852487611,0.0009828721847969218,0.0011869302862065009,0.0013260920434471802,0.0035704195550422934,0.00047461380824747446,0.005145095963580594,0.002834956999282171,0.0011707455922873476,0.001784714178537988,0.002173232581420238,0.002390997857115238,0.006924079594391324,0.0008325403375275871,0.009957464351634426,0.10078119584649484,0.0466209882130394,0.06689391201725897,0.0795660692742444,0.0866195885796959,0.23191358912085414,0.03358600847080498,0.3275323972235558,0.4678383150012162,0.19980647870842191,0.26650561147789104,0.34240304801037436,0.44983078495431367,1.1455714752755568,0.1686678953049045,1.6849302309884073
60,0,78.047484752,75.1074163155,77.26184254500001,78.14865531,79.393879665,80.2206824755,74.71213812,80.62048183,37.8720833,35.40593665,37.10961625,37.965145500000006,38.56049475,40.218442249999995,34.432957,41.491346,0.9610084999999999,0.9485083,0.95963325,0.9603645,0.9655335,0.9716565500000001,0.946045,0.974978,2.70938749313,2.236001801455,2.536309659475,2.7175385951999997,2.925424098975,3.1140003800600002,2.161552906,3.1192162037,369382.5,154254.85,257184.75,318009.0,391318.0,752363.1499999994,98665,983876,0.13891767221947443,0.053464479734901885,0.09245380024532399,0.10951255133321766,0.14420418219428718,0.3094765431615906,0.03148775786356209,0.42756396884995135,138.47183667269994,92.43108852149997,115.71911782699988,136.18450610949998,155.14233717650006,192.9279738358998,77.73509441100003,205.50043648099995,5.0340546409522144e-05,2.9498279373946836e-05,4.183263846484755e-05,5.0474933626149594e-05,5.70943749039364e-05,7.195207950910002e-05,2.4808228148935366e-05,7.71631338665518e-05,15.819451649735077,7.845874591976159,12.113924916053321,13.976255580983056,17.201915842212966,28.436477323133303,5.563871870032402,36.52293113059342,0.0017816274029729348,0.0006747515869166853,0.0011792730733682492,0.0014374128074586003,0.0018379524242474114,0.003961988167548267,0.0004025553380414386,0.005497498461994723,0.0037868479226324317,0.0013524479154893303,0.0024015434852080243,0.0028773685106190322,0.003889119500740928,0.008860280440888064,0.0007588994067235632,0.012417288728643065,0.14450716722506912,0.05613090239231314,0.09574692609694346,0.11406381737498675,0.1507461393536179,0.3215014853078674,0.03258762271791442,0.4438133054005829,0.35728824507736867,0.1626522654750086,0.2548589966649023,0.31326080912691745,0.3492995948309045,0.7320651282645168,0.09334366989599992,0.9949391731845834
60,1,77.662754426,74.7037240015,76.88427847,77.863655025,79.0779152875,79.88736358349999,74.26148458,80.34123582,37.7996208,35.31050925,36.998113000000004,37.922994,38.4705065,40.17696925,34.328229,41.462959,0.9601122,0.9471109,0.95863175,0.9597975000000001,0.9650225,0.9711116,0.945067,0.974375,2.7361872434600003,2.285177433505,2.633075594925,2.8186919689,2.8809905052249998,3.032641482335,2.2633621693,3.1009633541,364064.7,151728.2,254373.75,316044.0,384202.25,739339.8499999994,98378,969779,0.13690747313635,0.05255777895943591,0.09164537408517519,0.10839876511076407,0.1410235243733371,0.30461911069392267,0.031396165236928106,0.42143782158253373,73.2642300927001,42.72195839244999,58.49916129225039,63.97578246500001,88.14897149975005,113.07342516210008,41.14820730400004,113.68531359900044,2.6813752012611697e-05,1.4485304183136446e-05,1.9338636044522942e-05,2.312734342103361e-05,3.3504839241774975e-05,4.3303700105609955e-05,1.313195954095181e-05,4.940433945165851e-05,16.00231663537168,7.988141442710997,12.374564507415458,14.131233754381405,17.356946938292094,28.69766822148722,5.644749989430582,36.62948016833032,0.0017670467204785073,0.0006656725801897836,0.001170212780500508,0.0014316453703587327,0.0018102065350015892,0.0039335373735272725,0.00040152385318111087,0.005466355881091591,0.00374057425662534,0.0013316425787214124,0.002383576036251144,0.0028530854901868616,0.0038147789454445287,0.008746883200141211,0.0007572099530312853,0.012276713185015567,0.14258175520114175,0.055215388120408104,0.09495849578093424,0.11297676269544352,0.14766451984670012,0.3169592833327451,0.032498615780034205,0.4381492730041864,0.35585945662837115,0.1500103731092514,0.2625118795954,0.304171178047992,0.35697999000736136,0.7253916046384514,0.09259159169180428,0.9538664220821099
60,2,77.558085686,74.739666423,76.6961851325,77.705124735,78.935008475,79.783004099,74.2056159,80.212736,37.7871133,35.28745115,36.9805325,37.9218035,38.45670575,40.1725061,34.297763,41.472053,0.9599529,0.9468288,0.958396,0.9597975,0.96500175,0.97095945,0.94482,0.974235,2.69056794644,2.44364439249,2.526396215,2.6925930976999997,2.87489217515,2.90576674942,2.4281690121,2.9116892815,364233.3,151442.1,254313.0,316910.5,384009.5,739634.3999999994,98217,969903,0.13695992559952336,0.052458104655371554,0.09174882636268003,0.1084318425010122,0.14119461980093012,0.3045671307884853,0.03134478400735294,0.42149170838548183,59.71893244429988,38.77434431650008,42.02619094074953,56.193087983999874,72.14960592325,88.28040721394976,38.63627927200014,93.54460326599974,2.1780508610960848e-05,1.2429312881449693e-05,1.510728994754616e-05,2.0313887437098687e-05,2.7518907211063576e-05,3.2996576671321244e-05,1.2428222810074551e-05,3.556806677487476e-05,16.001844377294052,7.993223566250922,12.36108712678449,14.12478619704832,17.33920405308423,28.748032748664436,5.644028320357809,36.68952421678528,0.001770279153401395,0.0006652420205681925,0.0011723560856747393,0.001435822329170509,0.0018156141589849655,0.0039395393006158306,0.00040161541886064026,0.005476220485989681,0.0037439442350685414,0.0013292983339032657,0.0023869367962853316,0.0028554946770994057,0.003821218815589668,0.008752274252141179,0.0007558049756387256,0.012289189484033748,0.14266550934522862,0.05511927827437449,0.09507451398718808,0.11303696471494765,0.14788752624286824,0.31698464769682577,0.03244354970521961,0.4383196774418285,0.3575356642171702,0.14610863173673022,0.25427439026647775,0.2967784244981339,0.3641306895210329,0.7523825543692773,0.09082750634497758,1.0379480929775973
60,3,77.430707196,74.5931623455,76.55494361999999,77.57152920499999,78.77756017,79.668047624,73.96328916,80.12160914,37.7300629,35.25064975,36.910953,37.832631,38.41125625,40.129893949999996,34.259725,41.440055,0.9595691000000001,0.94617875,0.958083,0.9594585,0.964831,0.97053925,0.944642,0.973876,2.68683564664,2.334142041245,2.51178258655,2.73822057245,2.885701119925,2.971315550815,2.3294155598,2.9814193249,363541.7,151015.0,253240.75,315618.0,383523.75,739326.5499999995,98005,969997,0.13672369948573715,0.052308646930264546,0.09117293112107952,0.10839370408930535,0.14092538235565244,0.30452342163815854,0.03127712673611111,0.42153255805868445,40.28921040800003,20.61918247260015,33.30606327950011,39.98988541049988,46.20594337550003,61.61630134025008,17.3858555730003,63.39760327100021,1.4775722338212062e-05,6.580366138365552e-06,1.2040192925957295e-05,1.4456404871052359e-05,1.83768473403763e-05,2.331145776872275e-05,5.548488425819642e-06,2.5830532321652034e-05,16.04690538927172,7.997374244185384,12.378031093130843,14.14444390137426,17.447724288078497,28.81908083915029,5.643481371591871,36.76888934238049,0.0017698467906993784,0.0006643522362823413,0.0011696816077834018,0.0014305219967084672,0.0018179439049197219,0.003942135348551173,0.0004011058863974226,0.005480262968537147,0.0037431317550666943,0.0013262892720520125,0.0023779269144688967,0.002857628071954362,0.0038211338921571632,0.008760548720031819,0.0007547559175804933,0.012304026318328136,0.14247632013040612,0.05497191132313694,0.09452316769070009,0.11302526208491367,0.1477671683182067,0.31701812914164845,0.03237888298752772,0.4384547178958758,0.3516400406345034,0.14895221344512052,0.24755822818098336,0.2941794147222122,0.3602302769839541,0.7272511614827113,0.09254797002823352,0.9819244997041965
60,4,77.086841841,74.29133405900001,76.28722901249999,77.284694,78.18729070250001,79.33186312549999,73.54544411,79.73395208,37.666216500000004,35.17277915,36.81936575,37.7885095,38.32786525,40.09125715,34.18238,41.416873,0.9589241,0.9451708,0.95728875,0.9591905000000001,0.9643820000000001,0.96993785,0.94399,0.973325,2.73794598578,2.459046995665,2.503583013975,2.7871609926,2.8693906664749997,3.0576213597949997,2.4457371235,3.1794376373,363555.8,151812.85,253408.5,316343.0,384206.25,736568.0999999994,98995,966438,0.1367084161330481,0.05257400402373799,0.09107193663036287,0.10896686476950662,0.14047384717161202,0.30385732947434263,0.03159307342728758,0.4199859198998748,19.00245496680002,10.044757826850201,14.626990567250118,18.631581275500025,22.318237289749987,29.765146871199814,7.937641092000376,31.31939777799971,7.00292804561851e-06,3.205664645517451e-06,5.287679509822039e-06,6.73534518895686e-06,8.403167530981521e-06,1.1780646666056883e-05,2.5332034734988947e-06,1.3610501746106118e-05,15.995236264086097,7.996410137710585,12.40498530775746,14.088484381580866,17.468752079520783,28.594474027135917,5.66426402935315,36.40118187787262,0.0017777026973639799,0.0006698096201133831,0.0011761448395423398,0.001441285751234061,0.0018229239737154032,0.003950640859785485,0.0004061197545104303,0.005482565569877546,0.003749561749910698,0.001334460412023794,0.0023804853079096877,0.0028759105908173497,0.0038183689011889017,0.008760349473825275,0.0007628068257902421,0.012286620179749765,0.14257501566536818,0.055277751444765294,0.09447881492183033,0.11367361250924155,0.14748521781960672,0.31663033075220937,0.03271188532932102,0.43726988671193756,0.3596618385663183,0.15612176701213656,0.2577686427135568,0.2948848515818346,0.3630872817759938,0.7522983542433439,0.10044820673270063,1.0395972865463485
60,5,76.845450523,74.158809234,76.0218984775,76.98080184,77.9422114275,79.1789764925,73.47288165,79.49387927,37.522583100000006,35.0397807,36.64770025,37.679507,38.187554,39.9076592,34.074231,41.189207,0.9579125,0.94393475,0.956215,0.958531,0.96317725,0.96887485,0.942965,0.972415,2.83327612878,2.4921300411150002,2.63012933735,2.79832696915,3.03876638415,3.1934942960799995,2.4488391876,3.2906608582,362702.5,151105.9,252801.75,316282.5,382923.75,734613.6999999995,99094,966388,0.13641157525624498,0.05231613382470429,0.09080458365303626,0.10905254063277228,0.13944866412757026,0.3035312243603112,0.031624668096405226,0.419964191350299,12.796525738499986,6.399806275849732,9.601085889749982,12.458169358000191,14.675706881999986,20.49031164194998,6.239482582999699,21.991700609999953,4.7142636003652415e-06,2.1681604361849766e-06,3.1911995977631697e-06,4.5036473183817e-06,5.711750894769261e-06,8.008156042021252e-06,1.991256441163609e-06,9.556955139236525e-06,16.02996413224426,8.017706934756538,12.487686196970294,14.08719001552637,17.52086406248456,28.64204820471303,5.664557093010261,36.36481522594708,0.0017814051564216692,0.0006673277503655751,0.0011760570851045678,0.0014452739674923971,0.0018171823860209896,0.003972218124288443,0.0004074813873157315,0.00552119461045265,0.0037551371602505814,0.0013331182205963076,0.002382166797136398,0.002886517375661539,0.0038082244266042726,0.008781806677030633,0.0007677901663997858,0.012324979288609596,0.1424043333287889,0.05507156982836334,0.0943003082471477,0.11385043334573586,0.14661283169433123,0.3165792034776869,0.03279403789983763,0.43760720086768135,0.3704361502780169,0.16461397446321013,0.256792818035476,0.31381071991557685,0.37640197569546774,0.7655199003384271,0.10406605745840698,1.0688261209213377
60,6,75.60400274,72.9616410665,74.359384525,75.38396993,77.2139724275,77.986058871,71.90008919,78.46723326,37.2411574,34.630598199999994,36.337132999999994,37.5117555,37.92834275,39.6506633,33.62269,40.983494,0.9548591999999999,0.93866985,0.95265025,0.9555025,0.96150725,0.9672271,0.938664,0.970585,3.04185123445,2.72535079718,2.8196895719,3.0234940052,3.090507030475,3.52567963603,2.6789083481,3.5564181805,362063.2,152305.6,254564.25,319553.5,382119.5,725345.1999999995,103126,955270,0.13609061551010404,0.05265588200273656,0.09142572448296243,0.1101822329226676,0.1377264482316249,0.30070713826310635,0.03291143280228758,0.415132631066611,2.4898512630999448,1.2774425592996521,1.9334214192500099,2.487003857500099,3.058381242749988,3.752953710600013,1.2758941749998485,4.040458553999997,9.18908091315558e-07,4.321134479143642e-07,6.402311186591527e-07,8.990557064824812e-07,1.0048155210570087e-06,1.5910129068653576e-06,4.0828451446314985e-07,1.7558660799958269e-06,15.879272588821658,8.065258656354661,12.608594231782615,13.999766197916232,17.405762708067428,27.952089202558355,5.730484575041611,34.943030855458375,0.0018114628933393717,0.0006811734568074371,0.0011963078824770354,0.0014757665849549307,0.001837739250762509,0.004027196688141154,0.0004267634347978839,0.005590327221665544,0.0037798555506576488,0.0013506732089697516,0.0024110857220882723,0.0029371435283491927,0.003793306987945203,0.008809121895002511,0.0008030411658480749,0.01234680006467689,0.14261460592630057,0.0556068950733111,0.09509634632964886,0.11535128845147924,0.1456251511667886,0.3151656151788338,0.03417157808741727,0.4348190641981838,0.42830040935923896,0.16152826204742754,0.2625344320364361,0.325126813053745,0.42738134999703664,1.0094860614372663,0.10129979169993482,1.4763852364440946
60,7,74.65119773699999,71.518209305,73.564544845,74.42052488499999,76.2577967525,77.5719569665,70.38784247,77.93914645,36.7883389,34.3000962,35.99937075,36.885847,37.55641825,39.070970249999995,33.380307,40.211007,0.951507,0.93377385,0.94825275,0.9527555,0.9588345,0.96482665,0.933588,0.968311,3.2752085447200003,2.69361225364,2.94314950705,3.08913004395,3.593449115775,4.143133926389999,2.6522400379,4.3804283142,358541.4,162784.45,262183.25,318612.5,369301.0,702810.0499999995,113365,927725,0.13449103438390103,0.056205434627644386,0.09477964674070218,0.10833809781056597,0.13437911066781985,0.2905878346196632,0.036179087520424834,0.4031623731052705,1.7322662504999813,1.0235497580000357,1.4201278592500444,1.864474601999973,2.0923778952500527,2.2370396152498184,0.9982453490001717,2.3164423559996976,6.328453173716398e-07,3.467557860996367e-07,4.96868576097303e-07,6.576928398252606e-07,7.506624948486205e-07,9.292044187694906e-07,3.1857809595849026e-07,1.0066586514391678e-06,15.525955068770878,8.411165976090468,13.086454364578335,14.28688783760941,16.50726109390763,25.7947649028005,5.900627880029104,31.787015392757905,0.0018107743372777776,0.000737966175108497,0.0012470945950979037,0.00150413184448788,0.0017988388117331784,0.003935724675804343,0.00047862972534587695,0.005484947436458191,0.0037704065526094023,0.0014592452072273504,0.0025280590366315845,0.002925182113337756,0.0037345479503261294,0.008586358550903023,0.0008997309497975227,0.012077850964800008,0.1413923465349023,0.05960667104079677,0.0989715229570647,0.1134903377430288,0.14271089170910192,0.3054512126715791,0.03769852663650934,0.4233111365844155,0.4248843386378477,0.1881290592206317,0.29508927969031773,0.35264892772007705,0.4468830492062418,0.882497910084221,0.13940191174598077,1.197372074159717
60,8,74.154616963,71.042809372,72.82154925500001,73.97699560999999,75.846788885,77.1332389775,69.88955443,77.57087291,36.7073142,34.22090155,35.92102675,36.7956625,37.34923725,39.047146,33.285847,40.196284,0.9494681999999999,0.92912095,0.94662225,0.9500165,0.95833475,0.9642731,0.927217,0.96782,3.36157908439,2.804354500755,3.138683497925,3.3461565971000002,3.702695071675,3.8139561176299996,2.7706751823,3.8887004852,362995.2,169547.0,263530.75,321054.5,372374.75,711979.5499999995,117554,944063,0.13622635689576287,0.05855250352238056,0.09526677005610504,0.10925496595785253,0.13451806846793843,0.29521821373939616,0.03751595690359477,0.41026239396467806,0.9850146730999085,0.6148673461997987,0.72230369549996,0.9063648619999185,1.2634686007498601,1.4057867209999357,0.5819975479998902,1.486069834999853,3.612597632124301e-07,2.0965363500064113e-07,2.3986648829530126e-07,3.276522868586668e-07,4.576647753651051e-07,5.679165295642968e-07,2.0904869536346214e-07,6.458028416596496e-07,15.26481818531553,8.301143754467278,13.057517497039182,14.072033968008306,16.50382675386192,24.81845902243735,5.798511328163481,30.65429504738248,0.0018483547598834517,0.0007728937143123297,0.0012620388704269606,0.0015230571387081515,0.001817708377464111,0.004036114035357936,0.0004988234158503438,0.005640374610360127,0.0038282444392169998,0.0015276885021013307,0.0025447037180734867,0.0029548211201466555,0.0037466952772886087,0.008746365941683123,0.0009333190327641921,0.01232543050398201,0.14357526506176804,0.0624048968269277,0.0995938402490073,0.11462757810472925,0.14312720842620502,0.31127682985742994,0.03910853465168051,0.43231294820059774,0.4567293774692544,0.19748691564129744,0.2888568222683349,0.3567375418377299,0.4793152096030773,1.0032975649972833,0.13946559554756957,1.389263461774956
60,9,73.80139838699999,70.684698812,72.29653489500001,73.822559765,75.5174767175,76.5897220345,69.83872556,77.06946667,36.500275,33.8983997,35.688064,36.542709,37.15512125,39.031648849999996,32.851022,40.269575,0.9483861000000001,0.92701835,0.945613,0.948207,0.95821475,0.9638942500000001,0.924497,0.966781,3.34414293767,2.8949799776100003,3.063151896,3.3687449694,3.58843302725,3.8575113416049995,2.8071324825,3.9990434647,384475.9,194512.3,270557.75,334755.5,396721.5,752108.4499999994,147202,1017320,0.14449458407489219,0.06688670220000796,0.09712381119656104,0.11530615564809996,0.1348476597238038,0.31841295977610873,0.04697776245915033,0.44209776109025173,0.4026016346000688,0.2711487409003439,0.3738563042500118,0.4047078139999485,0.43607215750000705,0.5228567783500694,0.2635032220005087,0.5250791920002484,1.4632399275497887e-07,9.209941208790564e-08,1.2750195751738821e-07,1.4630249508356052e-07,1.6417665542633423e-07,2.0402024132298295e-07,8.951607945265986e-08,2.2818418509258468e-07,14.10362284305109,7.685319242018631,12.76007826441774,13.225075738498557,16.130790014872634,20.976467299684035,5.380961742617859,24.480204073314223,0.001975132596365747,0.000885806922245968,0.001290612101325288,0.0015980015753366454,0.001846900118459556,0.004403248917367393,0.0006224462604972098,0.00616433329017207,0.004093752994698412,0.0017455165122547615,0.002597394691607951,0.003159129357914137,0.0037781220614691562,0.009541061137520863,0.0011665820277256544,0.013457656236395072,0.15256148183056514,0.07098621286551576,0.10190204709051065,0.12159088356197098,0.1436596499306207,0.3366972436738782,0.04891651980510589,0.4674657235078523,0.4707285499224228,0.22333582957920958,0.3240064558531853,0.38339097763577856,0.47951607559152915,0.9751476152477485,0.17102601957223906,1.3621695408543963
60,10,73.80139838699999,70.684698812,72.29653489500001,73.822559765,75.5174767175,76.5897220345,69.83872556,77.06946667,36.500275,33.8983997,35.688064,36.542709,37.15512125,39.031648849999996,32.851022,40.269575,0.9483861000000001,0.92701835,0.945613,0.948207,0.95821475,0.9638942500000001,0.924497,0.966781,3.34414293767,2.8949799776100003,3.063151896,3.3687449694,3.58843302725,3.8575113416049995,2.8071324825,3.9990434647,384475.9,194512.3,270557.75,334755.5,396721.5,752108.4499999994,147202,1017320,0.14449458407489219,0.06688670220000796,0.09712381119656104,0.11530615564809996,0.1348476597238038,0.31841295977610873,0.04697776245915033,0.44209776109025173,0.42184682000005297,0.26560069675019804,0.39134367249997126,0.40707104000011896,0.4946608657500633,0.561940485899845,0.2536692909998237,0.5794564469997567,1.5371352354113972e-07,9.044530352609326e-08,1.3037290465380278e-07,1.4715680490489578e-07,1.8073638439004417e-07,2.2232011993372442e-07,8.941723026471085e-08,2.518149627137032e-07,14.10362284305109,7.685319242018631,12.76007826441774,13.225075738498557,16.130790014872634,20.976467299684035,5.380961742617859,24.480204073314223,0.001975132596365747,0.000885806922245968,0.001290612101325288,0.0015980015753366454,0.001846900118459556,0.004403248917367393,0.0006224462604972098,0.00616433329017207,0.004093752994698412,0.0017455165122547615,0.002597394691607951,0.003159129357914137,0.0037781220614691562,0.009541061137520863,0.0011665820277256544,0.013457656236395072,0.15256148183056514,0.07098621286551576,0.10190204709051065,0.12159088356197098,0.1436596499306207,0.3366972436738782,0.04891651980510589,0.4674657235078523,0.4707285499224228,0.22333582957920958,0.3240064558531853,0.38339097763577856,0.47951607559152915,0.9751476152477485,0.17102601957223906,1.3621695408543963
70,0,82.662373786,80.036721109,81.77992859,83.15467530500001,83.8712859,84.3923921505,79.91553529,84.70200057,39.5408638,37.34221625,39.0617165,39.664006,39.9908225,41.541396649999996,36.428507,42.644357,0.9710711,0.96208445,0.9687264999999999,0.970588,0.97466425,0.97945255,0.957701,0.982081,2.10129119158,1.77930275201,1.931093603375,2.07134616375,2.3146083355,2.4289681911499996,1.7317947149,2.4605152607,488525.9,214091.2,346030.5,416893.0,528516.75,971411.8999999994,137089,1232438,0.18312945849142295,0.074200136483774,0.12415138080029209,0.14399365203308462,0.19812440860608624,0.39564940376859936,0.0437503191380719,0.5355818036434432,141.04512248620006,88.02767997840006,107.22891605225007,140.1624526965,167.34358354500006,202.8981723106001,83.4923752499999,217.74538759000006,5.130955539167086e-05,2.92222235353956e-05,3.6631519978382274e-05,5.2105000532853245e-05,6.147046841618048e-05,7.542910094955194e-05,2.6645595655254257e-05,8.02876755049716e-05,11.704745419465265,5.961564151655635,8.880086688258928,10.535032194324984,12.806526729538122,20.476403842723283,4.441732565857269,26.28609881172085,0.0022117818066035556,0.0008903237830197639,0.0014961424008580538,0.0017841625644523327,0.002368802325980105,0.004757863092951859,0.0005323522576409591,0.0064565669163811545,0.004749998624123819,0.0018191614771742902,0.0031002157756857287,0.003614624714486382,0.005074981991705299,0.010714489459265921,0.0010259345483406373,0.014702271593053297,0.18835188219138616,0.07712016782891101,0.12747449385584392,0.14857544866037303,0.20385767525752876,0.40593896387149303,0.04503322567098697,0.5492205987727673,0.36609570302977223,0.16166451126629852,0.27323900713219273,0.3209035697367988,0.35660882597631793,0.7326386330863526,0.10764832789972116,0.9840609373972877
70,1,82.324280186,79.61095943400001,81.53311074,82.68722783999999,83.58785538000001,84.1837261,79.48863669,84.53910793,39.4661263,37.243538,38.9658165,39.618712,39.927419,41.462508549999995,36.332081,42.571597,0.9703548,0.9614172,0.9679685,0.9700645,0.9735905,0.97901205,0.956973,0.981735,2.23349705935,1.92719336152,2.038049399825,2.0924369097,2.3412970901000003,2.77533478735,1.8425301313,2.7961268425,481860.8,209840.0,340688.5,412202.0,520591.75,958572.0499999993,134816,1218641,0.18065336039638605,0.07271628184828503,0.12216146525269861,0.14250137370582452,0.19489527215868832,0.39070485198511995,0.043024918300653595,0.5295860276734807,80.55387288290011,48.46781619600051,59.20134104924992,75.43319004249997,95.41170448299988,122.48144241455022,46.02086309400056,125.86352754800009,2.9441970899316535e-05,1.6011355702167668e-05,2.0375430436350548e-05,2.7269213821830344e-05,3.6129769892545447e-05,4.636231190169498e-05,1.4687009514782654e-05,5.143051331829735e-05,11.8806879777438,6.047500189751613,9.02785728086192,10.63210140263243,13.016523367079126,20.853276963461425,4.4920202093971895,26.72928287443627,0.002192294808723134,0.0008750296590958596,0.0014777880264007631,0.0017732111553230231,0.002340323758675187,0.0047268242809429765,0.0005251195480176048,0.006424458524258473,0.004696109661536609,0.001786050480473813,0.0030560382730645988,0.003582467480695962,0.0050047898581192,0.010609200796417164,0.001010648444798855,0.014576264642630316,0.1859640288881763,0.07562672342067572,0.1255060491833612,0.14712004161778047,0.20074918290734098,0.40130716678867456,0.044306665836641806,0.543667561175487,0.3887906229274375,0.17616956963250607,0.265021213725451,0.326982410802687,0.3706708105622921,0.8234817473464497,0.120303128956827,1.1301218436168858
70,2,82.293881054,79.6913361635,81.50112901,82.578932815,83.5004606625,84.1360183795,79.45141946,84.44658286,39.452279700000005,37.21190675,38.94456925,39.623400000000004,39.915854,41.45652875,36.29921,42.567806,0.9702463,0.9614003,0.96770275,0.9701085,0.97337425,0.9789292,0.956768,0.981649,2.2235098123699997,1.865417826185,2.1349551678000003,2.1968750954000003,2.2918996215,2.6446671605299996,1.8253133297,2.8374269009,482236.5,209354.7,341587.5,413723.5,519989.75,958564.5499999993,134661,1217585,0.1807643320041999,0.07254445663947272,0.12257788253979228,0.14283630487593268,0.19532528811672162,0.3902201002120703,0.042975451899509805,0.5291271207064386,65.33006727080003,40.306333910999776,49.25252537975007,63.496739744000024,78.03870466950008,95.56896329495012,37.92419386799975,102.69885017600018,2.3802895135007885e-05,1.3463640118384224e-05,1.667145092634765e-05,2.295416874313148e-05,2.985142684982598e-05,3.5508283815250876e-05,1.2103054109221733e-05,3.7744514456873216e-05,11.87151919760707,6.0580209431891054,9.00591749617083,10.611704454398842,12.972401480628795,20.888390203569386,4.495916096206836,26.760049309005577,0.0021951900593942236,0.000873543991662126,0.0014816118406738375,0.0017783625398511292,0.002348166257899914,0.004727116378581475,0.0005243665508350652,0.00642829660376791,0.004701292524074196,0.0017825915996575285,0.0030666511581782683,0.003591450045879677,0.005018578087068854,0.010605481873941041,0.0010095763897136208,0.014576821939277429,0.18610531999865815,0.0754590621445031,0.1259341591145258,0.1474821005159871,0.20123389950965237,0.4008980341202045,0.044256682868554456,0.5433197183902282,0.39817805501936193,0.16858851503740221,0.26507138592147106,0.3040596953251399,0.36849115628741774,0.9017013212234197,0.10353095451926327,1.1276873655787507
70,3,82.203045929,79.6359327025,81.3990943825,82.500077815,83.423663965,84.012798472,79.38962482,84.38607277,39.398181799999996,37.166338599999996,38.90387675,39.543715,39.86960025,41.4010342,36.251692,42.542731,0.9699939000000001,0.9611203500000001,0.96746525,0.9699035,0.9731355,0.9786210000000001,0.956574,0.981411,2.19356153011,1.8982263803500001,2.001214087025,2.2103455066500004,2.264010846625,2.5728197216899997,1.8552799225,2.6024518013,481756.3,209116.5,339816.75,412353.0,520219.25,958927.7499999994,134781,1217833,0.18060424822972893,0.07245555098595025,0.12170095536947265,0.14287625079530336,0.1954144716745474,0.39035694922472497,0.043013748468137256,0.5292348943123348,41.04413548769994,23.320744803849994,29.784398286499993,41.583586284000035,46.95481055699997,63.26334508659971,20.70804081999995,68.48064150999971,1.4980710061589366e-05,7.691935669791023e-06,1.0296265490702184e-05,1.5032530179593974e-05,1.8662022459515434e-05,2.343135916462747e-05,6.608724220026537e-06,2.4721287659052868e-05,11.889761149456492,6.054715939105658,8.999779799446628,10.614893791905093,13.065853761795074,20.8891914842672,4.49500054605188,26.736223948479385,0.002195129327684807,0.0008732909206476124,0.0014746279704784533,0.0017803890595852131,0.002352431512655868,0.004730670756568686,0.0005259628219377417,0.006432081820965507,0.0047037246922604385,0.0017813892495330474,0.003052411167502886,0.0035964564219909158,0.005025990966440384,0.01062257163964336,0.001011071632146447,0.014598901875044477,0.1859894456604215,0.07537849273758664,0.12508352270528944,0.14756018400047294,0.20138033771883887,0.40113713439460874,0.04430036393798825,0.543562104256323,0.3833779380170569,0.17067027878834726,0.27139392364647236,0.30438875005312954,0.3676488750165031,0.8261785595332845,0.10910879202838589,1.0323872383292707
70,4,81.909966789,79.3941142095,81.1061175425,82.20844929,83.02144995,83.6789298985,79.06416372,84.03836977,39.3233604,37.09197295,38.7826265,39.4817245,39.81863925,41.33730105,36.18646,42.518574,0.9694502,0.96061495,0.966568,0.969604,0.972645,0.97802675,0.956029,0.9809,2.18305163383,1.860122305145,2.04798594115,2.2123986482499998,2.315449059025,2.4380306958999998,1.8548526764,2.5331330299,480847.0,210259.85,339416.5,411919.5,519271.5,954637.2999999993,135815,1214128,0.1802674321846199,0.07284478166324145,0.1212827355171189,0.14329089305338655,0.19403036562039083,0.3893651521867609,0.043343737234477125,0.5276248087887637,19.510011031000044,10.242342495599996,14.729677456499985,19.36662119100015,23.223232613999983,29.942062324600144,9.657683987999917,30.591417568000452,7.166946039155408e-06,3.477599406526888e-06,4.88675998677497e-06,7.0010632450547126e-06,8.834385233580205e-06,1.1744287197979782e-05,3.0821346469056106e-06,1.329414266444186e-05,11.879031073459764,6.066098359603152,9.049128287245802,10.607785056245937,13.111059113585481,20.75102321636106,4.508717367526323,26.532673121525605,0.002198935830171883,0.0008806894856982603,0.0014758616250836291,0.0017930030896181558,0.0023451834589255692,0.004733903500036501,0.0005308339445527615,0.0064322433098734704,0.004704211969660404,0.0017930428213525406,0.003049560425925469,0.0036117132987304647,0.005006103097223042,0.010615598912154266,0.001019407123918999,0.01458072463536814,0.1857531902184336,0.07581525243291838,0.12472909653353355,0.14806001142324254,0.20017188567133476,0.400320665733541,0.044646522768872834,0.5421434092895375,0.37760640455621114,0.17382573299184573,0.2722471807973198,0.323524418528527,0.37621005141890673,0.763324545573595,0.10979545242796049,1.053410926795219
70,5,81.684190988,79.21435891,80.9701078975,81.83160989,82.7874092725,83.50937964,78.90384622,83.81973096,39.1671209,36.95435155,38.558860249999995,39.372421,39.685612250000005,41.141279399999995,36.068383,42.313182,0.9685103999999999,0.95913855,0.9660274999999999,0.968788,0.97181,0.97712095,0.954864,0.980122,2.24969501494,2.097106623635,2.143675804125,2.2200387716,2.3091077208249997,2.4960844993449998,2.0751633644,2.5818169117,479088.0,208549.85,336800.5,410637.5,517441.0,952940.0999999994,135770,1213230,0.17963342544123184,0.07222766253786729,0.12031376949171077,0.1429030019087281,0.193241034084172,0.38880309110346234,0.04332937602124183,0.5272345640383813,14.445550853600082,7.608258635000448,10.350751671999973,13.84344559200008,16.59537738749998,23.390858886699945,7.593517373000395,24.181327893999878,5.310101250969669e-06,2.573468936378905e-06,3.4371775225146164e-06,5.004426800277662e-06,6.592553236009883e-06,9.000140308603772e-06,2.423380493323758e-06,1.050850363909743e-05,11.930559833440174,6.080541865360519,9.08376267209284,10.640539139678296,13.217975832446172,20.833378190872196,4.5120545980564275,26.541467187154748,0.0021983962166187373,0.0008745099994009954,0.001467687431319751,0.0017915108288085078,0.002346490700336809,0.0047463094135639025,0.0005315124448338758,0.006453316867708868,0.00470618706077153,0.001784698856327555,0.0030374032348368125,0.0036136687030258936,0.005015196370431131,0.010637791048159328,0.0010240160151803717,0.014617637947295318,0.18527490105440717,0.07526001620603275,0.12385066110353621,0.14774390258073505,0.19969350538304526,0.4000862275604145,0.04468332546619294,0.542176961085909,0.39429927567095696,0.17068385994518995,0.27478241691068983,0.32589926353357157,0.41114131395591946,0.8288875481334945,0.11186851578505061,1.1342026108471528
70,6,80.561424749,78.03954549849999,79.6566442625,80.789538825,81.80128354499999,82.526192227,77.62153756,82.94194324,38.853788300000005,36.5184735,38.20912,39.174678,39.324789499999994,40.89367025,35.611575,42.057827,0.9658306,0.95459925,0.9637435,0.9662975,0.9684452499999999,0.97573755,0.951132,0.978744,2.3665444612599997,2.093769693385,2.2041962742749996,2.3744212389,2.52403062585,2.62042903901,2.0917367935,2.689368248,479630.9,212541.3,339639.0,413333.5,519354.25,944213.6499999994,143793,1208203,0.1798216310766004,0.07348364270521537,0.12083020973415178,0.14487625802533405,0.19014518014525134,0.38801958220344845,0.045889820772058824,0.5250499756640244,2.228941849100079,1.2963831142503295,1.571082805999879,2.113196918000199,2.6853690877500753,3.4251980130499753,1.259043804000612,3.6619483009999385,8.204000125723545e-07,4.403751492204453e-07,5.224310818770344e-07,7.639239248945133e-07,9.762283945798933e-07,1.3804418399114343e-06,4.2828969088285854e-07,1.5913765040501749e-06,11.762987306440657,6.075708374109105,9.197969971767234,10.53578107084391,13.160931801590792,20.038566678950396,4.530828014828634,25.06057318506464,0.002234956874605946,0.0009000746209027026,0.001490662176987603,0.0018462029800999432,0.002343548038479846,0.004821919647036152,0.0005670176529456225,0.006545651226310616,0.004754669520288701,0.0018290892999121284,0.0030669465247873205,0.003691600003525704,0.004980179161570537,0.010746620687490561,0.0010911125002263863,0.014743801015934409,0.1860717323826995,0.07678459090624827,0.12455611244544114,0.1501583328166838,0.19743052193880253,0.40086565905179733,0.04738476264886796,0.5421672810617046,0.41642927344010816,0.1841229122296983,0.2759945994187147,0.3441672422143577,0.44219146390560227,0.8682982503917969,0.12341462689078585,1.201290741065167
70,7,80.079204094,77.4497353285,78.78631347250001,80.17179705,81.28377905250001,82.5732632645,76.65893902,82.87180424,38.480134199999995,36.21509225,37.933284,38.7119575,38.948115,40.44588769999999,35.388863,41.472182,0.9638854,0.9517658999999999,0.9614977499999999,0.9640595000000001,0.96706825,0.97440865,0.948345,0.977407,2.56132941247,2.226943349835,2.367568910125,2.4880295992,2.750834465025,3.02298505308,2.1317794323,3.0475225449,473049.8,219393.40000000002,345771.0,411765.0,498946.75,917534.7499999994,152446,1175090,0.17704385569136669,0.07575907329308014,0.1249967464862051,0.14010731850815547,0.18630274858088053,0.37465511012028896,0.048651322508169934,0.5106600264219163,1.8591732779999461,1.1139954724998915,1.4938865665000378,1.874811314499766,2.199909722249913,2.5637779171001736,1.1073584630003097,2.6709136930003297,6.798276104223839e-07,3.769097254989895e-07,5.221977003539061e-07,6.7774716383964e-07,7.880989081064873e-07,1.0433362583781558e-06,3.5340024477899996e-07,1.1607016118239509e-06,11.66103169249549,6.354171481105157,9.45844489005265,10.786322352426504,12.667742111057569,19.15962567086192,4.658502752980623,23.63810792018157,0.002213082485726342,0.0009345916807768921,0.0015395545467457822,0.0018080369393999743,0.0023072107879083276,0.004684945444728064,0.0006066703650444482,0.006399873477642489,0.0047182738512575526,0.001903013653877988,0.003198986855537052,0.0036115916004204928,0.004913873018688255,0.010456084800161188,0.0011731073737130575,0.014429964207155125,0.18354028001684342,0.07935136881218333,0.12911026366485695,0.145354234419385,0.19392273507910446,0.38767963409154194,0.050330030340134786,0.5279727819136467,0.4433950574684283,0.1993997815708521,0.30363565708751195,0.37678209954612096,0.449126548819225,0.9085859273545367,0.1367579333093893,1.2469080408740572
70,8,79.76865458900001,77.1802748215,78.54748512,79.83209156000001,81.0497439225,82.1779039195,76.28494822,82.59123769,38.404827,36.149128149999996,37.84799,38.626269,38.8610995,40.415930249999995,35.312287,41.456742,0.9623991999999999,0.9484362,0.95986525,0.963154,0.9657199999999999,0.97396445,0.943299,0.977051,2.62441415785,2.21417496202,2.268065154575,2.62903153895,2.84963107105,3.1805309772349997,2.1995835304,3.3043241501,480084.1,230925.6,348754.75,416042.0,502686.25,929901.2499999993,157050,1195759,0.17973372660037112,0.07982070851363222,0.12591775354361878,0.1419837035109029,0.1869257858817384,0.38044951936448307,0.05012063419117647,0.5196421742455848,1.084339574899991,0.6758626437001567,0.7844718844999647,0.9786905490000208,1.3621422752501076,1.5810080390998333,0.6393674070004636,1.7332274249997681,3.989666091084528e-07,2.3047034478424213e-07,2.6041349144335954e-07,3.537981335675939e-07,4.813438260248061e-07,6.631643966793603e-07,2.2992874700003243e-07,7.53210360606908e-07,11.437043009374033,6.275659052719238,9.427519853204561,10.565003899640663,12.627270292739945,18.395038875797294,4.577979341991154,22.945144858325374,0.0022562775953281866,0.0009875778953968906,0.001559207015329132,0.001839206366535858,0.0023255170137776483,0.004780822836798029,0.0006272526366893179,0.006547880276827928,0.004799559058981584,0.0020147005816214324,0.003221842435200627,0.003675930507186606,0.0049417358898080415,0.010639767651931059,0.0012089863258231066,0.014715619360637413,0.18665455456281435,0.08393227779597098,0.13003250181470433,0.14776394817495753,0.19478354316866164,0.3944666631256102,0.05188535902224093,0.5385361774968855,0.4655012634568908,0.20143625674992166,0.32155381736310024,0.4077821132485546,0.45757387555790335,0.9628624311399551,0.13835350335615806,1.3665654390037356
70,9,79.41926766899999,76.97258562949999,78.227118495,79.53279269000001,80.74906145,81.691792995,76.20046271,82.12699137,38.1962534,35.851194250000006,37.587928000000005,38.350232000000005,38.6673265,40.38964765,34.934614,41.522965,0.9614868,0.94655085,0.9591885,0.9624055,0.965795,0.9732767,0.941307,0.976271,2.5398714780900002,2.232914078265,2.3778772949749998,2.4299495220500003,2.7397951484,2.9560172796299997,2.2054073811,3.0064988136,505500.2,259123.75,359647.5,432719.5,528125.75,978772.7499999993,190159,1286683,0.189546457295074,0.08924294645552266,0.12762800388004114,0.15216539418127134,0.1868404757563516,0.40806472065776633,0.060686976613562094,0.5591551070782923,0.4449086001000978,0.2871881174002738,0.3990331097500075,0.45528672249997726,0.5134194195001669,0.5775701128500371,0.276391784000225,0.6235826610000004,1.6253761760111634e-07,9.768734403421273e-08,1.3267951023083545e-07,1.607978705978185e-07,1.846674298868099e-07,2.402224140383959e-07,9.586385442208351e-08,2.709909352836881e-07,10.669736827136465,5.877822657529092,9.349130628056376,9.989397453898256,12.096636641870784,16.10875129464698,4.254474489831606,18.95011542971934,0.002393517508000362,0.001106233980273359,0.001591430925905819,0.0019731451102130496,0.0023413767859405054,0.005168999106945275,0.0007598181053069651,0.007114554018565455,0.0050991824390211726,0.0022361145073693167,0.003307630280886178,0.003968026752591695,0.004973469229635341,0.011522277530275644,0.0014615280150047593,0.01600576170895411,0.1971215483690747,0.09214046620632711,0.13477730909544883,0.15846985105942027,0.1949947748714365,0.423960183503447,0.06277240133056616,0.5808763991480339,0.47374230336208223,0.21963023856727643,0.3144326933321352,0.40704177440759803,0.4636146341983092,0.9885207417749549,0.16910927965642733,1.364900007493096
70,10,79.41926766899999,76.97258562949999,78.227118495,79.53279269000001,80.74906145,81.691792995,76.20046271,82.12699137,38.1962534,35.851194250000006,37.587928000000005,38.350232000000005,38.6673265,40.38964765,34.934614,41.522965,0.9614868,0.94655085,0.9591885,0.9624055,0.965795,0.9732767,0.941307,0.976271,2.5398714780900002,2.232914078265,2.3778772949749998,2.4299495220500003,2.7397951484,2.9560172796299997,2.2054073811,3.0064988136,505500.2,259123.75,359647.5,432719.5,528125.75,978772.7499999993,190159,1286683,0.189546457295074,0.08924294645552266,0.12762800388004114,0.15216539418127134,0.1868404757563516,0.40806472065776633,0.060686976613562094,0.5591551070782923,0.45386465350002253,0.296126082300043,0.4169075782499476,0.4417215185000032,0.5150395370000638,0.5971182706500258,0.2758832760000587,0.608788986000036,1.6529738389323691e-07,1.0093316064547833e-07,1.3769240372520488e-07,1.5968300599369658e-07,1.8767593669496007e-07,2.370683587401351e-07,9.973222713866428e-08,2.6456203327077076e-07,10.669736827136465,5.877822657529092,9.349130628056376,9.989397453898256,12.096636641870784,16.10875129464698,4.254474489831606,18.95011542971934,0.002393517508000362,0.001106233980273359,0.001591430925905819,0.0019731451102130496,0.0023413767859405054,0.005168999106945275,0.0007598181053069651,0.007114554018565455,0.0050991824390211726,0.0022361145073693167,0.003307630280886178,0.003968026752591695,0.004973469229635341,0.011522277530275644,0.0014615280150047593,0.01600576170895411,0.1971215483690747,0.09214046620632711,0.13477730909544883,0.15846985105942027,0.1949947748714365,0.423960183503447,0.06277240133056616,0.5808763991480339,0.47374230336208223,0.21963023856727643,0.3144326933321352,0.40704177440759803,0.4636146341983092,0.9885207417749549,0.16910927965642733,1.364900007493096
80,0,86.60122159400001,84.660006944,85.46129935249999,87.24877651,87.6467186875,87.938813045,84.24867611,88.14734894,41.4591291,39.60987015,41.26411,41.5719495,41.86557875,43.0249276,38.770887,43.901218,0.9796134000000001,0.97190375,0.9768595,0.9796405,0.9833875000000001,0.986131,0.968783,0.987715,1.65712832213,1.38012004492,1.5435842871999998,1.67129790785,1.736110657475,1.953701525925,1.2663080692,1.9730206728,657272.7,314703.7,480752.0,563936.5,716912.0,1255561.5999999992,200806,1559326,0.2455280995102962,0.10908710949926614,0.1736191121567543,0.19227579674937822,0.2681522925184546,0.5101120284904739,0.06408483966503269,0.6776378459185093,155.67794566510003,101.15292815734988,132.47732406225015,152.53773082449993,183.90946936875008,210.06468661554996,101.0189379200001,225.65909903500005,5.646085374615183e-05,3.421320706960526e-05,4.375234878535067e-05,5.875804593839108e-05,6.648355506707663e-05,7.806022608639385e-05,3.223898907271245e-05,8.300516670751632e-05,8.405785143404554,4.519109867156166,6.602941660266737,7.8000208590296705,9.128600699156147,14.007761896619758,3.5105936795769455,17.94535521846957,0.0028282538607627425,0.0012538653057981705,0.001995533499481887,0.0022676247939614528,0.0030627011670040522,0.005847805417738641,0.0007486267580620414,0.00777996735496204,0.006032440146389656,0.0025798016142841826,0.004143587204883158,0.004611497974304804,0.006499352351561476,0.012994477018521293,0.0014597508357292658,0.01747800729755059,0.2502586557284563,0.11230176038869097,0.17681051942025267,0.19693560193732995,0.27283960775075344,0.518433600908838,0.0656035621283029,0.6885199029851902,0.3911004622002118,0.1908989882311815,0.2963724311657785,0.3450725769050175,0.35706555592932904,0.7804382760903541,0.12368945918340606,1.0294833879855378
80,1,86.364923488,84.3478353435,85.221426975,87.019135105,87.4116036675,87.7290213335,83.9203941,87.95294816,41.38182329999999,39.53095485,41.19442825,41.482374500000006,41.77493475,42.95454475,38.690205,43.824559,0.9790899,0.9713455,0.9764597500000001,0.979032,0.98284075,0.9856403499999999,0.96802,0.987394,1.73515335322,1.4293644189949999,1.614207655225,1.775773108,1.8605160117000001,1.96931576135,1.3414027691,2.0362684727,649099.1,307324.55,472172.5,556680.0,708111.25,1244684.9499999993,197048,1545676,0.24250956148383457,0.10650709650102666,0.17029597613208725,0.19026187171033604,0.2657677514480396,0.5050941558893056,0.06288551879084968,0.6717059518842998,88.90575922439987,57.49840981034954,70.02463909899984,86.08080142300003,102.21747248600002,128.41050823824995,56.22925641299935,135.13493791300016,3.237405107702301e-05,1.947562703095373e-05,2.3184265282126334e-05,3.111834165618313e-05,3.882206428759433e-05,4.813453556760907e-05,1.7944896475758065e-05,5.223185268825603e-05,8.537020443576612,4.569652478638412,6.665587055997076,7.876759200246285,9.324794913998819,14.26115865871585,3.5415960395322177,18.287599975640454,0.0028014152932194407,0.0012270558374880708,0.0019632584005352172,0.0022518992647474075,0.0030420829638318505,0.005807081583822822,0.000735804511208027,0.007735861485351837,0.005970103173625512,0.002524347291080389,0.004078681368767698,0.004559224681082479,0.006452428534584716,0.012893318980013455,0.0014349378573518486,0.017361137059994897,0.24731951476599573,0.10971696331112994,0.17353172562821356,0.1949466910162833,0.27053762990022423,0.513680759795029,0.06440166273495601,0.6829771233509607,0.4033912260670176,0.19956863178559692,0.3061222846640984,0.34429535499024655,0.37012749620043967,0.8110903199078303,0.12805179930319063,1.0323268100386278
80,2,86.322304497,84.372996207,85.21162826,86.94299187,87.35752722,87.63276640650001,83.97617268,87.83685069,41.3596433,39.49544675,41.15628425,41.472772500000005,41.750932250000005,42.94738364999999,38.653274,43.823328,0.9789965,0.9712988,0.9763835000000001,0.9789455,0.9827042500000001,0.98549335,0.967886,0.987256,1.7376751184399999,1.4409221291299998,1.584088295725,1.7276840806,1.919639945025,1.98704441786,1.3484061956,1.9897606373,649250.1,306993.5,472890.25,557684.0,707468.75,1244631.7499999993,196541,1545189,0.24255371500150794,0.10639923446966822,0.17058530233051,0.19054745792122157,0.2658500205829935,0.5048419104609925,0.06272371578839869,0.6714943158114309,72.5865921514001,47.61717968230037,60.14204539075007,70.43326698049987,82.26746567125002,102.83974275335011,47.15058515200053,112.12997514800009,2.6362923375134014e-05,1.611507935814511e-05,1.986741637560783e-05,2.5461733971202737e-05,3.218700259447298e-05,3.7969428180077855e-05,1.5047546834150496e-05,3.975673336071139e-05,8.537455332151533,4.5728944675849155,6.659185468327193,7.875224858978648,9.320322487070998,14.281273100457561,3.5427122507343762,18.334774932456842,0.0028036071918788154,0.0012265590882420867,0.0019680134849482233,0.002254579398746441,0.003045771620454142,0.005808686662398384,0.0007340619322343176,0.007740861944075598,0.0059752738115956975,0.0025225773711766595,0.0040872593419907025,0.0045683958099194625,0.006460417237532188,0.012898865710856681,0.0014312859988268964,0.01737224939371063,0.24739388342600593,0.10961762872525671,0.17384464529282292,0.19524387471794544,0.2706680134480341,0.5135021917987105,0.0642378007521263,0.6828716402089523,0.40870904517768725,0.18748334554965457,0.31105538306956326,0.3517704506358197,0.3830652229313253,0.8272680675509191,0.12442657764278495,1.1196882071874585
80,3,86.250959277,84.30389443749999,85.14352412,86.844249565,87.276010885,87.6001173395,83.84237716,87.80973557,41.3099843,39.43171885,41.124308500000005,41.4071615,41.70049175,42.91321729999999,38.578693,43.792601,0.9788143,0.9710068,0.97628675,0.9788015,0.98251125,0.9853175000000001,0.967621,0.987086,1.74322816134,1.51849069001,1.6165070832,1.7007625103,1.9246212541999999,1.9804836988499999,1.4995646477,1.9864976406,648952.6,306385.45,472258.75,556779.0,707701.0,1244876.9999999993,196891,1544568,0.24244547851573314,0.10617126849645186,0.17012548579592696,0.1907253166753427,0.266104026245915,0.5047898062682515,0.0628354141135621,0.6712244472256987,45.88563106479999,28.11455855515019,35.64109731499991,46.1942096869999,52.74373001175002,66.60618743169988,26.099903782000183,72.47202144399989,1.6712917342504915e-05,9.471385318563646e-06,1.1942323232709421e-05,1.6699277606787517e-05,2.09623946768095e-05,2.461409985097334e-05,8.329472969643645e-06,2.582952420994989e-05,8.541544971738444,4.571813845880548,6.651544143985932,7.8725447505110395,9.345400820617623,14.28030887735153,3.544136612955856,18.302182425809203,0.00280489643300151,0.00122515962828103,0.001964536168875571,0.002259412429101261,0.0030510842100226346,0.005814243570762358,0.0007360074601346564,0.007748313912671561,0.005980788626140239,0.0025192393737817403,0.004083243225498887,0.0045752862955321695,0.006471377996056307,0.01292003899125601,0.0014348408790234245,0.017398838452761963,0.24732886983195268,0.10940561287470016,0.1734091602397838,0.19546677962852815,0.27095961055312007,0.5135475413831769,0.06435911618934484,0.6827242545696702,0.4177490256034252,0.18835943274079114,0.29558454463291567,0.3496143496029669,0.403813892156717,0.8808646688598945,0.12358433132572777,1.2069301952552898
80,4,85.977021709,83.9046687295,84.9076415175,86.6594281,86.9955853125,87.326148688,83.6057524,87.52525216,41.2218025,39.3531037,41.004442,41.297701,41.58921275,42.872250099999995,38.528206,43.76164,0.9783166,0.9705757,0.975796,0.9780995,0.9819852499999999,0.9849821,0.967018,0.986729,1.7452878355900001,1.522994959345,1.6357784271,1.67379021645,1.868428915725,2.04067620039,1.4643304348,2.0721306801,647131.7,307846.5,470664.75,554037.0,705524.0,1239927.9999999993,198330,1540294,0.24178505195776925,0.10666591174979395,0.1689845862524582,0.19096137717623923,0.26444825178988446,0.5034202822973157,0.0632946537990196,0.6693670908079544,22.535848225200038,12.398391577150097,17.23252045549998,22.36691506850002,26.812201929750074,33.88375142305006,11.83759507600007,34.417656952000016,8.255695692226354e-06,4.206222736283648e-06,5.714071117226411e-06,8.085674080520858e-06,1.0383243490244201e-05,1.3059858838971067e-05,3.7778272684334376e-06,1.4441315629345757e-05,8.546822385590698,4.583969166033972,6.6858895311587645,7.873760775522868,9.385883257737198,14.23341620411559,3.5539708653023383,18.169389401502546,0.002805519326869538,0.0012342353382383468,0.0019598999112154644,0.002268847560057638,0.0030399152198089014,0.005811019379767137,0.0007427365036863082,0.007741252235415759,0.005976878233810633,0.002535473668113181,0.004067985520458471,0.00458774703106575,0.006450160929757679,0.012906823213398064,0.0014463501321938484,0.017373430021837884,0.24677967809304832,0.10996750705004474,0.17235662414986488,0.19578219414427023,0.2694460744094682,0.5123571333889287,0.06484171221065359,0.6810491264743692,0.40823814633890426,0.19305066599738244,0.287693229527036,0.3624245257522601,0.4011595090317185,0.8174766960172619,0.13115479402325653,1.0941177121436478
80,5,85.848924055,83.739074517,84.794723725,86.530436995,86.8547141775,87.2063652415,83.40468417,87.40500223,41.0727306,39.2065873,40.822314750000004,41.186986,41.411271,42.716677849999996,38.421646,43.582544,0.9776236,0.9697356,0.975311,0.9773015,0.9811345,0.98446885,0.96597,0.986227,1.7701613307,1.551894044895,1.6585740447,1.74927783015,1.893555074925,2.0228879689949997,1.4932789803,2.0442085266,645466.1,305316.4,467800.0,552432.0,704930.25,1239206.4999999993,197824,1539712,0.24119228696411818,0.10576306647290185,0.16788162318819952,0.19055956822256925,0.2640811102683607,0.5032398158288134,0.06313316993464052,0.6691141704908914,16.780638506199853,9.231587486749731,11.869047693750133,15.602058834999752,20.34775152024997,26.360437424049838,8.976429586999984,26.415091657000175,6.162379137678722e-06,3.1061977403269486e-06,3.988525854318339e-06,5.640168183165507e-06,7.960541662268661e-06,1.0161181723864763e-05,2.8647204309002195e-06,1.1426452251946628e-05,8.579229536424782,4.5855122108859865,6.694703044746174,7.893141982363858,9.453722952983384,14.282260885741334,3.5553142405852523,18.21586359592365,0.0028032978622357005,0.0012246217384754734,0.0019499935884126195,0.002268629100905287,0.003039191137970074,0.00582074470373325,0.0007413275343744217,0.007752980444007557,0.00598350834234056,0.002523509664309621,0.004056859245824694,0.004592868600069543,0.006470396000622475,0.012944974338909811,0.0014485884517122388,0.017415031372963338,0.2463385990265144,0.1091433861443839,0.1713619169378175,0.19547667445288788,0.2692909441685784,0.5124924399681513,0.06472893230269897,0.6811570267233604,0.4137250436975338,0.19811082348741202,0.29105241285496086,0.3631332341307847,0.40847788410453123,0.8302339499145832,0.1290573642916789,1.1103421636547184
80,6,84.992495564,82.8475740275,83.97819704999999,85.362396635,86.05428907500001,86.531255192,82.54403042,86.85336476,40.737449,38.76543255,40.38043225,40.9055245,41.13519125,42.4248561,37.949349,43.360857,0.9754588,0.96693555,0.973832,0.9745235000000001,0.97914325,0.98287925,0.963003,0.985253,1.9025073886000001,1.717388379555,1.811893463175,1.89143675565,1.98497217895,2.114242362985,1.6945927143,2.1840531826,644546.5,309481.8,468254.0,552659.5,703624.5,1229077.6999999993,208689,1538639,0.24090207367446426,0.1070157115061871,0.16692111502775428,0.19297439846144948,0.25913387777158703,0.5025776552287577,0.06660060508578432,0.6686478758169935,2.4295199365998768,1.502107383199609,1.8520560167499411,2.4120359104999807,2.789815923749984,3.5230296224496667,1.4704878019992975,3.693655743999443,8.903996797986498e-07,5.096548298125877e-07,6.136402470833134e-07,8.719546787335808e-07,1.042948455481188e-06,1.39737551063727e-06,4.917131133833709e-07,1.6051556389929438e-06,8.500818933511917,4.594790215106519,6.79901823360799,7.812704254730959,9.526044886364181,13.784655117975264,3.5577936085072586,17.26748894287672,0.00283126189854089,0.0012495996771354915,0.0019555127028542422,0.002322204660349669,0.0030199635505197744,0.0058865781688495,0.0007859556267582753,0.00784809587992603,0.00603276865783788,0.0025718969028221453,0.004058588207234053,0.0046864922011278535,0.006419854709266724,0.013081348943355362,0.0015359614567992581,0.017619482110667918,0.2466651165128702,0.11067993836883891,0.17060818848218373,0.19836404468452123,0.26527393674927263,0.5132912940084063,0.06834630644500257,0.6827424101317534,0.45178217966637646,0.20092432823386389,0.33123191132663016,0.37827901148452747,0.4886776521687807,0.9161535510297676,0.13512716832759622,1.2379212183419486
80,7,84.60682546299999,82.38466893900001,83.447126705,85.00859462,85.62269411,86.3747096965,81.84948411,86.6498335,40.3954947,38.4877645,40.148143499999996,40.5471515,40.78541775,41.95780925,37.755376,42.84032,0.9741968,0.96514195,0.9725662500000001,0.973022,0.97840325,0.98203845,0.960916,0.98445,2.0500333786,1.68680762052,1.880810379975,1.9561101794,2.0112747251750003,2.767917048939999,1.6401531696,3.3064317703,634764.8,308924.5,469789.0,547833.0,680871.25,1202460.8499999992,213151,1504450,0.2369743179463571,0.10671028253265263,0.16981424286102254,0.1863475331135404,0.2557160459967772,0.4883289819739949,0.0680245991625817,0.6537903281880127,2.038615063400016,1.2155752877500619,1.7857433927502484,2.0768761549999226,2.3287569697498043,2.793885138950122,1.214271433000249,2.919342785000481,7.437414576016027e-07,4.111399225284023e-07,6.137950648679367e-07,7.746089630689622e-07,8.512176424834686e-07,1.0830012859300337e-06,3.87520243885394e-07,1.2686616886561678e-06,8.541359501589858,4.763778413438056,6.901918170098306,8.036798251286276,9.362552688751308,13.653202589378786,3.638645352122038,16.906019676191995,0.0027968300330398553,0.0012529763497363187,0.0019913970062371937,0.002260882149371114,0.0029936920530951334,0.0057412356286218255,0.0008080034897482801,0.007697094916623901,0.005977091491084054,0.0025868619710254634,0.004156211978201747,0.004578712311431586,0.006370907447877065,0.01279310583575283,0.00158786393665084,0.01731648304040232,0.2429187330359183,0.11056517653320036,0.17372323556899388,0.19179987646485325,0.2622416326088247,0.4991206500935038,0.06990885246301741,0.6679215443007844,0.4750037306785616,0.20886227825053943,0.30623173206929505,0.38042966972650283,0.5501778721596264,0.9455490285515791,0.1435137001360532,1.2410991766772528
80,8,84.49243655299999,82.343435245,83.33418126999999,84.836519495,85.5793296125,86.1859519055,81.83522401,86.47235666,40.3366694,38.4382363,40.0449875,40.483929,40.771224,41.931806099999996,37.699537,42.826272,0.973297,0.96273115,0.9718545000000001,0.972762,0.977311,0.98175055,0.957688,0.984226,2.0601998210000003,1.77598976493,1.831171304,1.9687899947000003,2.162145018575,2.583725774305,1.7476811409,2.7073173523,645733.4,327897.65,474607.5,556189.0,685545.5,1219181.6499999992,220142,1530718,0.24109245446647837,0.113406215713839,0.1708370761451013,0.19073218520446528,0.2570638959890049,0.4956590573286048,0.07025569342320262,0.665205638993186,1.0964762259000735,0.6952026155003296,0.8229972657498479,1.0882274095001776,1.3968341352499465,1.5321037667000155,0.6834362720001081,1.552397234000182,3.989473341381112e-07,2.3310423398883192e-07,2.7629733501086487e-07,3.933958765328307e-07,4.949088800406499e-07,5.800652760099863e-07,2.1811053410951164e-07,6.157273856208383e-07,8.35154014950771,4.707052751480887,6.867088764605625,7.852560083427107,9.21799500075829,13.191832161663037,3.5762041081374885,16.369139010275187,0.002849706862639656,0.0013320030197427099,0.0020081954450716488,0.002314209665244084,0.003016301938559387,0.005836891298349243,0.0008352622131843562,0.007845122681496645,0.006089772938381503,0.0027592184985225925,0.004185028709744555,0.004694173741095497,0.006416925837822148,0.0130039572124541,0.001640481184614963,0.017644928609950462,0.2474001569349268,0.11721526625314957,0.17579386069893876,0.19654239649554,0.2637643562695084,0.5071719780970131,0.07223901559640183,0.6804866471413931,0.48661946505105613,0.21288784853063408,0.3264270109097933,0.4487289060701115,0.5139927694316722,0.9526276280039907,0.14609428287482149,1.2526777839279661
80,9,84.327802711,82.286488173,83.2756207825,84.508279485,85.41140357500001,85.9745871455,81.74250561,86.26919585,40.2243437,38.22781855,39.86003525,40.331452,40.679643999999996,41.981957449999996,37.433515,42.972461,0.972933,0.9620681,0.9713667500000001,0.9731099999999999,0.97628525,0.9814728,0.956831,0.983874,2.02015913725,1.621334874615,1.8364632427499998,1.95030868055,2.167524457025,2.5306538223999993,1.5224522352,2.7381751537,680441.3,354108.2,509277.0,580263.0,718100.0,1283543.9499999993,257963,1646410,0.25441784282320046,0.12200014406400927,0.18040375103592782,0.20495058274047082,0.2586278744737893,0.5304936070261433,0.08232581444035948,0.7154820261437909,0.4635447749999912,0.3169462009500421,0.4287420377499416,0.47663455849999536,0.5013064999999415,0.6020791275500641,0.3052537920002578,0.6394144579999193,1.6712762871851482e-07,1.0779804328159309e-07,1.4688378354537017e-07,1.732995810196856e-07,1.972411350104567e-07,2.060374382518751e-07,1.057103129467226e-07,2.076541172385574e-07,7.819238911452129,4.425158640241649,6.789037174762515,7.358433519657829,8.81662166094589,11.823509707865547,3.3249069186897553,13.969193256397235,0.00301576196638193,0.0014346398755653057,0.0021256903283135126,0.0024895436116637495,0.0030421690407890214,0.006275168625483838,0.0009791255266892096,0.008481816242133318,0.00645468207231985,0.0029354165056562497,0.004475156545835437,0.005059670274633776,0.006489458172046523,0.014006845195775957,0.0019157807703952417,0.019113407494428213,0.2612492278659738,0.12492878637829033,0.18774377853319596,0.21126412888408536,0.26551990547026344,0.5433807271738014,0.08459116586214781,0.7328205606077707,0.5080693819277431,0.23013940984688258,0.3318980203916246,0.4211463499121142,0.5683059910873306,1.0244982444132718,0.175412426750471,1.3845954264087827
80,10,84.327802711,82.286488173,83.2756207825,84.508279485,85.41140357500001,85.9745871455,81.74250561,86.26919585,40.2243437,38.22781855,39.86003525,40.331452,40.679643999999996,41.981957449999996,37.433515,42.972461,0.972933,0.9620681,0.9713667500000001,0.9731099999999999,0.97628525,0.9814728,0.956831,0.983874,2.02015913725,1.621334874615,1.8364632427499998,1.95030868055,2.167524457025,2.5306538223999993,1.5224522352,2.7381751537,680441.3,354108.2,509277.0,580263.0,718100.0,1283543.9499999993,257963,1646410,0.25441784282320046,0.12200014406400927,0.18040375103592782,0.20495058274047082,0.2586278744737893,0.5304936070261433,0.08232581444035948,0.7154820261437909,0.48337790269999914,0.3230695533502512,0.44316611075004175,0.4830166234999069,0.5535817179996911,0.619974364600057,0.30312171800051146,0.6332602960001168,1.7544601768315058e-07,1.1016650111614334e-07,1.464151842872814e-07,1.7817982315343448e-07,2.0124965019915844e-07,2.3692626831690494e-07,1.0957896567199934e-07,2.623661538728897e-07,7.819238911452129,4.425158640241649,6.789037174762515,7.358433519657829,8.81662166094589,11.823509707865547,3.3249069186897553,13.969193256397235,0.00301576196638193,0.0014346398755653057,0.0021256903283135126,0.0024895436116637495,0.0030421690407890214,0.006275168625483838,0.0009791255266892096,0.008481816242133318,0.00645468207231985,0.0029354165056562497,0.004475156545835437,0.005059670274633776,0.006489458172046523,0.014006845195775957,0.0019157807703952417,0.019113407494428213,0.2612492278659738,0.12492878637829033,0.18774377853319596,0.21126412888408536,0.26551990547026344,0.5433807271738014,0.08459116586214781,0.7328205606077707,0.5080693819277431,0.23013940984688258,0.3318980203916246,0.4211463499121142,0.5683059910873306,1.0244982444132718,0.175412426750471,1.3845954264087827
