format,quality,ssimulacra2_mean,ssimulacra2_p05,ssimulacra2_p25,ssimulacra2_p50,ssimulacra2_p75,ssimulacra2_p95,ssimulacra2_min,ssimulacra2_max,psnr_mean,psnr_p05,psnr_p25,psnr_p50,psnr_p75,psnr_p95,psnr_min,psnr_max,ssim_mean,ssim_p05,ssim_p25,ssim_p50,ssim_p75,ssim_p95,ssim_min,ssim_max,butteraugli_mean,butteraugli_p05,butteraugli_p25,butteraugli_p50,butteraugli_p75,butteraugli_p95,butteraugli_min,butteraugli_max,file_size_mean,file_size_p05,file_size_p25,file_size_p50,file_size_p75,file_size_p95,file_size_min,file_size_max,bits_per_pixel_mean,bits_per_pixel_p05,bits_per_pixel_p25,bits_per_pixel_p50,bits_per_pixel_p75,bits_per_pixel_p95,bits_per_pixel_min,bits_per_pixel_max,encoding_time_mean,encoding_time_p05,encoding_time_p25,encoding_time_p50,encoding_time_p75,encoding_time_p95,encoding_time_min,encoding_time_max,encoding_time_per_pixel_mean,encoding_time_per_pixel_p05,encoding_time_per_pixel_p25,encoding_time_per_pixel_p50,encoding_time_per_pixel_p75,encoding_time_per_pixel_p95,encoding_time_per_pixel_min,encoding_time_per_pixel_max,compression_ratio_mean,compression_ratio_p05,compression_ratio_p25,compression_ratio_p50,compression_ratio_p75,compression_ratio_p95,compression_ratio_min,compression_ratio_max,bits_per_ssimulacra2_per_pixel_mean,bits_per_ssimulacra2_per_pixel_p05,bits_per_ssimulacra2_per_pixel_p25,bits_per_ssimulacra2_per_pixel_p50,bits_per_ssimulacra2_per_pixel_p75,bits_per_ssimulacra2_per_pixel_p95,bits_per_ssimulacra2_per_pixel_min,bits_per_ssimulacra2_per_pixel_max,bits_per_psnr_per_pixel_mean,bits_per_psnr_per_pixel_p05,bits_per_psnr_per_pixel_p25,bits_per_psnr_per_pixel_p50,bits_per_psnr_per_pixel_p75,bits_per_psnr_per_pixel_p95,bits_per_psnr_per_pixel_min,bits_per_psnr_per_pixel_max,bits_per_ssim_per_pixel_mean,bits_per_ssim_per_pixel_p05,bits_per_ssim_per_pixel_p25,bits_per_ssim_per_pixel_p50,bits_per_ssim_per_pixel_p75,bits_per_ssim_per_pixel_p95,bits_per_ssim_per_pixel_min,bits_per_ssim_per_pixel_max,bits_per_butteraugli_per_pixel_mean,bits_per_butteraugli_per_pixel_p05,bits_per_butteraugli_per_pixel_p25,bits_per_butteraugli_per_pixel_p50,bits_per_butteraugli_per_pixel_p75,bits_per_butteraugli_per_pixel_p95,bits_per_butteraugli_per_pixel_min,bits_per_butteraugli_per_pixel_max
avif,35,50.88,38.84,46.14,51.14,55.48,62.81,25.37,68.1,32.54,29.18,31.11,32.45,33.65,36.4,27.67,40.33,0.9002,0.8098,0.8872,0.9068,0.922,0.9464,0.6237,0.9781,6.115,5.046,5.57,6.183,6.572,7.378,4.306,7.998,1.273e+05,3.047e+04,7.862e+04,1.055e+05,1.502e+05,3.172e+05,9463,432850,0.3626,0.08811,0.214,0.3041,0.4253,0.9173,0.02737,1.323,12.81,5.488,9.164,12.24,16.03,21.8,2.635,25.98,4.547e-06,1.984e-06,3.224e-06,4.453e-06,5.654e-06,7.481e-06,9.524e-07,9.719e-06,49.96,18.98,31.54,40.4,53.89,103.3,14.39,232.7,0.007235,0.001608,0.004042,0.00625,0.008548,0.01753,0.0004019,0.03006,0.01164,0.002425,0.006397,0.009597,0.01368,0.03129,0.0006786,0.04781,0.4036,0.09048,0.2426,0.3443,0.48,1.031,0.02801,1.531,2.107,0.5793,1.333,1.888,2.62,4.659,0.1691,7.552
avif,40,57.63,46.41,54.12,58.04,61.32,67.61,34.63,72.26,33.55,30.41,32.19,33.46,34.61,37.49,28.91,40.98,0.9153,0.8279,0.9058,0.9229,0.9357,0.9567,0.7032,0.9819,5.135,4.315,4.732,5.088,5.467,6.275,3.918,7.047,1.577e+05,3.789e+04,9.884e+04,1.347e+05,1.889e+05,3.929e+05,11653,518914,0.4493,0.1096,0.2646,0.3841,0.5414,1.128,0.0337,1.624,14.22,6.395,10.74,13.73,17.61,23.47,2.763,29.13,5.047e-06,2.312e-06,3.778e-06,4.955e-06,6.252e-06,8.102e-06,9.987e-07,1.089e-05,40.3,15.41,25.27,32.49,41.4,85.06,11.72,195.5,0.007828,0.001811,0.004501,0.006743,0.009306,0.01895,0.0004697,0.03108,0.01392,0.002929,0.007753,0.01152,0.01693,0.03683,0.0008223,0.05616,0.4908,0.1121,0.2931,0.4298,0.5986,1.235,0.03443,1.821,2.205,0.574,1.479,1.924,2.694,5.125,0.2048,8.917
avif,45,63.48,53.2,60.54,63.91,66.76,72.09,44.08,75.99,34.58,31.66,33.36,34.43,35.52,38.67,30.14,41.64,0.9283,0.8489,0.9181,0.9363,0.947,0.9645,0.785,0.9854,4.383,3.656,4.031,4.277,4.728,5.155,2.847,6.797,1.937e+05,4.554e+04,1.222e+05,1.688e+05,2.385e+05,4.818e+05,14467,615049,0.5518,0.1364,0.325,0.4753,0.6838,1.361,0.04184,1.962,15.79,7.067,12.05,15.2,19.69,27.13,3.512,32.44,5.608e-06,2.555e-06,4.329e-06,5.397e-06,6.917e-06,8.89e-06,1.27e-06,1.259e-05,32.65,12.43,20.43,26.32,33.48,69.78,9.702,161.2,0.008679,0.002074,0.005126,0.007513,0.01033,0.02059,0.000558,0.03311,0.01652,0.003534,0.009162,0.0137,0.02043,0.04255,0.001006,0.06507,0.5935,0.139,0.3523,0.5253,0.725,1.459,0.04268,2.147,2.288,0.6261,1.577,2.045,2.83,4.892,0.2029,8.051
avif,50,68.27,59.14,65.82,68.94,71.02,75.97,52.8,79.16,35.57,32.87,34.4,35.47,36.4,39.43,31.33,42.36,0.9388,0.8682,0.9309,0.9472,0.955,0.9708,0.787,0.9882,3.702,3.065,3.375,3.717,3.929,4.442,2.623,4.898,2.34e+05,5.383e+04,1.472e+05,2.061e+05,2.882e+05,5.674e+05,17699,716684,0.6664,0.1654,0.3963,0.5774,0.8246,1.606,0.05119,2.325,17.17,7.795,12.79,16.28,21.15,28.92,3.591,33.34,6.093e-06,2.818e-06,4.646e-06,5.845e-06,7.42e-06,9.538e-06,1.298e-06,1.35e-05,26.82,10.31,16.78,21.55,27.78,57.32,8.184,132.3,0.009711,0.002334,0.005842,0.008461,0.01162,0.02258,0.0006597,0.03568,0.01931,0.004181,0.01084,0.01618,0.02356,0.04841,0.001213,0.07422,0.7078,0.1688,0.4254,0.6345,0.8637,1.695,0.05213,2.497,2.349,0.6716,1.514,2.209,2.885,4.934,0.2316,8.118
avif,55,73.68,64.49,72.14,74.55,76.01,79.8,59.12,82.47,36.9,34.41,35.7,36.87,37.61,40.02,32.93,43.34,0.9509,0.8965,0.9437,0.9591,0.9642,0.977,0.8162,0.991,3.07,2.477,2.794,3.072,3.263,3.652,2.029,4.917,2.988e+05,7.391e+04,1.914e+05,2.625e+05,3.651e+05,6.896e+05,24214,866207,0.8506,0.214,0.5155,0.7497,1.029,1.975,0.07003,2.884,17.83,8.589,13.76,16.84,21.29,30.09,3.662,33.88,6.319e-06,3.105e-06,5.093e-06,6.021e-06,7.647e-06,1.032e-05,1.324e-06,1.31e-05,20.17,8.558,13.06,16.27,21.34,45.21,6.6,93.44,0.01146,0.00313,0.007298,0.01005,0.01384,0.02572,0.0008687,0.03996,0.02364,0.005346,0.01372,0.02022,0.02858,0.05648,0.00163,0.08756,0.8916,0.2243,0.5446,0.7979,1.083,2.049,0.07118,3.037,2.488,0.7213,1.69,2.306,3.104,5.074,0.2244,8.021
avif,60,77.19,69.1,76.06,77.89,79.32,82.39,64.67,84.87,37.93,35.61,36.88,37.94,38.57,40.43,34.18,44.03,0.959,0.9127,0.9524,0.9659,0.9712,0.9806,0.8626,0.9926,2.632,2.178,2.414,2.622,2.857,3.134,1.616,3.836,3.577e+05,9.179e+04,2.319e+05,3.192e+05,4.404e+05,8.176e+05,31367,991585,1.017,0.2655,0.6573,0.9226,1.226,2.273,0.09071,3.36,19.64,9.857,15.11,18.79,23.36,31.57,4.269,35.47,6.956e-06,3.563e-06,5.618e-06,6.687e-06,8.329e-06,1.116e-05,1.543e-06,1.371e-05,16.41,7.502,10.89,13.51,17.63,36.44,5.664,77.26,0.01307,0.003574,0.008498,0.01191,0.01561,0.02833,0.001098,0.04386,0.02741,0.006612,0.01695,0.02417,0.03266,0.06291,0.002084,0.09829,1.058,0.2855,0.6784,0.9601,1.254,2.344,0.09207,3.498,2.537,0.8209,1.791,2.372,3.015,4.948,0.27,8.317
avif,65,79.78,72.67,78.95,80.5,81.74,84.13,69.12,86.56,38.83,36.71,37.9,38.87,39.38,40.8,35.27,44.61,0.965,0.9251,0.9594,0.9709,0.9758,0.9832,0.8952,0.9938,2.342,1.943,2.136,2.311,2.565,2.759,1.6,3.574,4.15e+05,1.103e+05,2.718e+05,3.745e+05,5.072e+05,9.4e+05,40114,1105867,1.179,0.3194,0.7772,1.091,1.403,2.55,0.116,3.81,20.95,10.94,16.46,20.33,25.29,33.39,4.588,36.24,7.42e-06,3.956e-06,6.073e-06,7.234e-06,8.746e-06,1.154e-05,1.659e-06,1.439e-05,13.84,6.748,9.505,11.6,15.13,30.52,4.995,64.29,0.01467,0.004068,0.009615,0.01348,0.01757,0.03076,0.001379,0.04782,0.03096,0.007668,0.01956,0.02791,0.03688,0.06855,0.002631,0.108,1.219,0.3354,0.7995,1.128,1.441,2.615,0.1176,3.936,2.638,0.7961,1.834,2.472,3.164,5.024,0.3233,8.548
avif,70,81.74,74.58,80.52,82.3,83.69,85.56,72.16,87.79,39.6,37.58,38.73,39.58,40.16,41.61,36.19,45.04,0.9695,0.9332,0.9648,0.9745,0.9794,0.9853,0.919,0.9946,2.141,1.797,1.951,2.125,2.317,2.625,1.297,2.977,4.7e+05,1.286e+05,3.173e+05,4.24e+05,5.662e+05,1.052e+06,50845,1214128,1.335,0.373,0.8904,1.232,1.607,2.807,0.147,4.221,21.06,11.91,16.69,20.52,25,32.4,4.944,36.77,7.453e-06,4.305e-06,6.106e-06,7.33e-06,8.639e-06,1.173e-05,1.787e-06,1.323e-05,11.98,6.184,8.506,10.3,13.32,24.66,4.509,54.21,0.01621,0.004587,0.01075,0.01514,0.01942,0.03303,0.001717,0.05146,0.03431,0.008731,0.02211,0.03111,0.04152,0.07372,0.003293,0.1166,1.374,0.3861,0.9125,1.269,1.662,2.868,0.1488,4.337,2.726,0.8873,1.961,2.629,3.336,5.051,0.3384,8.427
avif,75,83.66,77.7,82.43,84.22,85.63,87,75.62,89.06,40.46,38.57,39.7,40.42,41.01,42.49,37.24,45.55,0.9739,0.9423,0.9702,0.9779,0.9821,0.9871,0.9293,0.9952,1.934,1.582,1.751,1.88,2.091,2.406,1.127,3.09,5.37e+05,1.59e+05,3.633e+05,4.833e+05,6.549e+05,1.19e+06,66309,1355801,1.525,0.4409,1.041,1.405,1.821,3.114,0.1918,4.714,22.55,12.85,18.36,21.63,27,34.14,5.357,37.87,7.981e-06,4.716e-06,6.639e-06,7.759e-06,9.114e-06,1.205e-05,1.937e-06,1.363e-05,10.24,5.582,7.48,8.977,11.37,18.89,4.038,43.59,0.0181,0.005236,0.01232,0.01694,0.02149,0.03573,0.002204,0.05598,0.03827,0.01005,0.02554,0.03468,0.04568,0.07971,0.004227,0.1266,1.562,0.4499,1.067,1.439,1.86,3.167,0.1937,4.819,2.807,0.962,2.087,2.623,3.425,5.051,0.4316,8.794
avif,80,85.69,80.31,84.52,86.05,87.34,88.63,78.83,90.35,41.52,39.76,40.85,41.37,42.02,43.55,38.53,46.72,0.9786,0.9536,0.9758,0.9817,0.9852,0.9895,0.9416,0.9959,1.703,1.387,1.529,1.682,1.852,2.072,1.056,2.634,6.301e+05,1.963e+05,4.329e+05,5.677e+05,7.603e+05,1.368e+06,85812,1540294,1.789,0.5357,1.257,1.619,2.1,3.512,0.2482,5.355,24.28,13.81,20.14,23.79,28,35.66,5.862,43.26,8.589e-06,5.175e-06,7.193e-06,8.34e-06,9.754e-06,1.284e-05,2.119e-06,1.43e-05,8.442,4.885,6.371,7.576,9.43,13.59,3.554,29.76,0.02075,0.006217,0.01463,0.0191,0.02436,0.03995,0.002971,0.06193,0.04365,0.01199,0.03008,0.03891,0.05201,0.08747,0.005383,0.139,1.825,0.5453,1.288,1.653,2.137,3.552,0.2519,5.448,2.919,1.043,2.159,2.784,3.56,4.912,0.4597,8.753
avif,85,88.45,85.13,87.23,88.7,89.87,90.82,82.98,92.22,43.35,41.77,42.8,43.25,43.78,45.13,40.73,48.47,0.985,0.9676,0.9831,0.9868,0.9898,0.9926,0.9624,0.9966,1.418,1.059,1.237,1.398,1.582,1.818,0.8084,1.988,8.183e+05,2.843e+05,5.969e+05,7.473e+05,9.562e+05,1.652e+06,119723,1883306,2.322,0.7622,1.734,2.113,2.714,4.307,0.3462,6.547,27.7,17.85,23,27.34,31.83,38.28,6.7,46.92,9.793e-06,6.376e-06,8.261e-06,9.804e-06,1.108e-05,1.383e-05,2.422e-06,1.646e-05,6.208,3.78,4.975,5.816,6.852,9.05,2.907,18.74,0.02612,0.009154,0.01954,0.02401,0.03054,0.04773,0.004085,0.07323,0.05413,0.01764,0.03996,0.04836,0.0643,0.102,0.00737,0.1608,2.355,0.791,1.773,2.138,2.75,4.351,0.3508,6.622,3.146,1.274,2.423,2.987,3.723,5.004,0.5761,8.37
avif,90,90.51,87.92,89.49,90.84,91.65,92.64,85.82,93.66,45.26,43.72,44.67,45.12,45.68,46.96,42.96,50.67,0.9897,0.9811,0.9886,0.9906,0.9928,0.9953,0.9727,0.9972,1.178,0.7939,0.9738,1.141,1.35,1.695,0.591,2.028,1.069e+06,4.932e+05,8.073e+05,9.907e+05,1.24e+06,2.014e+06,182381,2291273,3.032,1.42,2.358,2.784,3.561,5.574,0.5274,7.966,30.85,20.99,26.73,30.39,34.76,41.86,7.353,51.38,1.09e-05,7.233e-06,9.483e-06,1.089e-05,1.225e-05,1.458e-05,2.658e-06,1.742e-05,4.597,3.011,3.891,4.37,4.986,6.785,2.389,12.3,0.03337,0.0164,0.02603,0.03087,0.039,0.06064,0.006118,0.08697,0.06758,0.03068,0.05139,0.06125,0.08004,0.1297,0.01098,0.1851,3.062,1.449,2.382,2.803,3.6,5.629,0.5334,8.024,3.397,1.73,2.712,3.253,4.028,5.376,0.6512,7.967
jpeg,30,47.84,38.3,44.44,48.11,51.6,57.92,28.39,68.81,30.91,26.11,29.23,31.03,32.55,35.28,23.38,39.34,0.8847,0.7874,0.8719,0.8904,0.9108,0.9332,0.6545,0.9763,6.064,4.365,4.895,5.615,6.555,9.685,3.949,11.12,2.188e+05,9.485e+04,1.68e+05,2.157e+05,2.551e+05,3.679e+05,64915,460862,0.6194,0.2893,0.4872,0.6008,0.7231,1.032,0.1877,1.317,0.1352,0.09683,0.1197,0.1304,0.1485,0.1835,0.0724,0.2721,4.756e-08,3.725e-08,4.268e-08,4.64e-08,5.143e-08,6.129e-08,2.617e-08,8.684e-08,22.01,15.95,19.02,20.22,24,33.65,12.89,51.62,0.01325,0.006535,0.01014,0.0126,0.01483,0.02365,0.002728,0.04141,0.02086,0.008062,0.01513,0.01988,0.02462,0.0421,0.004773,0.05096,0.7058,0.3245,0.5432,0.6805,0.8303,1.265,0.1925,1.523,3.776,1.423,2.657,3.56,4.812,6.886,0.9381,11.71
jpeg,35,53.19,42.55,50.49,53.94,56.52,61.47,33.56,71.33,31.41,26.62,29.68,31.58,33.11,35.91,23.75,40.24,0.8932,0.7993,0.8836,0.8989,0.9187,0.94,0.6752,0.978,5.687,3.942,4.697,5.311,6.466,8.368,3.642,11.07,2.413e+05,1.011e+05,1.857e+05,2.406e+05,2.821e+05,4.064e+05,68019,506235,0.6829,0.3194,0.5406,0.6679,0.7952,1.132,0.1967,1.45,0.1311,0.0951,0.1171,0.1305,0.1438,0.1726,0.07118,0.2156,4.619e-08,3.839e-08,4.234e-08,4.602e-08,5.036e-08,5.531e-08,2.573e-08,5.827e-08,20,14.42,17.27,18.4,21.45,30.97,11.88,46.61,0.01309,0.006207,0.009964,0.01254,0.01467,0.02418,0.002758,0.03902,0.02263,0.008759,0.01625,0.02171,0.02658,0.04487,0.004888,0.05515,0.7702,0.352,0.592,0.7433,0.9043,1.349,0.2011,1.663,3.896,1.532,2.644,3.607,4.842,7.026,0.8673,10.95
jpeg,40,56.82,47.72,54.24,57.6,60.29,64.58,37.55,73.46,31.79,27.03,30,31.94,33.51,36.39,24.06,40.57,0.8953,0.7994,0.8908,0.9049,0.9255,0.9451,0.5711,0.9793,5.379,3.83,4.479,5.175,5.978,7.892,3.476,9.267,2.599e+05,1.063e+05,2.004e+05,2.617e+05,3.049e+05,4.389e+05,70628,544697,0.7357,0.3437,0.5851,0.7181,0.8554,1.225,0.2043,1.561,0.1322,0.09502,0.1159,0.1313,0.1471,0.1712,0.07719,0.2084,4.654e-08,3.655e-08,4.238e-08,4.661e-08,5.09e-08,5.762e-08,2.857e-08,6.651e-08,18.58,13.33,16,17.07,19.89,29,11.15,42.52,0.01318,0.006191,0.01005,0.01255,0.01489,0.02379,0.00278,0.03792,0.02408,0.009392,0.0173,0.02301,0.02828,0.04715,0.005035,0.05919,0.8283,0.3747,0.6325,0.8147,0.9735,1.424,0.2086,1.781,3.975,1.509,2.77,3.636,4.777,7.266,0.9014,10.95
jpeg,45,59.79,51.03,57.57,60.47,63.3,67.02,40.63,74.99,32.16,27.41,30.28,32.32,33.88,36.88,24.37,40.87,0.9067,0.8243,0.8993,0.9128,0.9315,0.9495,0.7077,0.9804,5.084,3.628,4.201,4.913,5.662,7.156,3.347,9.075,2.81e+05,1.161e+05,2.177e+05,2.823e+05,3.336e+05,4.741e+05,73765,587046,0.7954,0.3725,0.6345,0.775,0.9238,1.329,0.2133,1.683,0.1315,0.09574,0.1194,0.1281,0.1427,0.1653,0.07891,0.2167,4.634e-08,3.818e-08,4.315e-08,4.601e-08,5.039e-08,5.644e-08,2.888e-08,6.106e-08,17.17,12.28,14.76,15.83,18.35,26.86,10.46,37.85,0.01352,0.006435,0.01016,0.01293,0.01543,0.02446,0.002845,0.03809,0.02572,0.01002,0.01853,0.02448,0.03018,0.04957,0.00522,0.06352,0.8829,0.4064,0.6834,0.8535,1.035,1.529,0.2177,1.908,4.065,1.567,2.821,3.78,5.131,7.069,0.829,12.38
jpeg,50,62.54,53.6,60.49,63.35,65.66,69.24,43.41,76.29,32.49,27.69,30.52,32.66,34.21,37.27,24.65,41.13,0.9117,0.8332,0.9029,0.9179,0.9361,0.9527,0.7219,0.9815,4.868,3.615,4.048,4.635,5.383,7.074,3.056,8.856,2.997e+05,1.284e+05,2.33e+05,3.006e+05,3.564e+05,5.055e+05,76454,624778,0.8481,0.3997,0.6749,0.8269,0.9864,1.421,0.2211,1.791,0.1318,0.09977,0.1177,0.1294,0.1448,0.1731,0.07945,0.1969,4.644e-08,3.767e-08,4.221e-08,4.629e-08,5.072e-08,5.639e-08,2.884e-08,5.848e-08,16.09,11.57,13.82,14.84,17.12,24.93,9.918,35.77,0.01377,0.006487,0.01036,0.01321,0.01576,0.02528,0.002898,0.03819,0.02713,0.01065,0.01962,0.02573,0.03216,0.05164,0.005376,0.06727,0.9358,0.4442,0.7227,0.9044,1.103,1.605,0.2254,2.02,4.143,1.643,2.932,3.88,5.091,6.972,0.9173,12.32
jpeg,55,64.68,55.81,62.47,65.39,67.57,71.12,46.17,77.41,32.8,27.98,30.8,32.98,34.52,37.65,24.93,41.37,0.9165,0.8394,0.9058,0.9233,0.9393,0.956,0.7363,0.9826,4.625,3.357,4.016,4.436,5.108,6.488,2.944,8.023,3.19e+05,1.425e+05,2.477e+05,3.181e+05,3.783e+05,5.375e+05,79404,664214,0.9028,0.4221,0.7164,0.8796,1.05,1.517,0.2296,1.904,0.1322,0.09784,0.1169,0.1315,0.1451,0.1711,0.07636,0.202,4.662e-08,3.768e-08,4.264e-08,4.603e-08,5.1e-08,5.628e-08,2.76e-08,7.302e-08,15.1,10.86,12.98,13.98,16.1,23.1,9.407,33.99,0.01416,0.006668,0.01065,0.0136,0.01631,0.02605,0.002967,0.03838,0.02859,0.01143,0.02089,0.02699,0.03391,0.05377,0.00555,0.07106,0.9904,0.4722,0.7645,0.9562,1.17,1.699,0.2339,2.135,4.194,1.647,2.962,4.001,5.256,6.833,0.9835,13.38
jpeg,60,66.53,58.11,64.47,67.24,69.43,72.39,48.67,78.47,33.16,28.3,31.2,33.32,34.84,38.02,25.27,41.63,0.9211,0.8391,0.9116,0.9288,0.9435,0.9591,0.7532,0.9835,4.421,3.244,3.69,4.33,4.849,6.451,2.749,8.048,3.432e+05,1.6e+05,2.669e+05,3.399e+05,4.076e+05,5.773e+05,83207,711036,0.9711,0.4531,0.7719,0.9463,1.134,1.634,0.2406,2.038,0.1329,0.09989,0.1173,0.1319,0.1452,0.1802,0.08018,0.1949,4.682e-08,3.842e-08,4.251e-08,4.63e-08,5.089e-08,5.639e-08,2.899e-08,6.616e-08,14.02,10.1,12.09,13.05,14.87,20.98,8.856,31.78,0.01479,0.006958,0.01121,0.01422,0.01703,0.02677,0.003066,0.03932,0.03039,0.01292,0.02241,0.02853,0.03608,0.0571,0.00578,0.07573,1.06,0.5118,0.8204,1.02,1.248,1.817,0.245,2.279,4.306,1.687,3.111,4.061,5.559,7.421,0.9966,13.94
jpeg,65,69.14,61.27,67.34,69.69,71.84,74.77,51.74,79.53,33.56,28.68,31.7,33.7,35.24,38.35,25.66,41.19,0.9269,0.8589,0.9172,0.9348,0.9475,0.9625,0.7728,0.9848,4.2,2.981,3.474,4.132,4.758,5.901,2.55,6.96,3.734e+05,1.775e+05,2.913e+05,3.671e+05,4.474e+05,6.254e+05,88075,769210,1.056,0.5172,0.8425,1.027,1.233,1.779,0.2547,2.205,0.1341,0.0992,0.117,0.1322,0.1499,0.1796,0.07578,0.2369,4.719e-08,3.789e-08,4.224e-08,4.646e-08,5.15e-08,5.719e-08,2.888e-08,7.17e-08,12.84,9.309,11.2,12.05,13.64,18.87,8.233,28.81,0.01547,0.007283,0.0118,0.01485,0.01783,0.02742,0.003203,0.04027,0.03262,0.01404,0.02419,0.03048,0.03873,0.06112,0.006185,0.08121,1.145,0.5651,0.8908,1.1,1.343,1.954,0.2595,2.452,4.464,1.765,3.202,4.112,5.618,7.3,0.9005,14.05
jpeg,70,71.6,63.16,69.66,72.05,74.07,76.56,54.68,81.4,34.07,29.15,32.19,34.17,35.71,38.75,26.13,42.3,0.9273,0.8535,0.9213,0.9392,0.9517,0.9661,0.5943,0.9861,3.909,2.799,3.26,3.843,4.298,5.675,2.342,6.621,4.107e+05,2.013e+05,3.195e+05,4.014e+05,4.964e+05,6.853e+05,93980,839581,1.162,0.5862,0.924,1.128,1.354,1.958,0.2718,2.407,0.133,0.09922,0.1156,0.1334,0.1473,0.1707,0.07275,0.1954,4.688e-08,3.808e-08,4.332e-08,4.698e-08,5.149e-08,5.666e-08,2.63e-08,6.373e-08,11.63,8.497,10.2,10.97,12.46,16.85,7.543,25.43,0.01641,0.007758,0.01258,0.01569,0.01891,0.02872,0.003339,0.04197,0.03531,0.01522,0.02628,0.03284,0.0419,0.06586,0.006425,0.08784,1.26,0.6217,0.9774,1.224,1.468,2.13,0.2762,2.665,4.585,1.645,3.297,4.336,5.839,7.336,0.8826,15.19
jpeg,75,74.15,66.27,72.76,74.56,76.37,79,57.97,82.62,34.62,29.78,32.82,34.72,36.22,39.22,26.64,42.67,0.9389,0.8808,0.9295,0.9455,0.9569,0.9696,0.8247,0.9874,3.634,2.651,3.087,3.476,4.045,5.294,2.241,6.276,4.536e+05,2.296e+05,3.518e+05,4.413e+05,5.498e+05,7.537e+05,100532,920881,1.283,0.6573,1.018,1.245,1.493,2.163,0.2907,2.64,0.1335,0.09696,0.1186,0.1324,0.1491,0.1698,0.07675,0.1884,4.707e-08,3.688e-08,4.284e-08,4.688e-08,5.115e-08,5.574e-08,3.178e-08,6.2e-08,10.5,7.724,9.232,9.937,11.17,14.93,6.877,22.02,0.01749,0.008309,0.01346,0.0168,0.0201,0.03049,0.003519,0.04379,0.03832,0.01662,0.02853,0.03548,0.04533,0.07105,0.006814,0.09526,1.372,0.6859,1.077,1.319,1.598,2.324,0.2952,2.905,4.677,1.877,3.44,4.32,5.962,7.578,0.8977,15.12
jpeg,80,77.06,69.51,75.78,77.42,79.02,81.15,62.11,84.26,35.38,30.64,33.58,35.52,36.93,40.08,27.32,43.13,0.946,0.8944,0.9382,0.9534,0.9617,0.9735,0.8451,0.9889,3.218,2.356,2.704,3.137,3.509,4.426,2.164,5.865,5.21e+05,2.775e+05,4.031e+05,5.051e+05,6.315e+05,8.583e+05,111267,1043604,1.474,0.7648,1.166,1.424,1.712,2.473,0.3218,2.992,0.135,0.1018,0.1212,0.1334,0.1485,0.1804,0.07579,0.1968,4.757e-08,3.834e-08,4.409e-08,4.768e-08,5.124e-08,5.702e-08,2.914e-08,6.013e-08,9.088,6.798,8.03,8.667,9.722,12.48,6.068,17.68,0.0193,0.009323,0.01501,0.01841,0.02214,0.03336,0.003819,0.0467,0.04299,0.01899,0.032,0.03988,0.05086,0.07869,0.007461,0.1062,1.562,0.7943,1.234,1.492,1.809,2.627,0.3263,3.267,4.763,1.878,3.489,4.489,6.002,7.909,0.892,14.2
jpeg,85,79.99,73.42,78.86,80.4,81.66,83.8,66.43,85.84,36.34,31.78,34.67,36.51,37.92,41.05,28.12,43.69,0.9543,0.906,0.9474,0.9617,0.9679,0.9776,0.8678,0.9907,2.8,2.043,2.321,2.674,3.127,4.17,1.827,5.186,6.163e+05,3.325e+05,4.774e+05,6.004e+05,7.333e+05,1.004e+06,126726,1209635,1.743,0.918,1.381,1.681,2.015,2.895,0.3665,3.468,0.1353,0.09832,0.1197,0.136,0.1495,0.1763,0.07689,0.1994,4.765e-08,3.769e-08,4.339e-08,4.723e-08,5.246e-08,5.76e-08,2.934e-08,6.055e-08,7.637,5.858,6.823,7.311,8.126,9.966,5.235,13.57,0.02195,0.01087,0.01732,0.02082,0.02507,0.03725,0.00427,0.05112,0.04936,0.02229,0.03693,0.04609,0.05807,0.08967,0.008388,0.1208,1.83,0.9486,1.455,1.744,2.101,3.035,0.3712,3.759,4.904,1.961,3.596,4.514,6.09,8.466,0.8656,16.85
jpeg,90,83.51,79.12,82.48,83.96,85.07,86.95,71.38,87.94,37.72,33.44,36.15,37.84,39.4,42.11,29.04,44.48,0.9642,0.9343,0.9571,0.9698,0.9752,0.9829,0.898,0.9925,2.355,1.677,1.837,2.201,2.619,3.668,1.503,5.15,7.82e+05,4.268e+05,6.285e+05,7.534e+05,9.306e+05,1.248e+06,155667,1486250,2.211,1.197,1.823,2.121,2.516,3.586,0.4502,4.261,0.1371,0.1037,0.1201,0.135,0.1532,0.1852,0.07716,0.1997,4.825e-08,4.019e-08,4.362e-08,4.871e-08,5.195e-08,5.729e-08,3.026e-08,6.888e-08,5.968,4.776,5.422,5.812,6.354,7.653,4.261,9.58,0.02661,0.01371,0.02178,0.02564,0.03008,0.04381,0.005119,0.0589,0.06014,0.02825,0.04715,0.05575,0.07007,0.1067,0.01013,0.1448,2.296,1.23,1.884,2.206,2.616,3.708,0.4553,4.568,5.256,2.443,3.739,4.523,6.307,8.565,0.8394,19.56
jpeg,95,87.42,84.17,86.88,87.7,88.75,90.04,75.71,90.64,39.98,35.63,38.42,40.13,41.86,44.24,29.96,46.01,0.9766,0.9558,0.9726,0.9804,0.9848,0.9881,0.9217,0.9948,1.865,1.174,1.288,1.584,2.156,3.424,1.117,4.913,1.139e+06,6.638e+05,9.344e+05,1.085e+06,1.338e+06,1.782e+06,223211,2051062,3.219,1.842,2.719,3.109,3.609,5.012,0.6455,5.88,0.1411,0.09979,0.1241,0.1382,0.1561,0.1891,0.08194,0.2042,4.967e-08,4.036e-08,4.586e-08,4.928e-08,5.383e-08,6.008e-08,2.962e-08,6.835e-08,4.046,3.438,3.774,3.977,4.283,4.851,3.088,5.633,0.03694,0.02149,0.03131,0.03532,0.04131,0.05772,0.007138,0.0771,0.08236,0.04264,0.06697,0.07635,0.09511,0.1409,0.01409,0.1948,3.298,1.906,2.802,3.161,3.718,5.136,0.6511,6.223,6.096,2.629,3.95,5.111,7.431,11.59,0.8455,25.25
jxl,40,49.77,32.71,44.34,50.76,55.86,63.28,22.74,71.47,30.66,25.44,28.65,30.51,32.41,35.67,22.74,40.2,0.8724,0.7803,0.8504,0.8822,0.9032,0.9421,0.5817,0.9748,5.784,5.166,5.547,5.772,6.058,6.39,4.952,6.916,1.275e+05,4.906e+04,9.154e+04,1.261e+05,1.525e+05,2.189e+05,19067,282967,0.3612,0.1419,0.2647,0.3576,0.4316,0.6551,0.05514,0.8183,8.382,7.02,8.033,8.257,8.784,9.673,4.876,11.55,2.958e-06,2.802e-06,2.906e-06,2.967e-06,3.031e-06,3.146e-06,2.075e-06,3.314e-06,39.26,25.1,31.1,35.07,42.67,62.32,20.2,113,0.00791,0.002658,0.005165,0.00722,0.009221,0.01619,0.0007716,0.02956,0.01234,0.003995,0.008113,0.01154,0.01462,0.02393,0.001372,0.03249,0.4188,0.1641,0.2991,0.4099,0.4886,0.7421,0.05657,1.025,2.112,0.7324,1.496,2.061,2.518,3.964,0.2731,4.779
jxl,45,52.55,36.45,47.3,53.36,58.19,65.86,27.06,72.41,30.98,25.77,28.96,30.84,32.69,36.06,23.02,40.35,0.8794,0.7817,0.8601,0.8895,0.9091,0.9443,0.5936,0.9754,5.355,4.7,5.144,5.41,5.589,5.928,4.178,6.153,1.374e+05,5.343e+04,9.909e+04,1.361e+05,1.644e+05,2.37e+05,20079,304015,0.3893,0.1545,0.2866,0.3842,0.4642,0.6875,0.05807,0.8792,8.388,7.222,7.976,8.279,8.807,9.845,4.882,11.39,2.961e-06,2.782e-06,2.891e-06,2.964e-06,3.046e-06,3.196e-06,2.077e-06,3.346e-06,36.47,23.39,28.9,32.61,39.56,58.8,18.8,107.7,0.007951,0.00274,0.00529,0.007355,0.00933,0.01614,0.000802,0.02835,0.01315,0.004278,0.008624,0.01225,0.01558,0.02486,0.001439,0.03492,0.4472,0.1757,0.3205,0.4383,0.526,0.7688,0.05956,1.093,2.112,0.7209,1.503,2.07,2.51,3.73,0.2916,4.635
jxl,50,55.45,40.83,50.57,56.31,61.14,68.4,30.21,73.69,31.34,26.18,29.32,31.2,32.98,36.49,23.35,40.69,0.8866,0.79,0.87,0.8956,0.9158,0.9477,0.6076,0.9774,4.934,4.413,4.734,4.942,5.157,5.513,3.965,5.712,1.494e+05,5.845e+04,1.084e+05,1.473e+05,1.785e+05,2.547e+05,21752,329317,0.4234,0.169,0.3135,0.4165,0.503,0.7272,0.06291,0.9524,8.387,7.004,8.021,8.261,8.826,9.868,4.862,11.4,2.959e-06,2.777e-06,2.903e-06,2.97e-06,3.048e-06,3.195e-06,2.063e-06,3.269e-06,33.58,21.53,26.46,30.01,36.3,55.51,17.36,102.1,0.008095,0.002826,0.005472,0.007614,0.009409,0.01634,0.0008537,0.02768,0.01413,0.004578,0.009264,0.01316,0.01672,0.02602,0.001546,0.03783,0.4819,0.1883,0.3464,0.4695,0.5679,0.8239,0.06436,1.176,2.117,0.8048,1.484,2.075,2.477,3.809,0.2976,4.651
jxl,55,58.16,44.7,53.62,59.11,63.5,69.45,33.33,75.01,31.71,26.61,29.54,31.56,33.42,36.99,23.71,41.08,0.8941,0.8005,0.8802,0.9037,0.9226,0.9518,0.6223,0.9782,4.764,4.042,4.473,4.715,4.996,5.54,3.555,6.273,1.65e+05,6.393e+04,1.206e+05,1.622e+05,1.962e+05,2.825e+05,23956,363446,0.4674,0.1849,0.3487,0.4586,0.5556,0.7809,0.06928,1.051,8.613,7.243,8.129,8.55,9.06,10.15,4.972,12.19,3.039e-06,2.854e-06,2.949e-06,3.053e-06,3.14e-06,3.266e-06,2.072e-06,3.329e-06,30.48,19.39,23.91,27.46,32.64,51.3,15.73,94.95,0.008444,0.002963,0.005791,0.008001,0.009756,0.0169,0.0009236,0.02756,0.01541,0.004973,0.01018,0.01437,0.01826,0.02839,0.001691,0.04138,0.5268,0.205,0.3824,0.5136,0.6219,0.8966,0.07088,1.28,2.283,0.7627,1.603,2.174,2.682,4.407,0.2812,5.839
jxl,60,61.27,49.39,57.23,62.01,66.26,71.89,36.51,76.6,32.17,27.2,30,31.98,33.91,37.31,24.16,41.3,0.901,0.8091,0.8892,0.9097,0.928,0.9561,0.6372,0.9804,4.193,3.661,3.966,4.226,4.407,4.758,3.211,5.017,1.824e+05,7.018e+04,1.328e+05,1.803e+05,2.142e+05,3.246e+05,26269,396652,0.5168,0.203,0.3839,0.508,0.607,0.851,0.07597,1.147,7.972,6.796,7.561,7.89,8.262,9.363,4.722,11.31,2.813e-06,2.645e-06,2.739e-06,2.836e-06,2.892e-06,3.008e-06,1.986e-06,3.131e-06,27.64,17.49,21.61,24.75,29.41,47.5,14.41,87.09,0.008771,0.003106,0.006113,0.008324,0.01013,0.01744,0.0009918,0.02749,0.01677,0.005423,0.01126,0.01572,0.01986,0.03131,0.001839,0.0462,0.5774,0.2241,0.4192,0.5629,0.6853,0.9927,0.07757,1.422,2.203,0.7572,1.554,2.185,2.553,3.868,0.2899,5.311
jxl,65,64.61,54,61.06,65.28,69.13,74.27,40.9,78.08,32.72,27.9,30.68,32.62,34.51,37.8,24.7,41.81,0.91,0.8227,0.8991,0.9203,0.9354,0.9591,0.6646,0.9825,3.745,3.243,3.527,3.732,3.969,4.155,2.957,4.304,2.058e+05,8.03e+04,1.513e+05,2.035e+05,2.392e+05,3.672e+05,29572,440929,0.5832,0.2322,0.4368,0.5795,0.6821,0.9754,0.08552,1.276,8.034,6.729,7.638,7.882,8.398,9.695,4.725,11.48,2.835e-06,2.633e-06,2.773e-06,2.835e-06,2.935e-06,3.045e-06,1.964e-06,3.197e-06,24.46,15.66,19.28,21.97,25.74,42.39,12.99,77.11,0.009312,0.003337,0.006616,0.008887,0.01075,0.01828,0.001095,0.02787,0.01858,0.006146,0.01277,0.01752,0.02195,0.03497,0.002059,0.05166,0.6444,0.255,0.4674,0.6285,0.7611,1.112,0.08735,1.584,2.215,0.763,1.588,2.231,2.602,3.969,0.299,5.173
jxl,70,68.31,57.86,65.4,68.84,72.19,76.91,48.24,80.16,33.4,28.75,31.38,33.28,35.01,38.36,25.32,42.42,0.9199,0.837,0.9095,0.9299,0.9428,0.9626,0.7227,0.9848,3.279,2.918,3.151,3.286,3.446,3.541,2.678,3.752,2.332e+05,9.262e+04,1.705e+05,2.348e+05,2.686e+05,4.221e+05,33671,494557,0.6607,0.2679,0.4932,0.6437,0.7687,1.112,0.09738,1.467,7.962,6.944,7.586,7.874,8.318,9.385,4.7,11.43,2.81e-06,2.648e-06,2.742e-06,2.813e-06,2.907e-06,3.021e-06,1.958e-06,3.159e-06,21.45,13.99,16.99,19.38,23.15,35.63,11.79,64.43,0.009909,0.003701,0.006942,0.009489,0.01142,0.01919,0.001215,0.02841,0.02059,0.007311,0.0141,0.01903,0.02437,0.03869,0.002316,0.05794,0.7213,0.2949,0.5344,0.6983,0.8449,1.242,0.09917,1.773,2.194,0.7996,1.59,2.161,2.534,3.902,0.2965,5.059
jxl,75,72.13,62.84,69.88,72.45,75.44,79.55,57.89,81.88,34.15,29.56,32.23,33.97,35.91,39.24,26.02,42.96,0.9305,0.8536,0.9207,0.939,0.9519,0.9665,0.8015,0.9869,2.787,2.47,2.684,2.819,2.905,3.027,2.125,3.175,2.746e+05,1.092e+05,2.009e+05,2.748e+05,3.169e+05,4.918e+05,40541,567375,0.7781,0.3159,0.5809,0.7571,0.9038,1.307,0.1172,1.725,8.026,6.818,7.605,7.935,8.288,9.488,4.752,11.4,2.831e-06,2.661e-06,2.756e-06,2.858e-06,2.931e-06,3.022e-06,1.956e-06,3.225e-06,18.05,12.4,14.6,16.6,18.88,29.31,10.38,48.32,0.01099,0.004259,0.007967,0.01059,0.01284,0.02073,0.001432,0.0298,0.02366,0.008733,0.0169,0.02222,0.02775,0.04398,0.002762,0.0663,0.8389,0.3479,0.6457,0.8206,0.9716,1.428,0.1193,2.03,2.195,0.8102,1.651,2.2,2.602,3.957,0.3023,5.046
jxl,80,76.33,68.36,74.11,77,79.02,81.99,64.33,84.2,35.16,30.54,33.34,35.06,36.98,40.13,26.85,43.76,0.9423,0.8751,0.9332,0.95,0.9609,0.9718,0.8543,0.9891,2.304,2.085,2.216,2.311,2.397,2.514,1.918,2.703,3.357e+05,1.501e+05,2.447e+05,3.315e+05,3.978e+05,5.848e+05,50760,662032,0.9505,0.4457,0.7255,0.9287,1.084,1.565,0.1468,2.08,8.09,7.081,7.714,8.024,8.52,9.617,4.76,11.67,2.854e-06,2.689e-06,2.793e-06,2.868e-06,2.941e-06,3.096e-06,1.99e-06,3.201e-06,14.47,10.57,12.07,13.57,15.45,21.75,8.904,36.88,0.01263,0.005449,0.009538,0.01209,0.01464,0.02277,0.001744,0.03233,0.028,0.01152,0.02036,0.02663,0.03258,0.05073,0.003408,0.07746,1.011,0.467,0.7874,0.9949,1.163,1.68,0.1491,2.386,2.214,0.9349,1.668,2.161,2.53,3.886,0.325,5.464
jxl,85,80.61,75.01,79.08,81.05,82.73,84.87,70.53,86.6,36.42,31.74,34.58,36.36,38.32,41.03,27.85,44.52,0.9545,0.9105,0.9456,0.9605,0.9698,0.978,0.8887,0.9908,1.787,1.637,1.73,1.772,1.84,1.965,1.391,2.17,4.276e+05,2.083e+05,3.431e+05,4.165e+05,5.101e+05,7.164e+05,67866,793657,1.209,0.6038,0.9813,1.189,1.371,1.992,0.1963,2.591,8.13,6.667,7.786,8.09,8.477,9.694,4.822,11.67,2.869e-06,2.687e-06,2.821e-06,2.888e-06,2.953e-06,3.076e-06,2.044e-06,3.305e-06,11.2,8.64,9.601,10.65,11.78,16.55,7.346,26.04,0.01515,0.00719,0.01215,0.01459,0.01728,0.02599,0.002266,0.03673,0.03428,0.01477,0.02621,0.03218,0.03942,0.0611,0.00447,0.09301,1.27,0.6388,1.04,1.237,1.451,2.085,0.1988,2.901,2.175,1.021,1.725,2.131,2.487,3.638,0.3435,4.943
jxl,90,85.12,81.48,84.17,85.55,86.54,87.97,77.1,89.78,38.13,33.36,36.29,38.06,39.92,42.37,29.18,45.72,0.9671,0.9303,0.9598,0.971,0.9794,0.984,0.9088,0.9925,1.282,1.178,1.235,1.277,1.321,1.374,1.152,1.554,5.824e+05,2.989e+05,4.872e+05,5.689e+05,6.708e+05,9.35e+05,106911,1048367,1.646,0.843,1.401,1.645,1.897,2.64,0.3092,3.404,8.313,7.091,7.855,8.207,8.622,10.14,4.772,12.02,2.93e-06,2.753e-06,2.865e-06,2.953e-06,3.024e-06,3.095e-06,2.033e-06,3.265e-06,8.084,6.49,7.059,7.803,8.568,10.6,5.59,15.46,0.01945,0.009427,0.01626,0.01917,0.02214,0.03212,0.003444,0.04416,0.04438,0.01939,0.0354,0.04243,0.05089,0.07718,0.006853,0.1167,1.705,0.8615,1.443,1.693,1.952,2.757,0.3124,3.724,2.117,1.059,1.7,2.113,2.436,3.378,0.3947,4.668
jxl,95,89.68,87.17,88.99,89.81,90.65,91.56,84.65,92.95,40.76,35.84,38.99,40.57,42.79,45.29,31.34,47.53,0.9797,0.9497,0.9776,0.9838,0.9882,0.9903,0.9254,0.9941,0.7943,0.7353,0.7635,0.792,0.8192,0.8631,0.7015,0.9261,8.997e+05,5.242e+05,7.543e+05,8.808e+05,1.016e+06,1.373e+06,194703,1532953,2.542,1.532,2.168,2.515,2.835,3.894,0.5631,4.95,8.278,6.84,7.839,8.206,8.65,9.812,4.892,12.11,2.92e-06,2.714e-06,2.863e-06,2.927e-06,3.005e-06,3.118e-06,2.007e-06,3.311e-06,5.132,4.365,4.667,4.972,5.366,6.321,3.845,9.253,0.02839,0.01679,0.02417,0.02815,0.03184,0.04423,0.006058,0.05847,0.06376,0.03463,0.05234,0.06083,0.07233,0.1055,0.01191,0.1579,2.597,1.553,2.206,2.581,2.9,3.969,0.5669,5.27,2.02,1.212,1.737,1.961,2.246,2.848,0.4143,4.584
webp,30,47.78,38.91,44.25,48.33,51.66,57.56,23.45,66.25,31.44,27.56,29.99,31.36,32.5,35.57,25.5,39.71,0.8887,0.8016,0.8767,0.8964,0.9133,0.9368,0.702,0.9753,6.065,4.848,5.321,5.917,6.674,7.964,4.386,8.499,1.599e+05,4.392e+04,1.03e+05,1.441e+05,1.919e+05,3.604e+05,19076,453548,0.4541,0.129,0.298,0.4201,0.5516,0.9918,0.05517,1.315,0.7512,0.4463,0.6017,0.7357,0.8674,1.154,0.3209,1.41,2.652e-07,1.685e-07,2.164e-07,2.621e-07,2.919e-07,4.172e-07,1.16e-07,4.764e-07,35.22,16.19,25.47,29.88,38.72,69.42,14.08,126.6,0.009671,0.00273,0.006153,0.008785,0.01119,0.02057,0.0008327,0.03515,0.0151,0.003614,0.009062,0.0134,0.01815,0.03531,0.001389,0.05158,0.5133,0.1465,0.3295,0.4679,0.6218,1.128,0.05657,1.574,2.626,0.9082,1.833,2.453,3.307,4.992,0.3669,8.143
webp,35,51.09,42.07,47.22,51.88,54.58,60.28,27.85,67.99,31.88,28.1,30.5,31.72,33.07,35.94,25.96,40.02,0.8964,0.8102,0.8853,0.9028,0.9207,0.9415,0.7421,0.9775,5.598,4.454,4.95,5.392,6.139,7.341,3.985,8.076,1.755e+05,4.717e+04,1.13e+05,1.572e+05,2.113e+05,3.907e+05,20244,496116,0.4982,0.1423,0.3271,0.459,0.5982,1.088,0.05855,1.443,0.7763,0.4558,0.606,0.7661,0.8951,1.168,0.3262,1.4,2.742e-07,1.677e-07,2.191e-07,2.699e-07,3.094e-07,4.203e-07,1.179e-07,5.017e-07,32.14,15,23.28,27.39,35.05,64.11,12.76,117.1,0.009874,0.00287,0.006276,0.008935,0.01174,0.02135,0.0008611,0.03511,0.01631,0.003959,0.009791,0.01453,0.01935,0.03796,0.001463,0.05561,0.5578,0.1609,0.3559,0.5031,0.6668,1.221,0.05998,1.701,2.67,0.8657,1.931,2.474,3.343,4.969,0.3272,8.414
webp,40,54.31,45.28,51.35,54.79,57.65,62.99,31.7,69.85,32.35,28.66,31.03,32.2,33.56,36.36,26.35,40.38,0.9035,0.8228,0.8945,0.9085,0.9257,0.9477,0.7744,0.9798,5.148,4.059,4.498,4.965,5.759,6.678,3.641,7.534,1.924e+05,5.171e+04,1.225e+05,1.725e+05,2.312e+05,4.196e+05,22024,538362,0.5464,0.1556,0.3551,0.5039,0.6543,1.206,0.06369,1.6,0.8072,0.4625,0.6497,0.7807,0.9162,1.269,0.3286,1.506,2.85e-07,1.737e-07,2.327e-07,2.818e-07,3.186e-07,4.557e-07,1.188e-07,5.022e-07,29.38,13.94,20.85,24.74,32.01,58.74,11.76,108.8,0.01013,0.003019,0.006467,0.009201,0.012,0.02157,0.0009118,0.03531,0.0176,0.004295,0.01054,0.01567,0.02078,0.04103,0.001577,0.06054,0.6062,0.1751,0.3853,0.5416,0.7224,1.303,0.06519,1.859,2.686,0.8625,1.952,2.417,3.277,5.131,0.3511,8.628
webp,45,56.94,47.84,54.58,57.54,60.25,65.18,37.16,71.05,32.77,29,31.38,32.59,33.95,36.8,26.75,40.68,0.9095,0.8311,0.8995,0.9148,0.9305,0.9517,0.7809,0.9812,4.837,3.644,4.216,4.727,5.427,6.176,3.327,6.963,2.086e+05,5.659e+04,1.337e+05,1.867e+05,2.459e+05,4.556e+05,23476,574768,0.5924,0.1704,0.3833,0.5452,0.6992,1.299,0.06789,1.709,0.8316,0.5048,0.665,0.8081,0.9577,1.28,0.3324,1.543,2.937e-07,1.825e-07,2.391e-07,2.872e-07,3.274e-07,4.614e-07,1.201e-07,5.196e-07,27.06,13.03,19.39,22.77,29.28,53.37,11.14,99.22,0.01045,0.003175,0.006559,0.009599,0.01204,0.02184,0.0009556,0.0357,0.01881,0.004672,0.01119,0.01674,0.0222,0.04347,0.001669,0.06389,0.6524,0.1911,0.4137,0.5893,0.7755,1.405,0.06943,1.968,2.73,0.8656,1.997,2.458,3.404,4.94,0.3127,8.673
webp,50,58.96,50.15,56.43,59.2,62.02,66.79,40.51,72.18,33.08,29.49,31.74,32.94,34.19,37.05,27,40.88,0.9142,0.839,0.9029,0.9201,0.9343,0.9542,0.7823,0.9826,4.603,3.63,3.965,4.483,5.08,6,3.148,7.356,2.226e+05,6.002e+04,1.438e+05,1.99e+05,2.63e+05,4.785e+05,24798,603952,0.6323,0.186,0.4066,0.5801,0.7457,1.376,0.07172,1.806,0.8611,0.5047,0.6899,0.8281,0.9942,1.345,0.3509,1.623,3.042e-07,1.825e-07,2.48e-07,3.018e-07,3.37e-07,4.913e-07,1.268e-07,5.645e-07,25.31,12.43,18.12,21.32,27.24,49.51,10.49,90.83,0.01075,0.003302,0.006739,0.009892,0.01242,0.02202,0.0009936,0.03559,0.01986,0.005073,0.01179,0.01763,0.02344,0.04548,0.001754,0.0669,0.6922,0.207,0.4364,0.6238,0.8194,1.47,0.0733,2.063,2.79,0.8918,1.941,2.513,3.56,5.216,0.3238,9.189
webp,55,61.12,52.4,58.57,61.49,64.05,68.91,45,73.57,33.42,29.88,32.08,33.32,34.49,37.36,27.3,41.12,0.9189,0.8518,0.9078,0.9253,0.9386,0.9587,0.785,0.9838,4.359,3.424,3.844,4.195,4.718,5.886,2.92,7.517,2.38e+05,6.398e+04,1.539e+05,2.127e+05,2.852e+05,5.094e+05,26374,638740,0.676,0.1997,0.4353,0.6208,0.7982,1.458,0.07627,1.932,0.8827,0.5188,0.6959,0.8512,1.005,1.421,0.339,1.627,3.117e-07,1.888e-07,2.51e-07,3.082e-07,3.454e-07,4.933e-07,1.225e-07,5.481e-07,23.59,11.8,17.03,19.97,25.3,46.29,9.85,86.39,0.01106,0.003443,0.007015,0.01018,0.01273,0.02274,0.001037,0.03577,0.02099,0.005419,0.01251,0.0185,0.02475,0.04765,0.001855,0.07077,0.7359,0.2208,0.4651,0.6635,0.8716,1.548,0.0779,2.186,2.835,0.9159,1.999,2.57,3.628,5.259,0.3298,10.48
webp,60,63.27,55.63,61.3,63.64,66.2,70.39,47.98,74.73,33.74,30.23,32.42,33.61,34.76,37.65,27.53,41.33,0.9232,0.8631,0.9136,0.93,0.9418,0.96,0.7876,0.9848,4.129,3.279,3.601,4.034,4.38,5.475,2.865,6.354,2.534e+05,6.741e+04,1.666e+05,2.263e+05,3.058e+05,5.456e+05,27812,672736,0.7194,0.2159,0.4629,0.6591,0.8477,1.53,0.08043,2.032,0.9077,0.5539,0.7441,0.8802,1.037,1.441,0.3382,1.724,3.206e-07,1.88e-07,2.708e-07,3.198e-07,3.546e-07,5.21e-07,1.223e-07,5.539e-07,22.08,11.06,15.89,18.7,23.5,43.71,9.367,81.59,0.01135,0.00359,0.007264,0.01046,0.01324,0.02322,0.001076,0.03648,0.02211,0.005788,0.01321,0.01943,0.02616,0.05003,0.001946,0.07379,0.7792,0.2338,0.4951,0.7017,0.9196,1.624,0.0821,2.283,2.863,0.8947,2.069,2.555,3.498,5.375,0.3267,9.492
webp,65,65.17,56.73,63.16,65.6,67.91,71.94,51.6,75.62,34.07,30.64,32.85,33.96,35.06,37.94,27.74,41.52,0.9274,0.87,0.919,0.9349,0.9457,0.964,0.7942,0.9857,3.902,3.037,3.475,3.777,4.299,5.151,2.802,6.061,2.706e+05,8.069e+04,1.785e+05,2.428e+05,3.262e+05,5.715e+05,29404,705990,0.7682,0.2361,0.4995,0.7016,0.9044,1.624,0.08504,2.143,0.9313,0.5657,0.7569,0.9026,1.06,1.47,0.3323,1.676,3.291e-07,1.979e-07,2.718e-07,3.235e-07,3.655e-07,5.143e-07,1.201e-07,5.644e-07,20.52,10.55,14.87,17.41,21.87,41.4,8.881,77.54,0.01177,0.003794,0.007677,0.01085,0.01357,0.02412,0.001125,0.03736,0.02335,0.006461,0.01412,0.02048,0.02753,0.05218,0.002048,0.07725,0.8281,0.2609,0.5321,0.7468,0.9748,1.71,0.08676,2.396,2.901,0.9366,2.057,2.609,3.762,5.417,0.3657,10.6
webp,70,66.89,59.34,64.87,67.36,69.65,73.25,54.35,76.83,34.4,31.07,33.19,34.34,35.41,38.17,28,41.76,0.9315,0.878,0.9223,0.939,0.9492,0.9646,0.8012,0.9866,3.71,2.877,3.281,3.543,4.159,4.671,2.497,6.615,2.885e+05,8.793e+04,1.925e+05,2.577e+05,3.489e+05,6.091e+05,31298,746334,0.8188,0.2559,0.5336,0.743,0.9726,1.719,0.09051,2.278,0.9576,0.5456,0.786,0.9204,1.1,1.524,0.3484,1.745,3.379e-07,1.996e-07,2.758e-07,3.35e-07,3.832e-07,5.281e-07,1.259e-07,5.814e-07,19.14,9.903,13.97,16.34,20.13,39.37,8.353,73.37,0.0122,0.003958,0.00816,0.01128,0.01423,0.02459,0.001178,0.03841,0.02462,0.006951,0.01493,0.02149,0.02901,0.05491,0.002167,0.08139,0.8786,0.2814,0.5701,0.789,1.033,1.811,0.09228,2.533,2.934,1.06,2.134,2.706,3.726,5.24,0.3401,11.6
webp,75,68.58,60.76,66.65,69.02,71.11,74.85,56.96,77.49,34.75,31.39,33.57,34.72,35.76,38.47,28.14,41.96,0.9354,0.884,0.9251,0.9435,0.9523,0.9688,0.8102,0.9877,3.472,2.741,3.045,3.297,3.745,4.719,2.57,5.757,3.083e+05,9.456e+04,2.076e+05,2.768e+05,3.798e+05,6.396e+05,33344,781410,0.8746,0.2752,0.575,0.7958,1.038,1.802,0.09643,2.37,0.9919,0.5771,0.8189,0.9508,1.119,1.559,0.3482,1.792,3.501e-07,2.111e-07,2.96e-07,3.447e-07,3.892e-07,5.433e-07,1.259e-07,5.926e-07,17.78,9.428,13.05,15.23,18.67,35.55,8.032,68.74,0.01272,0.004138,0.008542,0.01188,0.01473,0.02561,0.001244,0.03914,0.02601,0.007479,0.016,0.02281,0.0306,0.05713,0.002298,0.08419,0.9345,0.3021,0.6338,0.8478,1.101,1.92,0.09826,2.624,2.964,1.037,2.141,2.699,3.421,5.431,0.364,12.81
webp,80,73.46,67.13,72.02,73.9,75.73,78.57,62.51,80.51,35.92,32.58,34.86,35.83,37,39.35,28.75,42.73,0.947,0.9032,0.9386,0.9548,0.9618,0.9733,0.8433,0.9902,2.981,2.236,2.539,2.851,3.247,3.865,2.029,5.731,3.812e+05,1.191e+05,2.679e+05,3.455e+05,4.798e+05,7.578e+05,41900,921288,1.081,0.3467,0.7397,1.007,1.275,2.181,0.1212,2.811,1.077,0.5976,0.8834,1.04,1.221,1.611,0.3705,1.949,3.798e-07,2.16e-07,3.197e-07,3.716e-07,4.268e-07,5.707e-07,1.339e-07,6.268e-07,14.1,7.837,10.58,12.33,14.66,25.39,6.769,54.45,0.01467,0.004852,0.01025,0.01379,0.01714,0.02863,0.001505,0.04301,0.031,0.009217,0.0202,0.02796,0.03624,0.06516,0.002836,0.09778,1.14,0.3782,0.7973,1.068,1.351,2.282,0.1232,3.068,3.159,1.066,2.119,2.801,4.014,5.311,0.3518,13.11
webp,85,77.92,71.84,76.63,78.2,80.08,81.77,67.24,83.04,37.16,33.92,36.24,37.16,38.28,40.22,29.3,43.5,0.958,0.9187,0.9513,0.9634,0.9714,0.9779,0.8805,0.9924,2.507,1.83,2.135,2.373,2.718,3.477,1.614,5.281,4.774e+05,1.764e+05,3.435e+05,4.385e+05,5.918e+05,9.313e+05,54654,1076610,1.352,0.4629,0.9691,1.269,1.646,2.656,0.1581,3.33,1.185,0.6834,1.005,1.156,1.35,1.79,0.3856,2.149,4.177e-07,2.446e-07,3.565e-07,4.108e-07,4.756e-07,6.229e-07,1.394e-07,6.474e-07,10.96,6.531,8.47,9.788,11.56,19.1,5.715,40.9,0.01732,0.005875,0.01246,0.01616,0.02064,0.03323,0.001903,0.04779,0.03738,0.01146,0.02575,0.03328,0.04453,0.0764,0.003634,0.1136,1.411,0.482,1.029,1.327,1.719,2.742,0.1604,3.586,3.344,1.307,2.359,2.94,4.09,6.121,0.4032,15.03
webp,90,82.66,77.87,81.65,83.27,84.47,86.01,71.6,86.51,38.84,35.34,37.85,39.03,40.28,41.84,29.79,44.75,0.9695,0.9372,0.9642,0.9752,0.9804,0.9847,0.9135,0.9943,2.13,1.439,1.685,1.926,2.343,3.267,1.278,5.074,6.383e+05,2.602e+05,4.738e+05,5.986e+05,7.73e+05,1.152e+06,84468,1391950,1.806,0.6717,1.37,1.688,2.13,3.367,0.2443,4.002,1.338,0.7813,1.137,1.323,1.495,1.93,0.4624,2.704,4.711e-07,2.817e-07,4.109e-07,4.62e-07,5.386e-07,6.503e-07,1.671e-07,7.368e-07,7.858,5.217,6.284,7.277,8.438,12.09,4.756,21.58,0.02183,0.008028,0.01643,0.02096,0.02629,0.03988,0.002824,0.05486,0.04764,0.01603,0.03416,0.0437,0.05758,0.09221,0.005459,0.1343,1.862,0.6929,1.41,1.774,2.25,3.424,0.2471,4.269,3.827,1.453,2.57,3.26,4.668,6.957,0.4887,16.95
webp,95,86.42,81.46,85.5,87.15,87.96,89.36,73.44,90.18,40.82,36.69,39.33,41.21,42.8,44.14,30.1,46.72,0.9794,0.956,0.976,0.9834,0.9869,0.9898,0.9252,0.9956,1.842,1.029,1.307,1.623,2.114,3.226,0.9038,5.045,9.185e+05,4.546e+05,7.43e+05,8.726e+05,1.058e+06,1.55e+06,158690,1805804,2.596,1.308,2.156,2.502,3.019,4.327,0.4589,5.015,1.553,0.9392,1.336,1.566,1.756,2.064,0.5553,2.937,5.467e-07,3.546e-07,4.901e-07,5.468e-07,6.078e-07,7.039e-07,2.007e-07,7.228e-07,5.155,4.02,4.572,4.975,5.504,6.938,3.795,9.877,0.03006,0.0158,0.02475,0.02889,0.03491,0.0505,0.005135,0.06686,0.06506,0.03115,0.05165,0.05988,0.07573,0.1156,0.009824,0.1666,2.652,1.325,2.217,2.543,3.06,4.393,0.4622,5.316,4.789,1.886,3.115,3.951,5.88,8.908,0.5494,22.45
webp,100,88.18,84.82,87.44,88.73,89.61,91.09,74.71,91.88,41.95,37.21,40.15,42.43,44.37,45.89,30.32,47.83,0.9841,0.9665,0.9817,0.9877,0.9901,0.9921,0.9316,0.9959,1.76,0.8285,1.172,1.594,2.061,3.3,0.5973,4.93,1.257e+06,6.807e+05,1.026e+06,1.214e+06,1.44e+06,1.988e+06,228488,2306140,3.551,1.906,2.974,3.441,4.052,5.509,0.6608,6.277,1.821,1.178,1.631,1.838,2.031,2.348,0.5915,3.004,6.411e-07,4.626e-07,5.905e-07,6.568e-07,7.1e-07,7.684e-07,2.138e-07,8.004e-07,3.694,3.127,3.374,3.598,3.839,4.759,2.978,6.358,0.04032,0.02234,0.03403,0.0391,0.04599,0.06383,0.007195,0.08275,0.08657,0.04462,0.06905,0.08177,0.0999,0.145,0.01382,0.2071,3.61,1.926,3.029,3.526,4.093,5.578,0.6642,6.63,6.276,2.45,3.973,5.187,7.917,11.82,0.5835,27.46
