format,quality,ssimulacra2_mean,ssimulacra2_p05,ssimulacra2_p25,ssimulacra2_p50,ssimulacra2_p75,ssimulacra2_p95,ssimulacra2_min,ssimulacra2_max,psnr_mean,psnr_p05,psnr_p25,psnr_p50,psnr_p75,psnr_p95,psnr_min,psnr_max,ssim_mean,ssim_p05,ssim_p25,ssim_p50,ssim_p75,ssim_p95,ssim_min,ssim_max,butteraugli_mean,butteraugli_p05,butteraugli_p25,butteraugli_p50,butteraugli_p75,butteraugli_p95,butteraugli_min,butteraugli_max,file_size_mean,file_size_p05,file_size_p25,file_size_p50,file_size_p75,file_size_p95,file_size_min,file_size_max,bytes_per_pixel_mean,bytes_per_pixel_p05,bytes_per_pixel_p25,bytes_per_pixel_p50,bytes_per_pixel_p75,bytes_per_pixel_p95,bytes_per_pixel_min,bytes_per_pixel_max,encoding_time_mean,encoding_time_p05,encoding_time_p25,encoding_time_p50,encoding_time_p75,encoding_time_p95,encoding_time_min,encoding_time_max,encoding_time_per_pixel_mean,encoding_time_per_pixel_p05,encoding_time_per_pixel_p25,encoding_time_per_pixel_p50,encoding_time_per_pixel_p75,encoding_time_per_pixel_p95,encoding_time_per_pixel_min,encoding_time_per_pixel_max,compression_ratio_mean,compression_ratio_p05,compression_ratio_p25,compression_ratio_p50,compression_ratio_p75,compression_ratio_p95,compression_ratio_min,compression_ratio_max,bytes_per_ssimulacra2_per_pixel_mean,bytes_per_ssimulacra2_per_pixel_p05,bytes_per_ssimulacra2_per_pixel_p25,bytes_per_ssimulacra2_per_pixel_p50,bytes_per_ssimulacra2_per_pixel_p75,bytes_per_ssimulacra2_per_pixel_p95,bytes_per_ssimulacra2_per_pixel_min,bytes_per_ssimulacra2_per_pixel_max,bytes_per_psnr_per_pixel_mean,bytes_per_psnr_per_pixel_p05,bytes_per_psnr_per_pixel_p25,bytes_per_psnr_per_pixel_p50,bytes_per_psnr_per_pixel_p75,bytes_per_psnr_per_pixel_p95,bytes_per_psnr_per_pixel_min,bytes_per_psnr_per_pixel_max,bytes_per_ssim_per_pixel_mean,bytes_per_ssim_per_pixel_p05,bytes_per_ssim_per_pixel_p25,bytes_per_ssim_per_pixel_p50,bytes_per_ssim_per_pixel_p75,bytes_per_ssim_per_pixel_p95,bytes_per_ssim_per_pixel_min,bytes_per_ssim_per_pixel_max,bytes_per_butteraugli_per_pixel_mean,bytes_per_butteraugli_per_pixel_p05,bytes_per_butteraugli_per_pixel_p25,bytes_per_butteraugli_per_pixel_p50,bytes_per_butteraugli_per_pixel_p75,bytes_per_butteraugli_per_pixel_p95,bytes_per_butteraugli_per_pixel_min,bytes_per_butteraugli_per_pixel_max
avif,40,56.392481040999996,50.893859954999996,53.2798658275,56.39051485,59.280292482499995,61.733687040499994,49.64028123,63.6152243,33.340911600000005,30.36506365,32.22134,33.2178,34.2090585,36.812733349999995,28.961974,38.250203,0.9121484000000001,0.8777273999999999,0.8962185,0.913187,0.92928275,0.9427997499999999,0.866418,0.949444,5.22406544685,4.580215716325,4.75078320505,5.1146106719999995,5.552862405775,6.144041585925,4.5777482986,6.3484992981,155962.6,64920.0,110506.25,140279.5,148511.0,328938.8999999997,46155,467079,0.05911310217502397,0.022393272462123675,0.039948178755277924,0.046608998417075165,0.052644564462953326,0.14106877216312042,0.014729817708333334,0.20297898414685023,25.374778029700025,16.016872178849983,20.376109123250046,23.89983446450009,27.30684394625004,40.45544365435002,15.90068354999994,47.998766023000144,9.385707491295638e-06,5.111593704953655e-06,7.365994679872334e-06,8.63982679178238e-06,9.84192194337319e-06,1.656141354318205e-05,5.0745134899662795e-06,2.0858871342216027e-05,37.561321241118094,18.530775807018863,31.351159119824842,36.05623934527367,38.91164828919074,64.05653934128281,11.719987411123173,78.07463980067165,0.0010789284419955513,0.0003687776899157057,0.0007156389755574534,0.0008536071032041056,0.0009706744039954681,0.002624623960008926,0.00023154548098218894,0.0038717227850978897,0.0018681146996937209,0.0006194891214458573,0.0011679765937127337,0.0014255121185001735,0.0015961334248361836,0.0047720615381975015,0.0003850912296683323,0.007008465104859573,0.06535254946120103,0.024531834637540224,0.04334832609320567,0.051771348530073966,0.056758407961704976,0.15773847183824125,0.015514151133013989,0.22766977078890724,0.29252031289448904,0.13567015539785002,0.22047935935317198,0.2275325978042247,0.27180325023325225,0.6463894621304435,0.09351223738249512,0.9302996636482144
avif,45,62.727417998,58.1878667525,60.23037962,62.944332935000006,65.02405206,66.93242556999999,56.99195177,68.03760802,34.3612385,31.45760235,33.25608875,34.2942155,35.2117335,37.629989599999995,30.199032,39.065495,0.9263534999999999,0.8966392999999999,0.91549375,0.9274830000000001,0.9397485,0.9510584,0.887021,0.954248,4.28067975045,3.896966814985,4.045029759425,4.2284810542999995,4.49520981315,4.765961813935,3.850924015,4.7725915909,192602.1,79092.2,135826.25,173741.5,191157.25,399873.0999999996,54542,564583,0.07289335451011235,0.02732112819431792,0.049101397564925674,0.058762254901960784,0.06552811758921857,0.1714434505805867,0.01740642871732026,0.2453513941037408,28.94381200449999,17.925895740349976,22.697828356000002,27.213981437500053,32.59022240950003,45.315248332849876,17.902213849999953,50.24694560299986,1.0669363803983415e-05,5.7208358035737e-06,8.205299741164904e-06,9.837896002335319e-06,1.2108977534916515e-05,1.816330044383166e-05,5.713278010748555e-06,2.1835864971405167e-05,30.49153393322556,15.07680153042986,24.87715976601005,28.783707008151787,31.59428525805626,53.3419346023191,9.695934875828708,66.06899270287118,0.0011849633017505371,0.0004134980937886073,0.0007820662726269886,0.0009531553248469495,0.0010795379106632596,0.0028245310656513593,0.00025583540080073884,0.0041132151489105765,0.0022241063618536174,0.0007397634748225453,0.001394850940540769,0.001732635091144611,0.0019298194331648013,0.0055722983770808135,0.00044557041238874,0.008124478761562318,0.0791070659809572,0.029569852232081834,0.052505154004578405,0.06334066467974468,0.07010729034479438,0.18731094097422565,0.01824099051537992,0.2683949820802006,0.3010422713041646,0.1302515413250267,0.2027264661991611,0.24299566044415657,0.29253139536027684,0.6683064586433594,0.08281732923465404,0.9448295756678248
avif,50,67.926551506,64.2989025015,65.96753082250001,68.162325495,69.9533260175,71.176310499,63.27695643,71.36983929,35.350761,32.54846485,34.280448750000005,35.331483500000004,36.1754495,38.38545565,31.399582,39.797845,0.9380528,0.91280065,0.9320222499999999,0.938898,0.9482152500000001,0.95767765,0.905971,0.958084,3.7897353887500005,3.39156630037,3.569029331175,3.7834497690499997,4.01406788825,4.164918804175,3.2848188877,4.2027993202,234343.3,95634.75,164526.0,210202.5,238925.25,482350.89999999956,64641,670414,0.08853707959462873,0.03306597964994903,0.059476401179941005,0.0715901819798716,0.08089569460712014,0.20506887689472933,0.020629404105392157,0.29134247670699487,31.475311325,15.836091687899955,21.42121685574999,30.823893510000033,37.794100280750015,51.16681891340001,13.746038993999946,54.47306621600001,1.1617581296187655e-05,5.2578498236442896e-06,7.358764273255386e-06,1.114288474969635e-05,1.438606728570133e-05,2.017699767154994e-05,4.386884380744468e-06,2.367241439646781e-05,25.06157352796914,12.424355143410725,20.260020604484033,22.709054617322288,26.322058542871765,44.555015451005715,8.165342609193722,55.74689438591606,0.0013199527892337314,0.0004684402066792807,0.0008691572373400029,0.0010637800017836048,0.0012258796841995356,0.003084278290971739,0.00028904932826831584,0.004430856448035207,0.002613684887581898,0.0008775741430282508,0.001644626646087959,0.0020314734711091385,0.0023558422981376833,0.006420465973496605,0.0005183548030148908,0.00927854634201802,0.09466839311780763,0.035421628946615005,0.06288013794642633,0.0759179016354522,0.0878643534064091,0.21995739670871395,0.021531936766914127,0.3124547303843339,0.3203836300033383,0.1380145682166855,0.2333440681026936,0.27301294283166644,0.2977385523677898,0.6842486566666048,0.08496468449960545,0.9570072702764341
avif,55,73.70244364300001,70.8408155945,72.58979671,73.646241745,75.30119435750001,76.095491192,69.73355504,76.48828883,36.692830900000004,34.0670114,35.72021375,36.7397155,37.44906875,39.376659499999995,33.006032,40.741703,0.9511889,0.9332726,0.9479385,0.9512095,0.958531,0.9654336,0.931631,0.967626,3.12234408856,2.649582612515,2.838404417,3.1660168171,3.3271802068,3.574466812645,2.6269907951,3.6066102982,301857.9,123669.75,210346.5,266395.0,313158.0,618036.4999999995,81489,831512,0.11375157813830634,0.0428081183472421,0.07604058216206837,0.09081395092029253,0.11160305115201502,0.2577849586288414,0.026006242340686273,0.3613509942984286,35.26591245040002,17.92747624179997,23.78185661950006,34.40087530399998,42.71530909100001,56.08877539780004,15.275062299999945,56.47318516900009,1.2974749139131123e-05,5.78753875228183e-06,8.472201005426155e-06,1.2435969150905194e-05,1.6905044759382176e-05,2.1531639463141877e-05,4.874853930504476e-06,2.4541608073025347e-05,19.41677601589353,9.644701461358098,15.552629107347101,17.11268422265565,20.828485708207907,34.90864363400951,6.583380636719615,44.22112186920934,0.0015525090117257737,0.00056680913817258,0.0010211407708409746,0.0012557908784203526,0.0015309311738227007,0.0035292232875735394,0.00034516337348262227,0.004978180310659829,0.0032165104999735033,0.0011070025386401526,0.002031084112888208,0.0024727327266255263,0.00312646915520662,0.007690975532237734,0.0006383199627341614,0.010948028963264309,0.11971193910558098,0.045333989175763784,0.07943570792103673,0.09527609271824597,0.11875005600106342,0.2713973830468084,0.027012344109384405,0.3801041949654384,0.33887693654340123,0.14190011554607626,0.2414568199097889,0.2889117958717994,0.34085090414571495,0.7110693860737796,0.09379438144340399,0.9905997770909982
avif,60,77.430707196,74.5931623455,76.55494361999999,77.57152920499999,78.77756017,79.668047624,73.96328916,80.12160914,37.7300629,35.25064975,36.910953,37.832631,38.41125625,40.129893949999996,34.259725,41.440055,0.9595691000000001,0.94617875,0.958083,0.9594585,0.964831,0.97053925,0.944642,0.973876,2.68683564664,2.334142041245,2.51178258655,2.73822057245,2.885701119925,2.971315550815,2.3294155598,2.9814193249,363541.7,151015.0,253240.75,315618.0,383523.75,739326.5499999995,98005,969997,0.13672369948573715,0.052308646930264546,0.09117293112107952,0.10839370408930535,0.14092538235565244,0.30452342163815854,0.03127712673611111,0.42153255805868445,38.95885378339999,20.1340419797001,26.650649003500035,38.19150900749992,46.68579530699999,62.103749397349866,16.98883508000017,64.1725593619999,1.429275734967404e-05,6.562496473955173e-06,9.375688317264603e-06,1.380628904487677e-05,1.8551038132388186e-05,2.3455268570700704e-05,5.42178407118061e-06,2.588965542214219e-05,16.04690538927172,7.997374244185384,12.378031093130843,14.14444390137426,17.447724288078497,28.81908083915029,5.643481371591871,36.76888934238049,0.0017698467906993784,0.0006643522362823413,0.0011696816077834018,0.0014305219967084672,0.0018179439049197219,0.003942135348551173,0.0004011058863974226,0.005480262968537147,0.0037431317550666943,0.0013262892720520125,0.0023779269144688967,0.002857628071954362,0.0038211338921571632,0.008760548720031819,0.0007547559175804933,0.012304026318328136,0.1424763201304061,0.05497191132313694,0.09452316769070009,0.11302526208491367,0.1477671683182067,0.31701812914164845,0.03237888298752772,0.4384547178958758,0.3516400406345034,0.14895221344512052,0.24755822818098336,0.2941794147222122,0.3602302769839541,0.7272511614827113,0.09254797002823352,0.9819244997041965
avif,65,80.147790573,77.423371748,79.43437163,80.22282412,81.4715418925,82.13130787799999,77.08525685,82.52085378,38.633355,36.2835522,37.97849,38.766003,39.18950625,40.815859749999994,35.33859,42.03871,0.9656003999999999,0.9551528,0.9632572500000001,0.9654895,0.96864575,0.97528855,0.95147,0.978331,2.38487250806,2.14726241826,2.23523640635,2.3751757145,2.532245159175,2.631342268025,2.0881440639,2.6963899136,424115.0,179856.3,297098.25,364690.0,453776.75,853556.7999999993,116238,1099174,0.15922973719372166,0.06230999394710871,0.1065180258502968,0.12614740586500087,0.16912497452543884,0.34907096544291444,0.03709597120098039,0.4776691350298985,41.19616026180003,21.8418409802001,27.897247844249875,40.37244196900008,49.22566351550002,65.59524863275008,18.716848607000202,69.96256911400019,1.5084073641055915e-05,6.970563017067536e-06,1.0084897855663238e-05,1.4594699653320058e-05,1.9562810274080528e-05,2.4449841655733832e-05,5.9732589763966125e-06,2.6186123491604085e-05,13.635417847637125,6.8578055246365786,10.358628667852864,12.085686997534049,14.929816081629495,24.25188703492152,4.9802488050117635,31.001350677059136,0.0019875857490174575,0.0007679966859312055,0.00132226617132728,0.0016157844765913065,0.0020925562106825233,0.004350627118253461,0.0004632274437903116,0.005975525815072586,0.004241774890438474,0.0015537595381344112,0.0027191521579557356,0.0032417435475310787,0.004456583984229471,0.009740837186199197,0.0008824241086603368,0.013516926822204803,0.16478590123318176,0.06510742037626474,0.10988799423116098,0.13080759329532565,0.17550574497250412,0.36063665794472577,0.03829585699226194,0.4931648683585939,0.3683869180913245,0.1612377911049021,0.2633296982831417,0.303617823219965,0.3583227562785899,0.7838290254143825,0.1000252025815196,1.0766674584925042
avif,70,82.203045929,79.6359327025,81.3990943825,82.500077815,83.423663965,84.012798472,79.38962482,84.38607277,39.398181799999996,37.166338599999996,38.90387675,39.543715,39.86960025,41.4010342,36.251692,42.542731,0.9699939000000001,0.9611203500000001,0.96746525,0.9699035,0.9731355,0.9786210000000001,0.956574,0.981411,2.19356153011,1.8982263803500001,2.001214087025,2.2103455066500004,2.264010846625,2.5728197216899997,1.8552799225,2.6024518013,481756.3,209116.5,339816.75,412353.0,520219.25,958927.7499999994,134781,1217833,0.18060424822972893,0.07245555098595025,0.12170095536947265,0.14287625079530336,0.1954144716745474,0.39035694922472497,0.043013748468137256,0.5292348943123348,41.278230109199974,23.448387243349906,29.087537613500004,41.315317280000045,47.73459541974992,63.974729495199995,20.787357322999924,68.77297177600008,1.5078747215330085e-05,7.579850874805317e-06,1.0332859697820831e-05,1.4935550523454235e-05,1.8961379609064076e-05,2.3765789767678336e-05,6.634037135863436e-06,2.5253012077596963e-05,11.889761149456492,6.054715939105658,8.999779799446628,10.614893791905093,13.065853761795074,20.8891914842672,4.49500054605188,26.736223948479385,0.002195129327684807,0.0008732909206476124,0.0014746279704784533,0.0017803890595852131,0.002352431512655868,0.004730670756568686,0.0005259628219377417,0.006432081820965507,0.0047037246922604385,0.0017813892495330474,0.003052411167502886,0.0035964564219909158,0.005025990966440384,0.01062257163964336,0.001011071632146447,0.014598901875044477,0.1859894456604215,0.07537849273758664,0.12508352270528944,0.14756018400047294,0.20138033771883887,0.40113713439460874,0.04430036393798825,0.543562104256323,0.3833779380170569,0.17067027878834726,0.27139392364647236,0.30438875005312954,0.3676488750165031,0.8261785595332845,0.10910879202838589,1.0323872383292707
avif,75,84.183622543,81.8814536765,83.2395150175,84.726435425,85.25893134500001,85.756706252,81.57480119,86.06375855,40.2512995,38.1849919,39.913464,40.401641999999995,40.6921275,42.06066565,37.296781,43.10077,0.9743362,0.9659602,0.97177675,0.9738915,0.97817425,0.98178695,0.961678,0.98423,1.9752437949200001,1.681662785975,1.820035248975,2.0306222439,2.1273055673,2.21386895179,1.6464538574,2.2420759201,552204.7,247158.65000000002,394641.5,472352.0,599956.0,1083645.3999999994,159266,1359670,0.2066911898874869,0.08563734838399778,0.14165960044139336,0.16293868211001217,0.22620960531036716,0.4397660726081209,0.050827844158496734,0.5908731400361563,43.29630278909999,25.63654482139996,33.20387954199998,43.69203333349998,50.41275825524994,63.54960140385004,23.37246197599984,69.6375062730001,1.577228843084169e-05,8.704961567542346e-06,1.1015191362282408e-05,1.5794737019745206e-05,2.002739035736051e-05,2.3411588914726525e-05,7.45904245046972e-06,2.438326935839939e-05,10.239854454770477,5.312810298176044,7.803002308728102,9.260415298789836,11.224113314524129,17.67602205582432,4.026094567064067,22.6258900204689,0.0024506120516111984,0.0010112587825508125,0.0016756062879558294,0.001979639108640098,0.002656019293422268,0.005192463687864646,0.0006088974482633737,0.006990966122696453,0.00525172881732462,0.0020733127432690625,0.003483283213546314,0.00401259854338995,0.005669578083955196,0.011636305914155607,0.0011792792601732344,0.01584247015945307,0.21184465498975377,0.08869956227398819,0.14502382958283494,0.16762483737873185,0.23167005966790769,0.4495856990563903,0.052216274908308664,0.6038418514804008,0.3928726714824419,0.17556385112333914,0.2707453533861891,0.3385134198518037,0.388809333451282,0.7976910772586339,0.11395988545836097,1.0190764943897332
avif,80,86.250959277,84.30389443749999,85.14352412,86.844249565,87.276010885,87.6001173395,83.84237716,87.80973557,41.3099843,39.43171885,41.124308500000005,41.4071615,41.70049175,42.91321729999999,38.578693,43.792601,0.9788143,0.9710068,0.97628675,0.9788015,0.98251125,0.9853175000000001,0.967621,0.987086,1.74322816134,1.51849069001,1.6165070832,1.7007625103,1.9246212541999999,1.9804836988499999,1.4995646477,1.9864976406,648952.6,306385.45,472258.75,556779.0,707701.0,1244876.9999999993,196891,1544568,0.24244547851573314,0.10617126849645186,0.17012548579592696,0.1907253166753427,0.266104026245915,0.5047898062682515,0.0628354141135621,0.6712244472256987,45.8130925961,28.29286991519989,36.51720061074997,46.15211439250004,52.859199761750006,65.4788282227001,26.384522894999918,71.32788938500016,1.6677029728873273e-05,9.613159003912566e-06,1.2078102208965695e-05,1.668406009330356e-05,2.1006024679587636e-05,2.4185233744980402e-05,8.420305764590966e-06,2.5348515371210574e-05,8.541544971738444,4.571813845880548,6.651544143985932,7.8725447505110395,9.345400820617623,14.28030887735153,3.544136612955856,18.302182425809203,0.00280489643300151,0.00122515962828103,0.001964536168875571,0.002259412429101261,0.0030510842100226346,0.005814243570762358,0.0007360074601346564,0.007748313912671561,0.005980788626140239,0.0025192393737817403,0.004083243225498887,0.0045752862955321695,0.006471377996056307,0.01292003899125601,0.0014348408790234245,0.017398838452761963,0.24732886983195268,0.10940561287470016,0.1734091602397838,0.19546677962852815,0.27095961055312007,0.5135475413831769,0.06435911618934484,0.6827242545696702,0.4177490256034252,0.18835943274079114,0.29558454463291567,0.3496143496029669,0.403813892156717,0.8808646688598945,0.12358433132572777,1.2069301952552898
avif,85,88.96827867,87.120530942,88.064798865,89.610648665,89.97708331000001,90.03033502550001,86.91240587,90.03431573,43.1177981,41.57089405,42.984166,43.207817000000006,43.4596975,44.380614599999994,40.789078,45.019782,0.9848182,0.97820055,0.9812415,0.986074,0.98859825,0.9900181,0.97659,0.990928,1.40913764239,1.212051755205,1.2521279752499999,1.3399259448,1.5619240999250001,1.700815606125,1.1821382046,1.729688406,844161.0,445078.65,647389.0,727712.5,915869.5,1541695.0999999992,285690,1889375,0.3143713229508651,0.15424006475170268,0.23403211579617098,0.24740241379092198,0.34022233459836276,0.626622823668474,0.09117455575980392,0.8210675670977611,50.15979073059996,32.51918830179985,43.97025881349998,50.01904845699988,56.90276234425002,67.35402166375003,30.43000040799984,72.92205570700003,1.8220955381758475e-05,1.104672034304796e-05,1.4513754685834404e-05,1.8081962684727242e-05,2.2578423653810776e-05,2.49444689081937e-05,9.71137165798606e-06,2.6312685441002668e-05,6.315762828938088,3.6254604436062046,5.19800693341395,6.078992716383119,6.675794320746366,10.089612806840021,2.8973390671518358,12.613444642794638,0.003525321848100422,0.0017269004775504096,0.002621843770732838,0.0028297305975785413,0.003790014355697491,0.006988515940862075,0.001033166237394048,0.00917131905952421,0.007390846444331076,0.0035063533590325075,0.005385213992142661,0.0057139231648835965,0.007894691125886916,0.015187201420812469,0.0020252109563703336,0.020129593689216536,0.3187950405198854,0.15646507924504127,0.23894125397458255,0.2518137207415193,0.3441879877568233,0.6336729718639671,0.09292460484280853,0.8302786787599237,0.4255863068729859,0.2136747180429211,0.332879264948977,0.3784911490697681,0.4362835020368387,0.791268795722405,0.1518536504596115,1.0324327047152038
jpeg,50,62.44178208999999,48.988009186,59.15136937,64.857353065,67.822393345,69.3004885645,43.41453676,69.40124788,32.5526675,27.3867609,31.50724975,33.1184695,34.29020175,36.4155698,24.645936,37.257275,0.9085094,0.8467073,0.89914025,0.907742,0.939791,0.94617615,0.820646,0.947892,4.75673208237,3.110981833965,3.348284781,4.43041729925,5.597345471375,7.273313164719999,3.0562026501,7.434278965,293975.9,200836.45,240226.5,287681.5,320408.75,420982.9999999999,172792,476864,0.1075949772594865,0.06857664758842327,0.08684224796113135,0.10046444333056784,0.11512900577589075,0.16935274518495333,0.05514450571895425,0.20723126129884578,0.13388632670001357,0.10800438949997329,0.12005227000003416,0.13664080450000426,0.1440302820000383,0.16234731950003506,0.10563350600000376,0.17275246699999514,4.784972189361472e-08,4.1496208861119704e-08,4.404597788734972e-08,4.6828930324568116e-08,5.206716770780493e-08,5.5032735218162824e-08,4.00912921510556e-08,5.513188923355645e-08,16.06670501386347,12.7363993855826,14.971012589171615,16.033619247200253,17.081351037281976,19.299165480909828,11.479499396054221,20.854756007222555,0.0018285190101535633,0.001009331696750748,0.0014409205220158416,0.0015893276882194519,0.0017371815946918582,0.0034860587504059997,0.0008220430574869559,0.004773315040638148,0.003466256070772064,0.0019293811600715597,0.002703378046690363,0.002960113648804394,0.0034576138500128696,0.006426196329551804,0.0014801003486957715,0.008408333986538218,0.11995565404634476,0.07431521081518454,0.09807067553395045,0.10668663661806845,0.12452126678297001,0.20038589618342378,0.05866829981047054,0.25252211221262977,0.5389941339504161,0.3045669210213461,0.331373708459335,0.37801640623894717,0.4885510030716525,1.2392076179525933,0.2991189068330073,1.5406150067644278
jpeg,55,64.621468394,51.5594354945,61.41401972,66.94191382,69.7325273975,71.414307236,46.1686118,71.67523043,32.868466,27.6728145,31.816723,33.405131,34.5962525,36.795786199999995,24.934812,37.644524,0.9135711000000001,0.8545305,0.9044162499999999,0.9128890000000001,0.94344675,0.94979015,0.829677,0.951191,4.45958418845,2.99322310685,3.154694616825,4.09817290305,5.2549449205,6.904708695374999,2.9438943863,7.5541644096,313159.9,213118.5,256595.0,306051.0,339848.25,450242.19999999984,182964,509626,0.11462893118278956,0.07277962087074874,0.09275948580021978,0.10671404228980494,0.12235297139573935,0.1808064851029063,0.05839077818627451,0.22146867612293145,0.13252535040000027,0.10913536994996705,0.11857655299999692,0.12932571850000585,0.14375879650014411,0.16304021689996728,0.10512406499999827,0.1686721189999929,4.751359991980653e-08,3.7815463007495186e-08,4.270352816456543e-08,5.003825124112578e-08,5.235932566314952e-08,5.3251608060096564e-08,3.7662424045145803e-08,5.382969484017339e-08,15.092733090760333,11.936091031928253,14.084675876279725,15.094627916932353,16.047965577662662,18.16168536557217,10.741524176553002,19.695322577118997,0.0018723022092981382,0.0010425443116173583,0.0014791413342363404,0.0016306889345285378,0.0018029186970469277,0.0035286184997533106,0.0008425407484326616,0.004796953330161238,0.003657202766573741,0.00203488429598852,0.002847903137170179,0.003118856833229324,0.0036457957046609492,0.006787051216456013,0.001551109483713342,0.00888190679452211,0.1270088372431451,0.07851539769235197,0.10402600738808283,0.1128675775552074,0.13230331215777547,0.21197461687934405,0.0618803995585816,0.2669336092514695,0.5453939849007919,0.29929192161709717,0.333337820232109,0.3726557777348398,0.4955017907822389,1.2806929115835053,0.28360692580297947,1.6730107910090781
jpeg,60,66.592172118,53.946313556999996,63.2746055325,68.94072795,71.633333245,73.11986079249999,48.66616491,73.45197841,33.2177731,28.004472,32.16728325,33.7380105,34.9214835,37.18971205,25.267923,38.03902,0.9186951999999999,0.86272985,0.9100805,0.9172899999999999,0.947034,0.95366865,0.839495,0.954849,4.34643313884,2.84538880584,3.006822586025,3.7876491547,5.125089287774999,7.1510924339,2.748683691,7.2869315147,336968.4,228337.3,276565.75,328792.5,364273.0,486541.9999999998,195463,550397,0.12335985433781264,0.07799001490403039,0.09997894253571635,0.11447518647830629,0.13139417203609413,0.19505665762758995,0.06237968494689543,0.23918657001807817,0.13120280319998018,0.10938204340002926,0.12025739999999274,0.1284521634999578,0.13862440174997204,0.15847894759998696,0.10452039100005095,0.15985766299999682,4.6890128463799587e-08,4.040911457444304e-08,4.502222131941586e-08,4.8343862540843284e-08,4.989630055215524e-08,5.0706645668655056e-08,3.936126014860084e-08,5.101666634752758e-08,14.03863809625577,11.07078638421104,13.11383323992252,14.07126369888274,14.921092910507568,16.943706621138258,9.945839094326459,18.435893238106445,0.0019470655705477076,0.001090126773941698,0.00154530286342773,0.001695118786493611,0.0018945809351962528,0.003637832316693153,0.0008730071833533039,0.004914843206988141,0.003893515492243061,0.0021644047384710647,0.003029002868255835,0.0033167796713453753,0.003895258055125044,0.00723201165989508,0.0016398867517327057,0.009466016261727495,0.13581472196078598,0.08378620826316738,0.11139462801709792,0.12056773199122348,0.141962617849444,0.2264141319283467,0.06586311947268633,0.28491720619905797,0.5756896990844316,0.2935445441351409,0.34831979760236736,0.38598520393595126,0.5184278991294812,1.4021948812184803,0.2799647502548227,1.742936154957732
jpeg,65,69.239958824,57.2630153245,65.9433322375,71.56581088,74.08524796,75.402890219,51.74202445,75.93168962,33.6187021,28.39006745,32.57909325,34.112131500000004,35.29471175,37.62167495,25.657334,38.469587,0.9243071,0.87153575,0.91613325,0.9227595,0.9510744999999999,0.9575575000000001,0.849947,0.958507,4.18837687969,2.80896718499,2.958960533125,3.6472717524,4.931023955324999,6.678756713895,2.7152407169,6.7445588112,366813.0,248172.4,301958.0,357237.0,395708.75,530766.8499999999,212608,599368,0.13427661939587057,0.08476095711145815,0.10915827983110649,0.12443854293192202,0.14262078994750094,0.21232483355931014,0.06785130718954248,0.2604679460436657,0.13003368710000984,0.10775936759997506,0.11810814349999532,0.1251141500000159,0.1392714084999369,0.16284243545006943,0.10680583199999205,0.16675197200001435,4.6475469220266066e-08,3.9360074126314086e-08,4.2696274907453914e-08,4.70231411398828e-08,5.06089468220379e-08,5.2470784550383955e-08,3.8610471976398305e-08,5.321690282884445e-08,12.897206567793967,10.172716920164934,12.08179778031754,12.94470746245228,13.719146956929537,15.554634113325587,9.13322032540943,16.949197584286573,0.002029076184551099,0.001150980324487404,0.0016182251778033801,0.0017604294884452645,0.001998045153082608,0.0037512711934012608,0.0009150567993180221,0.005033972845329319,0.004184968024484805,0.0023357171582379078,0.0032533315828145786,0.0035653275007419246,0.004203542812640201,0.007760205392847566,0.0017637648979580282,0.010151793091350243,0.14680933635347096,0.0906573994440073,0.12071950356624575,0.1304739555004028,0.15399393776241843,0.2438667057069592,0.07136661241738564,0.30645198588107925,0.5964477664658374,0.33612815970396737,0.37428668692573136,0.4091693242044975,0.5041245164832044,1.4219378071603113,0.33250175224410183,1.7567413805239716
jpeg,70,71.724337088,60.211164705499996,68.667013735,74.00633185000001,76.4180121475,77.467288657,54.68354453,78.25683316,34.1002236,28.856787,33.086945,34.5657635,35.735877,38.13259675,26.126403,38.977807,0.9290996,0.88095555,0.9139735,0.9284555000000001,0.9553965,0.9616452,0.861102,0.962421,4.14408559798,2.427354657645,2.696177542175,3.87663030625,5.1879533529,6.618353867525,2.3415257931,6.62099123,403344.0,272402.2,332552.75,392137.0,434743.5,585333.6499999998,233569,660080,0.1476463530562032,0.09303167767325865,0.12021832885071432,0.13660362588296748,0.15719055567643264,0.2337617733973021,0.07454076031454249,0.2868516200806564,0.1290433210000117,0.10292456240004669,0.11004839375004849,0.12710284649999437,0.14658477949997462,0.16059327410001173,0.09908758700009912,0.1633101950000082,4.610511904548962e-08,3.89975168279049e-08,4.109702161852439e-08,4.4332889419084306e-08,5.1636793587881104e-08,5.4727415793456725e-08,3.8902697885932744e-08,5.4961479983666166e-08,11.732629572644633,9.241380356846603,11.023944002787196,11.792183471370496,12.495155374050738,14.14512051127775,8.293176584656406,15.428139008173174,0.00214517851412647,0.0012332724696738732,0.001714365242443922,0.001861123075290164,0.0021359930703426194,0.00392909567576376,0.0009750585942894113,0.005245666178849954,0.004533648428377912,0.0025396383559428194,0.003520669744211156,0.0038595624924748183,0.004572713585210719,0.008399145596690572,0.0019123897943910105,0.010979376689575538,0.1604682638615628,0.09897887134465458,0.13195021342069824,0.14256999789535557,0.17030434100470143,0.2654809744875188,0.07809788466749278,0.33312153505700415,0.6443158623508569,0.3312096616308614,0.3995203510545477,0.42664583882678897,0.577689516418701,1.5472892691395266,0.31392853508263824,1.8992420608653178
jpeg,75,74.19731939900001,63.4130755745,71.4427159475,76.32220264,78.4708359325,79.732159539,57.96916268,80.28317328,34.6169436,29.3655242,33.60826225,35.040364499999995,36.19690625,38.67451815,26.643755,39.530154,0.9363549000000001,0.89100295,0.9294497500000001,0.934526,0.95967625,0.9654187000000001,0.873592,0.966037,3.63096117972,2.246864259215,2.5879767537,3.30155849455,4.501917242975001,5.650762462624999,2.2412128448,5.9559240341,445264.3,300937.7,367405.25,431662.5,479694.5,648125.0499999998,258779,730084,0.16298352176240188,0.1027599140948092,0.13281756102145872,0.15047327752427483,0.17387683944971333,0.25839132292101225,0.08258623110702615,0.3172733277708246,0.13066160679996983,0.11041620534998202,0.11857880599993109,0.12565835799999547,0.1432419422499578,0.15937707599998135,0.11022020200002203,0.16003525500002524,4.6781010998404296e-08,3.9278253347577595e-08,4.299022355253053e-08,4.726279151443802e-08,5.0956648284314e-08,5.3048824091714336e-08,3.8814738115271096e-08,5.3563643067825526e-08,10.628446852021298,8.363431823668801,10.022842765926297,10.705842687094727,11.313055123225242,12.793040172652582,7.49798653305647,13.925144621472375,0.002279315061821333,0.0013246635504483948,0.001821993505502913,0.001975212259412726,0.0022952214964223876,0.004131206234876322,0.001044619161241947,0.005473139736763654,0.004926019834782134,0.00277523547868136,0.0038228702712009882,0.0041867590402741624,0.004988628669276677,0.009115480830011728,0.002089195784742608,0.011907980979814018,0.17556230285456847,0.10879571839955375,0.14466047689083306,0.15636026681665166,0.1853807507838964,0.28991987032767597,0.08618344178363321,0.36318250140892383,0.6258935138764338,0.3375063633868806,0.38967342384363507,0.4441393613631647,0.5427309875418653,1.4820695189464306,0.3315657209062385,1.8896558382491413
jpeg,80,77.11242545,67.09858733349999,74.62998609,79.15918740000001,80.77957693249999,82.474036629,62.11373104,82.83021855,35.318412,30.04773555,34.2790335,35.7042505,36.9539015,39.3923139,27.324498,40.260552,0.9434758999999999,0.90257905,0.93757175,0.94121,0.9648895,0.96990395,0.887833,0.970403,3.2882771253500005,2.22568272354,2.343166947325,2.8104777336,3.709189415,5.428266525249999,2.1786141396,5.8648614883,511536.0,347546.35,423064.5,494461.0,551165.0,744847.5499999998,301276,834317,0.1871590518760372,0.11861883651183557,0.1529384652090925,0.17264118131696815,0.20084306111364164,0.29571311361423985,0.09614864174836601,0.36256996592963425,0.1336232990000042,0.10626972584998953,0.12066605025000854,0.13258498249999207,0.1431499675000154,0.1660442482500244,0.10085929800004578,0.16783411200003684,4.773163993031323e-08,4.0948203665258604e-08,4.334900459207636e-08,4.7142280677023644e-08,5.2480603938163734e-08,5.473072698121241e-08,4.0807186288941225e-08,5.568674959149958e-08,9.240402649231948,7.3019414858292935,8.749798146168784,9.331971461682397,9.823826930794155,11.056683966474806,6.561247103918535,11.960909597843838,0.0025045158906875278,0.0014861620599254557,0.0020043406413393964,0.002174517283779375,0.0025630353679515832,0.004454836399509642,0.0011719912435613163,0.0058371950913099465,0.0055363904953608335,0.0031624935280170547,0.004299849913041171,0.004692883844392183,0.005653034302306638,0.010183258142371558,0.002388160046796329,0.013269043988644705,0.1998329956057693,0.12486230720537794,0.16512756300958578,0.17846165662257346,0.2125153631484585,0.3272091476575094,0.09986201061301082,0.4083763116820779,0.6499313623046069,0.3729062369000625,0.39507438705116166,0.43400907714136927,0.5436682990772834,1.5408432927704412,0.362213661213076,1.7746532502658696
jpeg,85,79.9422952,70.9123251545,77.82389796,81.685341485,83.3394723425,84.8346825645,66.4284914,85.14399924,36.1964867,30.8741565,35.1297395,36.5614215,37.991196,40.272295899999996,28.118631,41.173924,0.9515087000000001,0.9152239,0.9475465000000001,0.949225,0.9704855,0.97460545,0.903271,0.975037,3.0023030281,1.9325801253250001,2.116100490075,2.60773456095,3.8411116004,4.726005363474999,1.9211990833,4.9609479904,604795.0,414377.55,501198.0,583083.0,650471.5,879529.3499999997,361944,976692,0.22114893711626996,0.14136485920419053,0.18118384521950373,0.2034125080998937,0.2392167743093965,0.347496966259908,0.11551011029411765,0.4244420108468919,0.13256287650000614,0.10997825634997867,0.1184764647500387,0.12341356200002451,0.14817393824991854,0.16653041980005553,0.10639812700003404,0.17052805599999488,4.734885504137318e-08,4.0269561883716037e-08,4.282942360389507e-08,4.74481175519206e-08,5.1290958780159245e-08,5.4850214477707915e-08,3.939445625256384e-08,5.520057587190343e-08,7.80200750805925,6.200981984738384,7.350626959897033,7.921216879218478,8.292410652946215,9.258003599618021,5.604796599132582,9.956056738058926,0.002838284272046501,0.0017229537549409589,0.0022773636086567657,0.0024762832759210847,0.002950521580777893,0.004939881776909868,0.0013676855430646004,0.006389457323230615,0.0063735894794636,0.0036958442880237513,0.004967552210747844,0.0053875324979544,0.0065686743946798565,0.011632895031878296,0.0028054190388586146,0.01509468973958554,0.23382262276670823,0.14779799934434484,0.19376197415045968,0.20912266550632727,0.25070622988886737,0.3787446818126585,0.11935895929556235,0.4698944290770897,0.7090031929096163,0.3658544496150888,0.4329956809156882,0.4584831151576331,0.7190178368177687,1.6643674574406606,0.35509357026672334,2.105634740752224
jpeg,90,83.332555575,75.33410539949999,81.8162782775,84.81368466,86.29393353,87.6424452565,71.37922698,87.71286415,37.4147988,31.947115450000002,36.2898695,37.853792999999996,39.41879,41.43827875,29.039971,42.377287,0.9609275,0.9296618,0.957052,0.9605325,0.9766385,0.9798711999999999,0.920336,0.980332,2.68424478769,1.54630140663,1.702539086375,2.2896286248999997,3.4239454865,4.64386770726,1.5027614832,4.6522059441,767717.5,534628.45,641320.0,740050.5,820112.25,1107956.2999999998,470971,1209290,0.2804108334308234,0.18229542529412668,0.2318381629938111,0.25674745011504785,0.30730232531342183,0.43450696400013883,0.15030477685866014,0.5255223543318036,0.1329690651000078,0.10813058904995501,0.11711706174999392,0.1306005404999695,0.1482869085001326,0.16136211220002394,0.10457046399994852,0.16189065700001493,4.754218934159959e-08,4.086682035832301e-08,4.233799733573151e-08,4.800975839928433e-08,5.157176170599084e-08,5.4370395490301236e-08,4.066236226790262e-08,5.461585075777133e-08,6.123815693593905,4.934617930265403,5.725475251782254,6.275734108762394,6.480218245194598,7.1630339499126645,4.526755368852798,7.651288508209635,0.003433064232029993,0.002148468607854659,0.002780886376156635,0.003004658600858058,0.0036388562573943127,0.005798879993447686,0.0017166628037003282,0.007362399069957028,0.0078050214843587125,0.00464155588544598,0.006155131511636591,0.0065566757352578334,0.008131586115204455,0.014050788285212956,0.003546823959227502,0.018096517876405715,0.29314935047014995,0.18911637208019838,0.2451032894522272,0.2623976164996197,0.31827636137290116,0.46560975437003566,0.15439263053739885,0.5710114070641631,0.809443698790224,0.4074466546959434,0.4344956087368323,0.5147581867476441,0.7936838256573202,2.018720412776203,0.3982520841216871,2.444838220579843
jpeg,95,86.844187316,79.1676552615,86.1989840475,88.61282702,89.3645218525,90.2561363085,75.70893345,90.41720214,39.3748134,33.3002868,38.062831,40.0207065,41.753401,43.36741625,29.961285,44.161763,0.9726100000000001,0.9466936,0.968125,0.977044,0.983946,0.9863055,0.938086,0.986922,2.1343076228899998,1.1263713419199999,1.2277402878,1.6373144983999999,2.646716773475,4.2467753648399995,1.1168013811,4.3264174461,1118411.6,800670.05,961753.25,1073007.5,1184887.5,1576274.0499999998,708578,1679032,0.4078226232995198,0.27293365130782216,0.34767527401816184,0.37154220536043514,0.4506112955616197,0.6144627820365732,0.22613421670751635,0.7296586010290641,0.13611785500001475,0.11268464075002953,0.12609964700003218,0.1334588250000479,0.14357711799997475,0.16543237725000637,0.10634897600004933,0.1698097050000058,4.8638741801890316e-08,4.2240416894302375e-08,4.5619405096559896e-08,5.014857929898882e-08,5.182440029487737e-08,5.337995094692141e-08,4.118122063930074e-08,5.419274184283274e-08,4.175173468057884,3.4617508317099075,3.907280243475557,4.3198509242601775,4.350980473158212,4.778649723791598,3.2603071293459567,5.085586907863354,0.004768903361279245,0.003133541054565564,0.003970593763999841,0.004185670963163934,0.005084347367444522,0.007750306681727456,0.0025109485835734763,0.009637681681395607,0.010780976150747062,0.0066850480343020645,0.008687962806045134,0.008965882135776726,0.011134469606015959,0.01906414271939845,0.005120588521511615,0.02435338140634035,0.42064849782662206,0.28049617898628126,0.36183517057632536,0.3770758279525082,0.45957259867889366,0.6463066812611167,0.23064164640317356,0.7778163207094703,0.9631517990013849,0.4094447231214146,0.45569781288843225,0.5460115977548241,0.9232233033073465,2.6206986034247617,0.3964543695483016,3.156807701189062
jxl,50,55.456064792999996,40.1986385545,52.9497968625,56.02951036,60.714127680000004,67.0618074335,31.91747206,70.18816874,31.059649200000003,26.078098150000002,30.3034405,31.2615245,32.334942,35.0080684,23.350141,35.957266,0.8765715000000001,0.7883044499999999,0.8539002499999999,0.886304,0.91865175,0.9298869,0.750927,0.935358,4.7166334629,4.02215356828,4.3522698879,4.83689570425,5.061302065825,5.17633984089,3.9646444321,5.2452702522,142613.6,101643.2,124476.25,134791.0,148910.25,207467.0999999999,89063,254115,0.05253305838521842,0.034669013291733546,0.04460545030777337,0.04609351982519594,0.05241275160506681,0.08839385560075089,0.02842339409722222,0.11043100750938674,7.794595512100045,5.949676584700114,7.248870360999945,8.11704097300003,8.45540234575003,9.021282874300015,5.675272683999992,9.23660814699997,2.803900714748088e-06,2.026419807233589e-06,2.813531502383874e-06,2.957919240155147e-06,3.0371721874795925e-06,3.1871350350898533e-06,2.0058016524970203e-06,3.2776331854574856e-06,33.21173230974479,24.707867349864962,31.542505978045764,33.869365116184284,36.64242970252159,39.439128216883326,21.54205772976802,40.46051671288863,0.001074038631108352,0.0005237389543389038,0.0007685950771145741,0.0008642917691055106,0.0009142930016657238,0.002408321288954123,0.0004049599043182306,0.003459892039751557,0.0017872750845515765,0.0010207763611431873,0.0013957843141355376,0.0014794217646340202,0.0016490767290240661,0.003541458087335978,0.000790477065114523,0.004729350778198159,0.061450662598394504,0.03862858777564929,0.05074155549937982,0.05117254923665026,0.057716739208512446,0.11287310876683447,0.03038771689259323,0.14705957770780215,0.253228693239481,0.1421323639054127,0.19879836592517708,0.22466414692503728,0.2535896668286732,0.45941322859124395,0.11268865114893609,0.579240478609461
jxl,55,58.368884218000005,43.679140145,55.97052764,58.821773820000004,63.848294335,69.24126975,35.59807205,71.94562809,31.421505200000002,26.44218,30.6585855,31.6921285,32.602627999999996,35.38193155,23.70699,36.309976,0.8846866999999999,0.8002317,0.8631935,0.8944105,0.92564425,0.93461715,0.766677,0.938547,4.50614287853,3.6931051850300003,4.287621021275,4.48537945745,4.843556404125,5.284192538249999,3.5554935932,5.5290951729,157313.9,111164.9,138284.5,147119.0,163476.5,230207.64999999988,96251,282184,0.05798066863510981,0.037943642730068616,0.04875957032944538,0.05136832707709743,0.05740047862802938,0.09808582907453756,0.030717358558006537,0.1226289806702823,7.900087878500051,5.998433514750218,7.461872541500156,8.338667479000037,8.45941524624999,9.139444191049932,5.724518013000306,9.32500451299984,2.842267457815702e-06,2.042884153992718e-06,2.877265021749258e-06,3.0144410748886706e-06,3.058091577827661e-06,3.197246694344112e-06,2.021171341401179e-06,3.2057808280229086e-06,30.170755665866515,22.277308008608756,28.414339487505156,30.77276820653536,33.534479671461206,36.1378487282578,19.39925722223797,37.43893569936936,0.0011079338190254058,0.0005540593475167325,0.0007987320845998273,0.0009114187525343378,0.0009531814150816649,0.0024283254815622717,0.00042695239965909843,0.003444820845860452,0.0019494366686086096,0.0011085340596446566,0.0015065562294907461,0.0016295188619488653,0.00179064578637441,0.00387367659640163,0.0008459757328951839,0.005172692976640319,0.0670765203509323,0.041695420555636915,0.05550329523775638,0.0563926701611553,0.06285177982047674,0.12303351423331771,0.032728631126631415,0.15994868852239247,0.27099737091379306,0.14943193022595114,0.20561159944975477,0.23437278021051217,0.2525887418563529,0.5229807748310605,0.10921537155301943,0.6780273050817053
jxl,60,61.528692799,47.996345695,59.2226675925,62.019557025,66.7616975225,71.36541803899999,40.59909571,73.9022366,31.8402064,26.8855611,31.178202,32.2330275,32.875591,35.63240675,24.157734,36.391109,0.8922673,0.81229805,0.8724474999999999,0.901984,0.9320705,0.9379784,0.784709,0.93899,4.04637389184,3.37310478687,3.766259431875,4.09078764915,4.251845121400001,4.66813423635,3.2919602394,4.7590055466,174694.6,120088.15,154755.0,162648.5,181070.75,259775.94999999984,103030,321025,0.06445732415805908,0.04101146123664252,0.05403303818992568,0.05666193099658742,0.06354722757696368,0.11072139566819628,0.03288079554738562,0.13950815255180085,7.405672658099968,5.740877032199887,6.95834814349999,7.758871784999883,8.026435334750005,8.427261755900082,5.5291210559998945,8.540162543000179,2.664713914811909e-06,1.952554786724789e-06,2.6654394417956042e-06,2.8048440428161994e-06,2.9015686761633136e-06,2.9753203440485505e-06,1.9147294641033107e-06,2.9779028016791716e-06,27.32412770615442,19.84172385602155,25.608509706608174,27.71366531117861,30.448130181101135,33.16259329289439,17.052129896425512,34.97558963408716,0.0011462954585730123,0.0005805615329333239,0.0008366718314353405,0.0009607806118323842,0.0010052402809564175,0.002448634096441588,0.0004449228745992462,0.0034362379287536317,0.002138949218215658,0.0011932767969378886,0.0016261883730621473,0.0017957779291308553,0.0019537507000321535,0.004301018145746726,0.0009035392559041171,0.005774885697135371,0.07378971756696766,0.045187614259439714,0.0602285879733963,0.06259065795682443,0.0690311412423244,0.1363195651915602,0.035017194589277434,0.1777832961668604,0.26907093843444857,0.14378165872911708,0.2029309045603028,0.2286822542494713,0.27501795678124924,0.5052516296396448,0.10824227158183401,0.6639200717899392
jxl,65,64.93384873800001,52.594112905,62.5731269075,65.26027372499999,70.16020861499999,73.825787213,45.78817516,75.95824328,32.3416755,27.4252969,31.74347525,32.8163555,33.214729000000005,36.10055945,24.700897,36.833186,0.9016711000000001,0.8270514,0.8837455,0.911394,0.9391185,0.94328535,0.805491,0.94386,3.6491506338299997,3.13258379701,3.47106528285,3.6712346076999998,3.832000017175,4.13003168109,3.1268100739,4.1922168732,197407.8,133939.05,174563.5,183660.5,204909.5,295680.2999999998,113037,367017,0.07288824022125855,0.04578542068272276,0.06018423318407839,0.06465009391132007,0.0714336970038753,0.12604776934710046,0.036074410232843135,0.15949494159365873,7.533249048999937,5.744161803599718,7.0491707854999675,7.908539777999977,8.108706512249995,8.785322161450027,5.499379178999789,9.11477362300002,2.7088565081254102e-06,1.9553783321104837e-06,2.7085246078160375e-06,2.909174248267435e-06,2.9313098329320648e-06,3.0113250558141158e-06,1.928660056359666e-06,3.020707589782347e-06,24.26959822342137,17.483350797016907,22.421153689381114,24.54015342969661,26.760465385497668,30.086117107622194,14.915276404090275,31.879251926360396,0.001208359953582898,0.0006254977774119051,0.000888572930449994,0.001033999316144076,0.0010755499513099612,0.0025135532667108352,0.00047492423040728244,0.0034833216444273498,0.0023795012860045495,0.001320426309141736,0.0017874139264359616,0.0020194532316343003,0.0021634207685223778,0.004797529774108147,0.00097939967052655,0.006457050591873596,0.08236630562129664,0.04960682566451729,0.06703910057778037,0.0709545566426483,0.07691990114277847,0.15181889180126812,0.038271865960709174,0.19800958867778629,0.2721615467333936,0.15080867232232045,0.20591139698249047,0.23436769717517728,0.2903703684246868,0.5012218604028882,0.11326068189503513,0.646596888486596
jxl,70,68.72755045,57.8020404195,66.41062861500001,68.986273705,73.4732116875,76.8231215175,51.64450119,78.59893494,32.9709968,28.07273885,32.526351500000004,33.303267,33.92499875,36.70285,25.319813,37.436872,0.911853,0.84305335,0.8969607500000001,0.9208215,0.9459375,0.94946845,0.827374,0.950413,3.23405408858,2.872128760785,3.16290295125,3.29574275015,3.364488661275,3.446785330755,2.6782815456,3.4486918449,223526.5,147787.7,195966.5,209368.0,233228.0,340786.3499999998,126977,421983,0.08253740166869876,0.05046692822997101,0.06870166258508842,0.07310880473133205,0.07936213308724117,0.1444431359511889,0.04052319495506536,0.18338157071339173,7.407227127399983,5.702601875400046,6.806992905999834,7.634038594999993,8.069216447749966,8.802541208750062,5.409205362000193,9.289726457000143,2.660012508273183e-06,1.9438436191853125e-06,2.643537541722351e-06,2.824279819974032e-06,2.9170341140862564e-06,2.951361585585551e-06,1.934358919909067e-06,2.9647053899229416e-06,21.50540642141234,15.295307105774556,20.32303787953398,21.775021665735736,23.607109077942408,26.53205271392766,12.972465715443514,28.379430920560416,0.0012746736342694556,0.0006629760288582882,0.0009505974905998847,0.0010948212115155362,0.0011605515330608352,0.002595538160741792,0.000515569262942297,0.0035508440683497235,0.0026424865117733645,0.0014358423446997255,0.001977033173664412,0.002234408283355015,0.0023633695732232325,0.005369786255732224,0.0010824407272879357,0.007242611575108858,0.09199640201968864,0.05606429904172247,0.07304418339821807,0.07939473450921433,0.0857219156747343,0.17006829179626706,0.04278249577441652,0.22164289754499383,0.2718300525143826,0.14846780801417503,0.2209431192204256,0.23635882071327702,0.2670258177065528,0.49795521584072366,0.10853252521690257,0.6324265274242267
jxl,75,72.62233843300001,63.3243879435,70.395144065,72.81393155,76.5513063925,79.82379203549999,57.88908588,81.18709134,33.6931109,28.8315391,33.4290745,33.800691,34.859624000000004,37.32807495,26.015575,37.996698,0.9225346999999999,0.8589075,0.91194975,0.9305455,0.9511485,0.95719625,0.849507,0.95831,2.78361439705,2.49845123294,2.6856944561250002,2.84970653055,2.916889250275,2.93327367304,2.4735667706,2.9399073124,264758.2,171173.15,229666.0,250323.0,277339.25,406071.6999999998,146438,496150,0.0977114340173077,0.05846736482779875,0.08155509952702043,0.08700763491237203,0.09442862310392447,0.1705710097691558,0.04673394097222222,0.215612397441246,7.453318478799997,5.79069271259998,7.197244600499971,7.662903990500013,7.98189539400002,8.634102195250028,5.412076667999827,8.916042322000067,2.6814932673351323e-06,1.97413137122388e-06,2.667004772470506e-06,2.8271130094262825e-06,2.8854674193128654e-06,3.0455619776125972e-06,1.9564740109317436e-06,3.1333286999373336e-06,18.195873827851777,12.909981026923713,17.13395472863965,18.436730881830936,20.017556701389154,22.74515742464405,11.033276226947496,24.6079228069217,0.0014081203383360043,0.000741236623317992,0.001064699077506167,0.0012267379910097828,0.0013298135107807575,0.0027741511567687858,0.0005756326553997004,0.003724577684439435,0.003055100379785525,0.0016446842761424771,0.0022723232886367874,0.002596265914122746,0.0027813776769366025,0.006169051403983094,0.0012299474278586581,0.008287819794152003,0.10732794798277356,0.06466289941887145,0.08566027126197683,0.09349788176236332,0.10247541890390999,0.19620402875915252,0.049128462220867294,0.25380885318337104,0.2757993735841023,0.15180789974996473,0.20952244171443532,0.24792595276201954,0.2754381945497486,0.49971482070958484,0.11818385454612194,0.6307020308012359
jxl,80,76.828670706,68.84634072,75.13692492,77.18004653,80.11220469,82.857942533,64.33367781,83.82951983,34.6415157,29.743996999999997,34.39681575,34.758346,36.07905125,38.14185525,26.85119,38.80734,0.9341322,0.875921,0.92885925,0.9414065,0.95899875,0.96472185,0.871763,0.966075,2.31773445607,2.07466959955,2.274777114425,2.3127143383,2.404278695575,2.538954102995,2.0556538105,2.627260685,324774.9,205953.2,278314.25,310379.0,341339.25,499327.24999999977,175067,598226,0.1197264689850337,0.07037335327579133,0.09977283017742496,0.10741999971079877,0.11918450860305867,0.20716070304894996,0.05587054483251634,0.25997166597135307,7.538250688299991,5.745032742100148,7.285964422999939,7.848677067499921,8.07684379549994,8.6950108957,5.364693364000232,8.989789513000005,2.713971368965634e-06,1.9584555098660508e-06,2.698345834969269e-06,2.8650017054639405e-06,2.919791411988815e-06,3.1149438651460897e-06,1.939344873908349e-06,3.249800174262973e-06,14.852593237963983,10.574769696594885,13.895007118405712,14.803668948460295,16.17284789599154,18.933200526269474,9.150655437911425,20.58374793650431,0.0016124075758019104,0.0008582250641121772,0.0012354589656299393,0.0014164773238978892,0.0015848227141127933,0.003071988575211357,0.0006664781683805136,0.004040988714171463,0.0036327782794786287,0.0019461690046665312,0.002692246930205474,0.0031020245690649515,0.003409225627718572,0.007253462417990408,0.001439690141929757,0.009681942065560337,0.12951019925464263,0.07712355123212383,0.10368834303273967,0.11409909517112002,0.12725847062601808,0.23283028500969305,0.058407656620811134,0.2982136956619552,0.2841996001305331,0.1556555011980852,0.21051321321881664,0.24802975773402675,0.2866231706296318,0.5316714183086572,0.11721143725665929,0.6830133372204883
jxl,85,81.012723552,74.5338793965,79.944627115,81.288662245,83.446721275,85.738072653,70.52534016,86.50826694,35.7880719,30.88425135,35.22886775,36.1260375,37.507167,39.0197867,27.85395,39.565355,0.9460112,0.89312795,0.948427,0.9515450000000001,0.96701075,0.9720045,0.892988,0.973566,1.75847220421,1.64311287403,1.686380326725,1.7619796395499998,1.8185393512,1.880604505545,1.6369307041,1.9081025124,415172.4,259321.45,349604.25,389704.5,445409.25,643388.5999999997,217768,745202,0.15279964470889051,0.08867112827339638,0.12625666123058737,0.1351283691942854,0.16022422499719835,0.261930472552496,0.06949805964052287,0.32384317202058127,7.41020326309997,5.812557517349933,7.3394796839999685,7.704020527500063,7.874280489,8.21051366044997,5.378307650999886,8.373114391999934,2.6743759220206522e-06,1.9803224480174675e-06,2.491304720929679e-06,2.8128637238634014e-06,2.8849890937698924e-06,3.168290986922488e-06,1.9442664595262473e-06,3.338460768669231e-06,11.645130424384117,8.283526320832582,10.7824953007683,11.503255280469478,12.593596889241146,15.083266914030029,7.345874004632301,16.54758734065611,0.0019333087054991607,0.0010436983970934842,0.0015017488024640575,0.001686086888040356,0.0020011723629145615,0.003569030522773771,0.0008033689969621633,0.00459186969231034,0.004472967665057256,0.0024068503976576823,0.003304015050305226,0.0037653364350959495,0.004402293409550442,0.008817852169007403,0.0017565382552620311,0.011626472081000407,0.16278214977054378,0.09623723476571466,0.1301896804713551,0.14204081732769136,0.1679501461666243,0.28778624625277643,0.07229876936831257,0.3626512025028122,0.272833826831682,0.15195290369720044,0.20943954650522098,0.2430506632183964,0.2871399312078614,0.4921957965442489,0.1137635077009449,0.6179259701560565
jxl,90,85.384437507,80.3481622785,84.8654167175,85.709327465,87.3407996325,88.64011102250001,77.09988276,89.20378019,37.3260041,32.2283213,36.636058000000006,37.7822495,39.32670075,40.38702195,29.183939,40.892547,0.9584917000000001,0.91119935,0.9597715,0.9672510000000001,0.9755575000000001,0.9796461000000001,0.908813,0.981051,1.27316883801,1.209049582505,1.2296106815,1.26084864135,1.3186663389,1.349374514815,1.2021380663,1.3710235357,566792.1,364418.6,476432.25,512723.0,617731.25,883563.7499999998,301514,979263,0.2082015882632336,0.12471263537102711,0.17174060474461725,0.1783505769564463,0.2314188113309944,0.3517158831351688,0.09622459660947713,0.42555929286608263,7.638796552199961,5.910683450299939,7.3295260082499,8.06250058300003,8.310108398999887,8.50826528364999,5.512002865999875,8.556525534999992,2.7509748248534913e-06,2.0147532546671886e-06,2.7050435887554857e-06,2.9146063186853024e-06,3.0041169236942158e-06,3.1306171611184623e-06,1.99259748467229e-06,3.1415023614587157e-06,8.513865656783535,6.097359536743586,7.487997483569435,8.7438012213213,9.307648060174543,10.806676523484485,5.5900815204904095,11.951468256863695,0.002477560287628724,0.001412559514767693,0.0019648482939314945,0.0021082338257528512,0.002716427601004153,0.004410950541897226,0.0010787053688142262,0.005519584176162535,0.005819127931899832,0.003222335738685402,0.004438632652024499,0.004766324096552975,0.0060143211230155955,0.01125226204350859,0.0023531084187413693,0.014581968968139724,0.21841493697601194,0.13309901833718102,0.17658599750165918,0.18564611036957546,0.2381078633047972,0.3778157290255879,0.09937990871105307,0.4655418927861263,0.2677977422992095,0.1570733493706144,0.21328677730092585,0.22865237254093126,0.29922299786371936,0.4677269592792111,0.11798810969470468,0.5834518063552484
jxl,95,89.80306781300001,86.5134061375,89.22163466500001,90.18720337,91.2896228175,91.6562204815,84.65177686,91.65869716,39.7719054,34.227119300000005,39.296184000000004,40.123907,42.281636,42.6279812,31.3439,42.76328,0.972052,0.93578565,0.97020025,0.9787125,0.9866905,0.98842665,0.933033,0.988869,0.8066111207000001,0.75746450426,0.786925166875,0.7943434417,0.816180422925,0.8851981997199999,0.7566676736,0.9261037111,882099.9,603907.45,751100.0,810426.5,951889.75,1317273.4999999998,494359,1423712,0.3231686073345258,0.206794951840088,0.26956465500101223,0.2839466206836717,0.35876580919632783,0.5212630836288414,0.15776877808415032,0.6187039354748992,7.423889735300054,5.859457582350115,6.734040881000055,7.773906603499995,8.02474974600014,8.534827530250022,5.536892262000038,8.676653937999959,2.6827480111622313e-06,1.998405052904521e-06,2.2615650958690975e-06,2.8376480486147345e-06,2.9927300919298814e-06,3.1864905510690294e-06,1.9957950638915085e-06,3.209812960784315e-06,5.3925846128506905,4.07997428198489,4.810617130692416,5.503794094635566,5.753090708620549,6.739103858550145,3.8449911217999144,7.289307972546267,0.003624166615149079,0.0022995749302660465,0.0030203167819936234,0.003097963004885931,0.003987665637301017,0.006021068572004532,0.0017232779798904425,0.007308812152852184,0.008422257855447483,0.004917551339481557,0.0066485128875105205,0.007062126099013794,0.008667954394093364,0.015472327827631293,0.0036893516606806196,0.019739213546332752,0.3335994850728339,0.21240163354424096,0.2761619070836611,0.29294099931456774,0.3652931240386473,0.5467868048874763,0.1616039633421871,0.6587913916572424,0.2649736603127687,0.16034628214329794,0.22348550621825902,0.2253279510342305,0.2861040537343168,0.457509289370402,0.11937853427964869,0.5729840107154791
webp,50,58.148370639999996,51.3056434295,55.2003293775,58.97446367,60.3955831775,63.7816161445,50.74912469,64.11785596,32.7885614,29.0038452,32.4318325,32.793184,33.985203750000004,35.790114249999995,27.00114,37.021537,0.9084901000000001,0.871765,0.88917975,0.909072,0.9320010000000001,0.9375132,0.868705,0.939504,4.6689934969,3.786261355905,4.1211988926,4.45286011695,5.052118182175,5.990297675134999,3.6735391617,6.4095258713,221068.0,112206.6,165317.0,206949.0,230308.0,397622.6999999997,85968,519570,0.08236609639655657,0.03855981178422697,0.059762348892359304,0.07132545836134971,0.08184394701833536,0.16519151282853553,0.027435661764705882,0.2257900500625782,0.8254331180000036,0.6236849856499816,0.7075407634999635,0.7732700884999844,0.9044264060001126,1.1258319908000145,0.5851736539999877,1.1797793570000294,2.997963640147148e-07,2.118285886192137e-07,2.557770705000157e-07,2.8607964191128447e-07,3.1526101633173803e-07,4.341978074504951e-07,1.867511916615565e-07,5.12697884942997e-07,23.7420965944523,14.467904604909538,21.042769433407045,22.41314272006936,24.815785664890143,35.91244413948695,10.535943183786593,41.91716685278243,0.0014644873680273785,0.0006336929036415439,0.0010800486974419914,0.0012638302325844036,0.0013481771156343076,0.003125419176145412,0.00042789424808311824,0.004449141762381364,0.002646305656930601,0.001094735627232803,0.0018129907545725642,0.0021647105754153606,0.0024909002123151038,0.005903045296728035,0.0007410730074417462,0.008362241374348572,0.09143252083296018,0.04307871019767142,0.06543799103574618,0.07736143054246515,0.08937061819535375,0.18724786288011902,0.02920228308203678,0.25789692813014,0.38105155719594097,0.21499843284841,0.2831088847538834,0.29470550006020807,0.30940414776173536,0.8346078914248822,0.17584958387711855,1.1486441324804013
webp,55,60.406500882,53.7599262525,56.78677886,61.58465299,63.177418797499996,65.609625054,53.54559384,65.66356281,33.1243788,29.3025326,32.76817175,33.1329705,34.29403775,36.145619149999995,27.30389,37.33466,0.9136393999999999,0.878359,0.896013,0.9127715000000001,0.936674,0.9411773499999999,0.873661,0.942193,4.6396638155000005,3.76746300462,3.916318178175,4.40819358825,5.12628293035,6.064484930039999,3.7168951035,6.5903596878,237064.2,120111.8,175764.0,222721.0,245196.0,427816.1999999997,92174,555780,0.08830616529615283,0.04127295450006146,0.06353895540517092,0.07636762525576234,0.08808015912393719,0.17685760846891932,0.02941623263888889,0.2415258656654151,0.856658330500025,0.5965951585500022,0.7197142712500408,0.8154328525000096,1.0111455230000033,1.178813774400038,0.5678275950000113,1.2316636680000101,3.110592908590289e-07,2.0243973610063376e-07,2.601778122108135e-07,2.9478022604691194e-07,3.4622531424249616e-07,4.5440034833989705e-07,1.8121540383731979e-07,5.352453014184441e-07,22.147551725522035,13.497016859941777,19.565838124187415,20.88892934719408,23.347432763345758,33.528169038128226,9.849508798445427,39.094918306680846,0.0015021159383853664,0.0006603621448426603,0.0011025457272781558,0.0012933325192357168,0.0014152616027461422,0.003165334435180753,0.0004479841083860446,0.004470889008230054,0.00280699281633348,0.0011626114648365404,0.0019101159363838808,0.0022886222758203706,0.002653311795971602,0.006251822689585414,0.0007879068039963104,0.008845840855109477,0.09737622360768156,0.0458944062238059,0.06927992093143326,0.08245490746135299,0.09639309383890432,0.19871658065498932,0.031221026518864915,0.27318809238471065,0.41238836547310964,0.2321435725838675,0.28487951149355084,0.29677202507873,0.33997793123400866,0.947696212192638,0.19386355375027997,1.3094926484210732
webp,60,62.653294042000006,55.8531827635,59.717275622500004,64.22350277,65.5203381825,67.07496400650001,55.70243356,67.11751377,33.4276641,29.56766275,33.11430625,33.4024205,34.593143000000005,36.44421929999999,27.533017,37.625409,0.9183992999999999,0.88413265,0.9025055,0.917914,0.940274,0.9437449,0.879436,0.94387,4.3426891326899995,3.4230962157100002,3.7168112993499998,4.0203858614,5.134940624225,5.5612064838399995,3.2856419086,5.7198143005,252060.8,127497.9,188848.0,238473.0,259621.5,453107.49999999965,96726,584422,0.09384284102025962,0.04383697981059127,0.06826884145988779,0.08142745771335821,0.0932932964737333,0.18680344875538854,0.030868949142156862,0.25397284800445,0.8825396924000046,0.6519091332499883,0.7569761499999856,0.8344116764999825,0.976290580000061,1.2244530370000062,0.6383619259999875,1.3032559929999934,3.206343709060051e-07,2.2079237963382439e-07,2.73648038492678e-07,3.1194293192202736e-07,3.307575228917807e-07,4.735108357122714e-07,2.0372559423508589e-07,5.663572490787066e-07,20.81109772305343,12.699940081154683,18.502989536464476,19.590110628165284,21.72375958665952,31.725977757604888,9.366793173426052,37.25508136385253,0.001539136124840188,0.0006810247334163892,0.0011295620752726915,0.001325573445322612,0.001447650914551438,0.003240486225775713,0.00046057276077449485,0.0045594569531846865,0.002954699462134335,0.0012256811350282325,0.002032231743136214,0.0024135152635026535,0.0027987661517025362,0.0065433139328966985,0.0008204282680928961,0.009224301427063007,0.10289619966644847,0.04852879471857195,0.0740373263362144,0.08752507409302343,0.10258273736515139,0.20851901545267726,0.03270466180952553,0.28540347668088595,0.4078720226848017,0.2171647063360781,0.2824418956971133,0.30668143043062457,0.34212777647283144,0.9220908412722613,0.1656845309091025,1.1865135346790583
webp,65,64.55013042,57.942205015,61.330142574999996,66.08022808999999,67.24727014999999,69.029263974,57.36345241,69.34866906,33.727727300000005,29.833683750000002,33.37509275,33.736249,34.8808475,36.73932385,27.739035,37.912486,0.9228107,0.8896494500000001,0.9088495,0.922317,0.94318275,0.94701475,0.885707,0.948124,4.1433150768099996,3.2548262834400004,3.63860726355,3.84121656415,4.4708074331,5.5488006591599985,3.2033834457,6.041015625,269410.8,136629.3,202603.0,255185.0,278662.0,481725.5999999997,103494,616362,0.10022096197403833,0.04698030116014879,0.07324129504309099,0.08719892570782001,0.10102132514487173,0.1977246897163119,0.0330288756127451,0.2678530454735086,0.9036621952999951,0.6696470206499981,0.7712917702500448,0.8452912679999827,1.0121443317499512,1.242077705699995,0.610609667999995,1.3288664489999746,3.283945034190221e-07,2.2785127804969415e-07,2.8022871433788743e-07,3.1920876279715194e-07,3.340202894167283e-07,4.807614978388887e-07,1.948687921262239e-07,5.774868103358255e-07,19.4266175197644,11.940729460518597,17.121758280087736,18.29353052393224,20.26168330308753,29.623553571831252,8.881404109922416,34.81878176512648,0.001594062794924749,0.0007076197571915291,0.0011676911550411373,0.0013845109404056724,0.001513290390608496,0.0033306099451823135,0.0004811977646250792,0.004669402454354622,0.0031258397404027964,0.0013035828620524055,0.0021647804170533023,0.0025581486177166006,0.003001663328413353,0.006866920661492861,0.0008711872814867666,0.009656177494044352,0.10932423566838718,0.05174243590960503,0.07910564185006516,0.09335100938939789,0.11033094071727542,0.21952904159927916,0.03492683473931417,0.2994551459342409,0.4305769654987862,0.20685182231766447,0.2781746982280122,0.32278257622775575,0.33854512878266724,1.0333186007015494,0.148999295072122,1.3251238159584497
webp,70,66.157797611,59.4219151465,63.2934177325,68.04704437500001,68.774202615,70.327163748,59.3195875,70.72494159,34.0378601,30.1489294,33.697639,34.0813355,35.126396,37.0073348,27.99571,38.149613,0.9268133000000001,0.8941677,0.915561,0.9261809999999999,0.945757,0.94950855,0.889881,0.951399,4.05336935519,3.06785684821,3.4361822605250003,4.000418663,4.54089272025,5.23091087338,3.04560256,5.3457832336,287293.0,145394.4,216135.5,271899.0,295444.0,515677.69999999966,109920,655382,0.10686901199054435,0.0499991730652438,0.07813331453525363,0.09209074185537047,0.10914564987130546,0.2110330030593796,0.0350796568627451,0.2848100055625087,0.9451557596000015,0.6660290114000006,0.8248736172499775,0.9201914624999858,1.0554252582499686,1.2610483773500787,0.5759216360000039,1.313483852000104,3.436679418605973e-07,2.2735158995773605e-07,2.9819307697451325e-07,3.327003738490606e-07,3.799316727626411e-07,4.863336099038933e-07,1.8379852047589993e-07,5.708019799054825e-07,18.23086820110449,11.133298396988332,16.059665029216173,17.321869706039138,19.018271806995763,27.859034623799996,8.352624881366898,32.78325145560407,0.0016543386343737987,0.000738653202827516,0.0012095878372980547,0.0014302909617833206,0.0015980740160628322,0.0034374831141527453,0.0005022789116513613,0.004801280952307848,0.003301356565038905,0.0013790684559370206,0.002288249925869833,0.002674457089672487,0.0032097226580578083,0.007254474218838132,0.0009195285116717985,0.010173344614675202,0.11602319905612449,0.054874373998107254,0.08404134197284134,0.09831530663756202,0.1184098365124075,0.232952633886924,0.037035188907435505,0.316664208264455,0.45048546751777907,0.21349890856133624,0.31340108468411565,0.3217808500794862,0.3513235842019447,1.0881494924815776,0.1563524650602022,1.4498285579348336
webp,75,68.101822934,61.232975235,65.3936827425,70.07051501,70.9793508225,71.785393483,60.53615514,72.30481321,34.3863153,30.3817884,34.05272375,34.434762,35.51183075,37.348418349999996,28.143519,38.437381,0.9313964,0.90009695,0.9218635,0.9313845000000001,0.9491065,0.9523961,0.897743,0.955007,3.71009743213,2.881219911595,3.0474438071,3.44934403895,4.080332577225,5.095133042319999,2.8564538956,5.4074234962,307014.6,156358.9,232549.0,292721.0,317708.5,543354.9999999997,117118,681568,0.1140449334992933,0.05379514391601958,0.08406681994331655,0.09941172686119064,0.11798408274860461,0.22145138367403683,0.03737681270424836,0.2961896815463774,0.9648172297999906,0.6565298418999646,0.811210761749976,0.909000019500013,1.079536535999992,1.364236339499996,0.6037353549999693,1.468653164999978,3.5127048264139187e-07,2.2326956865537052e-07,2.941432115434576e-07,3.4033774533810486e-07,3.690136153018193e-07,5.286217625089194e-07,1.9267493712979004e-07,6.382340621088765e-07,16.977584683904592,10.492200290016772,14.901881495313244,16.046564793390015,17.683415291571414,26.002018085847165,8.031715103995493,30.768413053501597,0.001715966670133539,0.0007719127274909961,0.0012557561186583338,0.0014969071407578667,0.0016751519946910172,0.0035260615797023756,0.0005253201022537515,0.004892773266841761,0.003485859938320552,0.0014706003662101129,0.002437616846481821,0.002849210237022088,0.003432795371006452,0.0075562036842559644,0.0009724078938741524,0.010524258943822107,0.12318331392237913,0.0586886616108845,0.09001484621391434,0.10565164284777596,0.1271532916454245,0.24335199114761408,0.03939057718149809,0.32801573638485426,0.4550984207544233,0.21033819716885704,0.29387742111402565,0.3177897114316256,0.3388198957997569,1.1568509985153455,0.14662132661746477,1.601623043325877
webp,80,72.864902492,66.26229556,69.95962066999999,74.51466687,75.4396629525,76.95316661849999,65.36806357,77.26928328,35.441164300000004,31.1973912,35.0387925,35.735714,36.660262,38.309415249999994,28.750887,39.332812,0.9430088,0.9139396000000001,0.9393395,0.943918,0.9556905,0.9619397000000001,0.911884,0.964709,3.45113492013,2.353227400815,2.7634081840249998,3.4643727541000002,3.6891865134499997,4.949159836784999,2.2821555138,5.1834816933,379949.8,193511.6,287034.0,363814.0,395952.5,667316.3999999997,142730,808656,0.1407838419318588,0.06662914478452701,0.10376323095609925,0.12349025098147666,0.15344551064802764,0.26647756831455965,0.045550577001633986,0.35141843971631204,1.0709446908999696,0.7290488673500277,0.8762819187498962,1.0895824949999735,1.190885903249928,1.4452850748999821,0.6645400160000463,1.4719436499999574,3.889052817380899e-07,2.4806856477792046e-07,3.1677725676365617e-07,3.822175965107175e-07,4.5345094510479636e-07,5.545801780867557e-07,2.1208001940360955e-07,6.139194705187094e-07,13.686847420331267,8.582102420793985,11.476248778114066,12.919255283152527,14.394745886123722,21.14442223666472,6.7694545022852735,25.24721502136902,0.001972101884167439,0.0008971958056553239,0.0014257531373522423,0.0017427905678139733,0.002023545254890938,0.003941523953091681,0.0006080285452375238,0.005375995868991779,0.004170770471515368,0.0017794062565891383,0.0029301091902840535,0.0034130096670692877,0.0042956570792109395,0.008863634368996905,0.0011580808664692977,0.012222872974886377,0.14999507319564695,0.07184354865254174,0.10994780088823493,0.12998675550100977,0.16208198341385793,0.28844790359994904,0.04772667473623251,0.38345536887508785,0.5148754453328429,0.2309364969857295,0.32216259291603877,0.34729832916493997,0.4420632816148368,1.280637682223927,0.15897893161983698,1.638582112939929
webp,85,77.595394144,71.23678272400001,75.208731715,78.88862455,79.95585803499999,81.543343001,69.68057251,81.62830022,36.6253512,32.11004205,36.03644225,37.207929,37.989451249999995,39.47785295,29.30445,40.354619,0.9544013,0.9280668000000001,0.9499467500000001,0.9591259999999999,0.96326525,0.97117045,0.927633,0.973258,2.85278289318,1.907760977755,2.2097135186,2.6266978978999997,2.987695276775,4.57241020202,1.8792233467,4.6195964813,478057.0,251029.6,366706.5,452034.0,514449.0,815264.9999999997,182140,957798,0.17668352395616818,0.08650374075007952,0.13256496182543814,0.15443582997588784,0.19738164863451835,0.3247165128285355,0.05812780841503268,0.41623122653316647,1.1842455612999827,0.8640898997500444,1.0211199867498948,1.1794244989999356,1.3155879637499694,1.5547088746000268,0.7988258260000407,1.5890038480000612,4.2928039239782086e-07,2.937572585652855e-07,3.6913644034859407e-07,4.166966105997247e-07,4.917572723884825e-07,5.921728932041795e-07,2.549357338899231e-07,6.574158653177519e-07,10.753708486928335,6.856378271902157,8.9345720230983,10.329121302407337,11.268647410065665,16.41528229015693,5.7153596060964835,19.78442406939717,0.0023165023796922674,0.0010987346706756293,0.0017202632158286933,0.0020197574034067686,0.0024546134289133827,0.0044909760002879795,0.0007370470607787402,0.00597341858052949,0.005058245670576692,0.0022511804900584324,0.003620940359985678,0.0041117768957744955,0.005297340630674332,0.010507350324256119,0.0014404251571556823,0.014203686693767209,0.1857896807126077,0.0920887063944964,0.13903002818560997,0.16091130862881933,0.20518372658633158,0.3463668870088038,0.0605472145617038,0.4482366694412823,0.5529298181591328,0.22851112553063435,0.3219204459986623,0.34850735994091253,0.43907167080780163,1.4760543232046244,0.16491030475011295,1.8791749697214637
webp,90,82.134497146,75.18461680099999,79.64456132,83.94225223000001,84.9138554075,85.6251492515,72.93571103,85.64347871,38.2215895,32.9512845,37.45692975,38.875637499999996,40.052018000000004,41.22827845,29.788032,41.87014,0.9659017000000001,0.9406388,0.9603915000000001,0.9712215,0.9757739999999999,0.9801182,0.937334,0.981866,2.45772564413,1.463324862755,1.6547552644999999,2.0068407059,2.920174539125,4.428993058214999,1.4415572882,4.5875358582,640223.2,358068.4,499193.5,607756.0,704365.0,1033391.6999999997,264634,1150992,0.23537811742288942,0.12327632877796213,0.18045921539707327,0.2111822817253745,0.27216470817562827,0.4055319305381725,0.08445478451797385,0.5001877346683354,1.3264812371999768,0.9707965812999305,1.18874726224999,1.2892978784999798,1.4786407534999455,1.740790698600017,0.8569083429999864,1.7980687560000206,4.800345719515744e-07,3.309785704620747e-07,4.297339573753506e-07,4.728696786974376e-07,5.155479861270551e-07,6.575653748650173e-07,2.7347207637611904e-07,7.260743394520984e-07,7.826715921177643,5.342667930310667,6.489922843798538,7.557456662042162,8.324862979551385,11.41746406434585,4.75603653196547,13.617052230627962,0.0029123694854472117,0.0014710052478772396,0.0022116326481261142,0.002598664452197112,0.0031923220900822846,0.005324348762080569,0.0010091103668417355,0.006857926351915561,0.006444469846475696,0.003088319212700019,0.0047044025553342516,0.005340026044790138,0.006887460806334995,0.01275380032610114,0.0020170647749917685,0.016791566984631124,0.2444118456105291,0.1292508915771695,0.187206366943766,0.2176976783409803,0.278532780095889,0.42751173188867203,0.08713748630896805,0.5336280713900653,0.6416245872192043,0.2513495826041902,0.33600105387309515,0.3650779301501716,0.5752404713907808,1.7634686281336942,0.20336226779840652,2.1184043597951
webp,95,85.601043856,77.4522508175,83.35800858500001,87.74314729,88.8873025025,89.293200139,75.00714803,89.3944,40.0735994,33.51930875,39.07333775,40.945176000000004,42.71078375,43.42037715,30.103883,43.68024,0.9750783000000001,0.95189665,0.967981,0.9799665,0.9861672499999999,0.9879145,0.94342,0.988693,2.12371387482,1.0222531318799999,1.164093136775,1.5760050416,2.74519255755,4.351196455965,0.9690132141,4.4761180878,920795.6,559538.4,763747.5,896479.0,1005038.5,1364539.6999999997,414480,1442540,0.33659500993379293,0.19261664524770084,0.2760958918965817,0.3098642782034458,0.3884620278789982,0.5270607010118984,0.13227634803921567,0.6268860381031846,1.5325364028000024,1.1376434599999896,1.3876866907499021,1.5353111264999768,1.6494461615000091,1.9440919079000762,0.9663526429999933,2.061908180000046,5.530152928532106e-07,3.8874393122311535e-07,5.016508657057602e-07,5.598152868153256e-07,6.105646700942111e-07,6.982268012356517e-07,3.083999192580657e-07,7.311123105270422e-07,5.273260492322154,4.059563076057907,4.499689273146197,5.151239183488316,5.433540573261802,7.260106465213558,3.794806383185215,8.694110692916425,0.003989482970974026,0.0022141738790400073,0.0032827338216712123,0.0036432444176940698,0.004393097013584847,0.006664141693932181,0.0015116385519924151,0.008357683961699945,0.008768793048883504,0.004653856982292736,0.006900690686135538,0.00743532886285354,0.009267129895197325,0.01611369248137651,0.003028288032282233,0.020824092297435003,0.34606630725143867,0.19840940791401696,0.28502233721354325,0.3167631112472991,0.3948710215878676,0.5501750514988126,0.13530792203235048,0.6644824554314988,0.8018856378270856,0.27969513944597585,0.3717521840161494,0.39882796696432055,0.7989998070665802,2.300368838332769,0.2369533158359145,2.8060159341429443
